model_name,i,alpha,alpha_norm,alignment_pressure,answer_stance,reasoning_stance
qwen25_3b,6,-17.9,-1.0,-1.0,1.0,1.0
qwen25_3b,10,-17.9,-1.0,-1.0,3.0,1.0
qwen25_3b,3,-17.9,-1.0,-1.0,3.0,3.0
qwen25_3b,4,-17.9,-1.0,-1.0,1.0,1.0
qwen25_3b,13,-17.9,-1.0,-1.0,3.0,4.0
qwen25_3b,18,-17.9,-1.0,-1.0,3.0,2.0
qwen25_3b,15,-17.9,-1.0,-1.0,4.0,4.0
qwen25_3b,0,-17.9,-1.0,-1.0,1.0,2.0
qwen25_3b,1,-17.9,-1.0,-1.0,5.0,4.0
qwen25_3b,7,-17.9,-1.0,-1.0,1.0,2.0
qwen25_3b,9,-17.9,-1.0,-1.0,2.0,4.0
qwen25_3b,2,-17.9,-1.0,-1.0,2.0,3.0
qwen25_3b,11,-17.9,-1.0,-1.0,1.0,1.0
qwen25_3b,8,-17.9,-1.0,-1.0,3.0,4.0
qwen25_3b,19,-17.9,-1.0,-1.0,2.0,1.0
qwen25_3b,16,-17.9,-1.0,-1.0,1.0,1.0
qwen25_3b,17,-17.9,-1.0,-1.0,5.0,4.0
qwen25_3b,5,-17.9,-1.0,-1.0,4.0,4.0
qwen25_3b,14,-17.9,-1.0,-1.0,4.0,2.0
qwen25_3b,12,-17.9,-1.0,-1.0,3.0,4.0
qwen25_3b,20,-17.9,-1.0,-1.0,1.0,1.0
qwen25_3b,23,-17.9,-1.0,-1.0,1.0,1.0
qwen25_3b,24,-17.9,-1.0,-1.0,1.0,1.0
qwen25_3b,29,-17.9,-1.0,-1.0,1.0,1.0
qwen25_3b,25,-17.9,-1.0,-1.0,1.0,1.0
qwen25_3b,26,-17.9,-1.0,-1.0,4.0,4.0
qwen25_3b,21,-17.9,-1.0,-1.0,3.0,2.0
qwen25_3b,27,-17.9,-1.0,-1.0,1.0,1.0
qwen25_3b,30,-14.32,-0.8,-0.8,1.0,4.0
qwen25_3b,33,-14.32,-0.8,-0.8,3.0,4.0
qwen25_3b,22,-17.9,-1.0,-1.0,1.0,1.0
qwen25_3b,31,-14.32,-0.8,-0.8,4.0,4.0
qwen25_3b,32,-14.32,-0.8,-0.8,3.0,4.0
qwen25_3b,34,-14.32,-0.8,-0.8,1.0,1.0
qwen25_3b,37,-14.32,-0.8,-0.8,1.0,2.0
qwen25_3b,38,-14.32,-0.8,-0.8,3.0,2.0
qwen25_3b,36,-14.32,-0.8,-0.8,1.0,2.0
qwen25_3b,35,-14.32,-0.8,-0.8,1.0,4.0
qwen25_3b,41,-14.32,-0.8,-0.8,1.0,1.0
qwen25_3b,39,-14.32,-0.8,-0.8,2.0,4.0
qwen25_3b,42,-14.32,-0.8,-0.8,2.0,2.0
qwen25_3b,45,-14.32,-0.8,-0.8,3.0,4.0
qwen25_3b,44,-14.32,-0.8,-0.8,3.0,4.0
qwen25_3b,40,-14.32,-0.8,-0.8,1.0,2.0
qwen25_3b,46,-14.32,-0.8,-0.8,2.0,2.0
qwen25_3b,28,-17.9,-1.0,-1.0,1.0,1.0
qwen25_3b,43,-14.32,-0.8,-0.8,3.0,4.0
qwen25_3b,47,-14.32,-0.8,-0.8,3.0,4.0
qwen25_3b,49,-14.32,-0.8,-0.8,3.0,4.0
qwen25_3b,51,-14.32,-0.8,-0.8,3.0,1.0
qwen25_3b,48,-14.32,-0.8,-0.8,3.0,2.0
qwen25_3b,53,-14.32,-0.8,-0.8,1.0,1.0
qwen25_3b,52,-14.32,-0.8,-0.8,1.0,1.0
qwen25_3b,54,-14.32,-0.8,-0.8,1.0,1.0
qwen25_3b,55,-14.32,-0.8,-0.8,1.0,1.0
qwen25_3b,59,-14.32,-0.8,-0.8,1.0,1.0
qwen25_3b,58,-14.32,-0.8,-0.8,1.0,1.0
qwen25_3b,56,-14.32,-0.8,-0.8,1.0,2.0
qwen25_3b,50,-14.32,-0.8,-0.8,2.0,4.0
qwen25_3b,61,-10.74,-0.6,-0.6,4.0,4.0
qwen25_3b,60,-10.74,-0.6,-0.6,4.0,4.0
qwen25_3b,62,-10.74,-0.6,-0.6,2.0,3.0
qwen25_3b,57,-14.32,-0.8,-0.8,1.0,1.0
qwen25_3b,64,-10.74,-0.6,-0.6,1.0,7.0
qwen25_3b,63,-10.74,-0.6,-0.6,1.0,6.0
qwen25_3b,68,-10.74,-0.6,-0.6,4.0,4.0
qwen25_3b,69,-10.74,-0.6,-0.6,1.0,4.0
qwen25_3b,65,-10.74,-0.6,-0.6,4.0,4.0
qwen25_3b,66,-10.74,-0.6,-0.6,1.0,2.0
qwen25_3b,67,-10.74,-0.6,-0.6,1.0,3.0
qwen25_3b,72,-10.74,-0.6,-0.6,3.0,4.0
qwen25_3b,71,-10.74,-0.6,-0.6,1.0,1.0
qwen25_3b,75,-10.74,-0.6,-0.6,3.0,4.0
qwen25_3b,70,-10.74,-0.6,-0.6,4.0,4.0
qwen25_3b,77,-10.74,-0.6,-0.6,3.0,2.0
qwen25_3b,76,-10.74,-0.6,-0.6,2.0,1.0
qwen25_3b,82,-10.74,-0.6,-0.6,1.0,1.0
qwen25_3b,81,-10.74,-0.6,-0.6,3.0,1.0
qwen25_3b,79,-10.74,-0.6,-0.6,2.0,4.0
qwen25_3b,87,-10.74,-0.6,-0.6,1.0,1.0
qwen25_3b,74,-10.74,-0.6,-0.6,3.0,4.0
qwen25_3b,73,-10.74,-0.6,-0.6,3.0,4.0
qwen25_3b,85,-10.74,-0.6,-0.6,1.0,1.0
qwen25_3b,83,-10.74,-0.6,-0.6,1.0,1.0
qwen25_3b,88,-10.74,-0.6,-0.6,1.0,1.0
qwen25_3b,86,-10.74,-0.6,-0.6,1.0,1.0
qwen25_3b,80,-10.74,-0.6,-0.6,1.0,2.0
qwen25_3b,84,-10.74,-0.6,-0.6,1.0,1.0
qwen25_3b,89,-10.74,-0.6,-0.6,1.0,1.0
qwen25_3b,90,-7.16,-0.4,-0.4,3.0,4.0
qwen25_3b,78,-10.74,-0.6,-0.6,1.0,2.0
qwen25_3b,93,-7.16,-0.4,-0.4,2.0,3.0
qwen25_3b,91,-7.16,-0.4,-0.4,3.0,4.0
qwen25_3b,92,-7.16,-0.4,-0.4,2.0,4.0
qwen25_3b,94,-7.16,-0.4,-0.4,1.0,1.0
qwen25_3b,99,-7.16,-0.4,-0.4,2.0,4.0
qwen25_3b,95,-7.16,-0.4,-0.4,3.0,4.0
qwen25_3b,101,-7.16,-0.4,-0.4,1.0,2.0
qwen25_3b,98,-7.16,-0.4,-0.4,1.0,4.0
qwen25_3b,103,-7.16,-0.4,-0.4,3.0,4.0
qwen25_3b,97,-7.16,-0.4,-0.4,3.0,4.0
qwen25_3b,96,-7.16,-0.4,-0.4,1.0,2.0
qwen25_3b,102,-7.16,-0.4,-0.4,2.0,4.0
qwen25_3b,105,-7.16,-0.4,-0.4,5.0,4.0
qwen25_3b,100,-7.16,-0.4,-0.4,2.0,4.0
qwen25_3b,104,-7.16,-0.4,-0.4,5.0,4.0
qwen25_3b,108,-7.16,-0.4,-0.4,2.0,4.0
qwen25_3b,114,-7.16,-0.4,-0.4,1.0,1.0
qwen25_3b,107,-7.16,-0.4,-0.4,5.0,4.0
qwen25_3b,112,-7.16,-0.4,-0.4,1.0,1.0
qwen25_3b,106,-7.16,-0.4,-0.4,3.0,4.0
qwen25_3b,111,-7.16,-0.4,-0.4,1.0,2.0
qwen25_3b,109,-7.16,-0.4,-0.4,3.0,4.0
qwen25_3b,113,-7.16,-0.4,-0.4,1.0,1.0
qwen25_3b,110,-7.16,-0.4,-0.4,1.0,1.0
qwen25_3b,115,-7.16,-0.4,-0.4,1.0,1.0
qwen25_3b,119,-7.16,-0.4,-0.4,1.0,1.0
qwen25_3b,118,-7.16,-0.4,-0.4,1.0,1.0
qwen25_3b,116,-7.16,-0.4,-0.4,1.0,1.0
qwen25_3b,122,-3.58,-0.2,-0.2,2.0,2.0
qwen25_3b,117,-7.16,-0.4,-0.4,1.0,1.0
qwen25_3b,121,-3.58,-0.2,-0.2,5.0,4.0
qwen25_3b,123,-3.58,-0.2,-0.2,2.0,2.0
qwen25_3b,124,-3.58,-0.2,-0.2,1.0,1.0
qwen25_3b,125,-3.58,-0.2,-0.2,4.0,4.0
qwen25_3b,120,-3.58,-0.2,-0.2,3.0,4.0
qwen25_3b,127,-3.58,-0.2,-0.2,2.0,2.0
qwen25_3b,126,-3.58,-0.2,-0.2,1.0,2.0
qwen25_3b,129,-3.58,-0.2,-0.2,4.0,4.0
qwen25_3b,132,-3.58,-0.2,-0.2,2.0,3.0
qwen25_3b,134,-3.58,-0.2,-0.2,5.0,4.0
qwen25_3b,133,-3.58,-0.2,-0.2,5.0,4.0
qwen25_3b,128,-3.58,-0.2,-0.2,3.0,4.0
qwen25_3b,131,-3.58,-0.2,-0.2,1.0,1.0
qwen25_3b,130,-3.58,-0.2,-0.2,2.0,3.0
qwen25_3b,135,-3.58,-0.2,-0.2,6.0,6.0
qwen25_3b,137,-3.58,-0.2,-0.2,5.0,6.0
qwen25_3b,136,-3.58,-0.2,-0.2,2.0,4.0
qwen25_3b,144,-3.58,-0.2,-0.2,1.0,1.0
qwen25_3b,142,-3.58,-0.2,-0.2,1.0,1.0
qwen25_3b,141,-3.58,-0.2,-0.2,4.0,2.0
qwen25_3b,140,-3.58,-0.2,-0.2,4.0,4.0
qwen25_3b,138,-3.58,-0.2,-0.2,2.0,4.0
qwen25_3b,146,-3.58,-0.2,-0.2,4.0,1.0
qwen25_3b,139,-3.58,-0.2,-0.2,3.0,4.0
qwen25_3b,147,-3.58,-0.2,-0.2,1.0,1.0
qwen25_3b,145,-3.58,-0.2,-0.2,1.0,1.0
qwen25_3b,149,-3.58,-0.2,-0.2,1.0,1.0
qwen25_3b,148,-3.58,-0.2,-0.2,1.0,2.0
qwen25_3b,143,-3.58,-0.2,-0.2,1.0,1.0
qwen25_3b,150,0.0,0.0,0.0,3.0,4.0
qwen25_3b,151,0.0,0.0,0.0,6.0,4.0
qwen25_3b,154,0.0,0.0,0.0,1.0,1.0
qwen25_3b,152,0.0,0.0,0.0,2.0,2.0
qwen25_3b,153,0.0,0.0,0.0,7.0,6.0
qwen25_3b,155,0.0,0.0,0.0,4.0,4.0
qwen25_3b,156,0.0,0.0,0.0,2.0,4.0
qwen25_3b,160,0.0,0.0,0.0,3.0,4.0
qwen25_3b,159,0.0,0.0,0.0,1.0,2.0
qwen25_3b,157,0.0,0.0,0.0,5.0,2.0
qwen25_3b,158,0.0,0.0,0.0,5.0,4.0
qwen25_3b,161,0.0,0.0,0.0,1.0,1.0
qwen25_3b,162,0.0,0.0,0.0,3.0,3.0
qwen25_3b,166,0.0,0.0,0.0,5.0,3.0
qwen25_3b,163,0.0,0.0,0.0,3.0,4.0
qwen25_3b,167,0.0,0.0,0.0,5.0,5.0
qwen25_3b,168,0.0,0.0,0.0,1.0,3.0
qwen25_3b,170,0.0,0.0,0.0,3.0,4.0
qwen25_3b,165,0.0,0.0,0.0,5.0,4.0
qwen25_3b,173,0.0,0.0,0.0,1.0,1.0
qwen25_3b,164,0.0,0.0,0.0,5.0,4.0
qwen25_3b,172,0.0,0.0,0.0,1.0,1.0
qwen25_3b,171,0.0,0.0,0.0,3.0,3.0
qwen25_3b,176,0.0,0.0,0.0,4.0,1.0
qwen25_3b,174,0.0,0.0,0.0,1.0,1.0
qwen25_3b,178,0.0,0.0,0.0,1.0,1.0
qwen25_3b,175,0.0,0.0,0.0,3.0,1.0
qwen25_3b,181,9.08,0.2,0.2,5.0,4.0
qwen25_3b,169,0.0,0.0,0.0,2.0,2.0
qwen25_3b,183,9.08,0.2,0.2,3.0,4.0
qwen25_3b,177,0.0,0.0,0.0,1.0,1.0
qwen25_3b,180,9.08,0.2,0.2,3.0,4.0
qwen25_3b,182,9.08,0.2,0.2,2.0,1.0
qwen25_3b,185,9.08,0.2,0.2,3.0,4.0
qwen25_3b,179,0.0,0.0,0.0,1.0,1.0
qwen25_3b,186,9.08,0.2,0.2,5.0,4.0
qwen25_3b,187,9.08,0.2,0.2,5.0,2.0
qwen25_3b,190,9.08,0.2,0.2,3.0,4.0
qwen25_3b,191,9.08,0.2,0.2,1.0,1.0
qwen25_3b,195,9.08,0.2,0.2,7.0,4.0
qwen25_3b,194,9.08,0.2,0.2,5.0,4.0
qwen25_3b,188,9.08,0.2,0.2,1.0,1.0
qwen25_3b,192,9.08,0.2,0.2,2.0,2.0
qwen25_3b,184,9.08,0.2,0.2,1.0,7.0
qwen25_3b,189,9.08,0.2,0.2,5.0,4.0
qwen25_3b,196,9.08,0.2,0.2,5.0,4.0
qwen25_3b,193,9.08,0.2,0.2,3.0,2.0
qwen25_3b,197,9.08,0.2,0.2,5.0,4.0
qwen25_3b,198,9.08,0.2,0.2,3.0,2.0
qwen25_3b,199,9.08,0.2,0.2,4.0,4.0
qwen25_3b,201,9.08,0.2,0.2,3.0,3.0
qwen25_3b,203,9.08,0.2,0.2,1.0,1.0
qwen25_3b,202,9.08,0.2,0.2,1.0,1.0
qwen25_3b,200,9.08,0.2,0.2,4.0,3.0
qwen25_3b,205,9.08,0.2,0.2,3.0,2.0
qwen25_3b,204,9.08,0.2,0.2,1.0,1.0
qwen25_3b,207,9.08,0.2,0.2,1.0,1.0
qwen25_3b,208,9.08,0.2,0.2,1.0,1.0
qwen25_3b,211,18.16,0.4,0.4,6.0,4.0
qwen25_3b,209,9.08,0.2,0.2,1.0,1.0
qwen25_3b,213,18.16,0.4,0.4,3.0,4.0
qwen25_3b,214,18.16,0.4,0.4,1.0,2.0
qwen25_3b,206,9.08,0.2,0.2,1.0,1.0
qwen25_3b,212,18.16,0.4,0.4,3.0,4.0
qwen25_3b,210,18.16,0.4,0.4,6.0,5.0
qwen25_3b,217,18.16,0.4,0.4,5.0,4.0
qwen25_3b,216,18.16,0.4,0.4,6.0,3.0
qwen25_3b,215,18.16,0.4,0.4,5.0,4.0
qwen25_3b,218,18.16,0.4,0.4,5.0,4.0
qwen25_3b,219,18.16,0.4,0.4,5.0,2.0
qwen25_3b,221,18.16,0.4,0.4,5.0,4.0
qwen25_3b,220,18.16,0.4,0.4,5.0,4.0
qwen25_3b,224,18.16,0.4,0.4,5.0,4.0
qwen25_3b,222,18.16,0.4,0.4,3.0,4.0
qwen25_3b,225,18.16,0.4,0.4,6.0,5.0
qwen25_3b,226,18.16,0.4,0.4,5.0,4.0
qwen25_3b,227,18.16,0.4,0.4,7.0,7.0
qwen25_3b,231,18.16,0.4,0.4,5.0,6.0
qwen25_3b,229,18.16,0.4,0.4,3.0,4.0
qwen25_3b,223,18.16,0.4,0.4,5.0,4.0
qwen25_3b,230,18.16,0.4,0.4,4.0,4.0
qwen25_3b,234,18.16,0.4,0.4,2.0,5.0
qwen25_3b,238,18.16,0.4,0.4,3.0,2.0
qwen25_3b,232,18.16,0.4,0.4,1.0,1.0
qwen25_3b,236,18.16,0.4,0.4,1.0,2.0
qwen25_3b,233,18.16,0.4,0.4,1.0,1.0
qwen25_3b,244,27.24,0.6,0.6,1.0,1.0
qwen25_3b,241,27.24,0.6,0.6,5.0,4.0
qwen25_3b,228,18.16,0.4,0.4,3.0,4.0
qwen25_3b,235,18.16,0.4,0.4,1.0,1.0
qwen25_3b,239,18.16,0.4,0.4,5.0,4.0
qwen25_3b,242,27.24,0.6,0.6,4.0,4.0
qwen25_3b,243,27.24,0.6,0.6,2.0,4.0
qwen25_3b,237,18.16,0.4,0.4,3.0,1.0
qwen25_3b,240,27.24,0.6,0.6,6.0,4.0
qwen25_3b,245,27.24,0.6,0.6,5.0,4.0
qwen25_3b,247,27.24,0.6,0.6,5.0,4.0
qwen25_3b,246,27.24,0.6,0.6,6.0,4.0
qwen25_3b,249,27.24,0.6,0.6,5.0,2.0
qwen25_3b,253,27.24,0.6,0.6,6.0,4.0
qwen25_3b,248,27.24,0.6,0.6,7.0,4.0
qwen25_3b,251,27.24,0.6,0.6,5.0,4.0
qwen25_3b,254,27.24,0.6,0.6,3.0,4.0
qwen25_3b,250,27.24,0.6,0.6,5.0,5.0
qwen25_3b,258,27.24,0.6,0.6,3.0,3.0
qwen25_3b,255,27.24,0.6,0.6,5.0,6.0
qwen25_3b,259,27.24,0.6,0.6,3.0,4.0
qwen25_3b,262,27.24,0.6,0.6,1.0,1.0
qwen25_3b,257,27.24,0.6,0.6,7.0,7.0
qwen25_3b,260,27.24,0.6,0.6,5.0,4.0
qwen25_3b,263,27.24,0.6,0.6,1.0,1.0
qwen25_3b,252,27.24,0.6,0.6,6.0,4.0
qwen25_3b,264,27.24,0.6,0.6,2.0,1.0
qwen25_3b,256,27.24,0.6,0.6,4.0,4.0
qwen25_3b,265,27.24,0.6,0.6,5.0,2.0
qwen25_3b,266,27.24,0.6,0.6,4.0,4.0
qwen25_3b,261,27.24,0.6,0.6,4.0,4.0
qwen25_3b,271,36.32,0.8,0.8,6.0,4.0
qwen25_3b,268,27.24,0.6,0.6,5.0,4.0
qwen25_3b,267,27.24,0.6,0.6,4.0,4.0
qwen25_3b,272,36.32,0.8,0.8,3.0,4.0
qwen25_3b,269,27.24,0.6,0.6,2.0,2.0
qwen25_3b,270,36.32,0.8,0.8,6.0,4.0
qwen25_3b,276,36.32,0.8,0.8,5.0,4.0
qwen25_3b,278,36.32,0.8,0.8,5.0,6.0
qwen25_3b,273,36.32,0.8,0.8,2.0,2.0
qwen25_3b,274,36.32,0.8,0.8,7.0,1.0
qwen25_3b,277,36.32,0.8,0.8,6.0,4.0
qwen25_3b,280,36.32,0.8,0.8,5.0,4.0
qwen25_3b,281,36.32,0.8,0.8,5.0,4.0
qwen25_3b,275,36.32,0.8,0.8,5.0,4.0
qwen25_3b,283,36.32,0.8,0.8,6.0,6.0
qwen25_3b,282,36.32,0.8,0.8,4.0,4.0
qwen25_3b,284,36.32,0.8,0.8,4.0,4.0
qwen25_3b,279,36.32,0.8,0.8,3.0,4.0
qwen25_3b,285,36.32,0.8,0.8,5.0,6.0
qwen25_3b,287,36.32,0.8,0.8,7.0,6.0
qwen25_3b,286,36.32,0.8,0.8,5.0,4.0
qwen25_3b,289,36.32,0.8,0.8,5.0,4.0
qwen25_3b,293,36.32,0.8,0.8,1.0,1.0
qwen25_3b,288,36.32,0.8,0.8,5.0,4.0
qwen25_3b,291,36.32,0.8,0.8,3.0,4.0
qwen25_3b,296,36.32,0.8,0.8,5.0,2.0
qwen25_3b,290,36.32,0.8,0.8,4.0,4.0
qwen25_3b,298,36.32,0.8,0.8,2.0,2.0
qwen25_3b,295,36.32,0.8,0.8,5.0,1.0
qwen25_3b,294,36.32,0.8,0.8,5.0,2.0
qwen25_3b,292,36.32,0.8,0.8,1.0,1.0
qwen25_3b,297,36.32,0.8,0.8,3.0,7.0
qwen25_3b,299,36.32,0.8,0.8,3.0,2.0
qwen25_3b,300,45.4,1.0,1.0,6.0,4.0
qwen25_3b,302,45.4,1.0,1.0,2.0,4.0
qwen25_3b,306,45.4,1.0,1.0,5.0,3.0
qwen25_3b,307,45.4,1.0,1.0,5.0,4.0
qwen25_3b,323,45.4,1.0,1.0,,
qwen25_3b,304,45.4,1.0,1.0,1.0,1.0
qwen25_3b,301,45.4,1.0,1.0,6.0,4.0
qwen25_3b,305,45.4,1.0,1.0,4.0,4.0
qwen25_3b,308,45.4,1.0,1.0,5.0,4.0
qwen25_3b,310,45.4,1.0,1.0,5.0,3.0
qwen25_3b,309,45.4,1.0,1.0,5.0,4.0
qwen25_3b,303,45.4,1.0,1.0,3.0,4.0
qwen25_3b,311,45.4,1.0,1.0,3.0,4.0
qwen25_3b,314,45.4,1.0,1.0,5.0,4.0
qwen25_3b,315,45.4,1.0,1.0,5.0,4.0
qwen25_3b,317,45.4,1.0,1.0,5.0,4.0
qwen25_3b,318,45.4,1.0,1.0,4.0,4.0
qwen25_3b,313,45.4,1.0,1.0,2.0,3.0
qwen25_3b,316,45.4,1.0,1.0,5.0,2.0
qwen25_3b,319,45.4,1.0,1.0,3.0,2.0
qwen25_3b,325,45.4,1.0,1.0,3.0,2.0
qwen25_3b,328,45.4,1.0,1.0,5.0,1.0
qwen25_3b,326,45.4,1.0,1.0,5.0,4.0
qwen25_3b,324,45.4,1.0,1.0,5.0,4.0
qwen25_3b,321,45.4,1.0,1.0,5.0,5.0
qwen25_3b,322,45.4,1.0,1.0,1.0,1.0
qwen25_3b,327,45.4,1.0,1.0,4.0,6.0
qwen25_3b,320,45.4,1.0,1.0,4.0,3.0
qwen25_3b,329,45.4,1.0,1.0,1.0,4.0
qwen25_3b,312,45.4,1.0,1.0,2.0,4.0
qwen25_7b,7,-27.3,-1.0,-1.0,1.0,1.0
qwen25_7b,10,-27.3,-1.0,-1.0,2.0,3.0
qwen25_7b,17,-27.3,-1.0,-1.0,2.0,2.0
qwen25_7b,4,-27.3,-1.0,-1.0,1.0,1.0
qwen25_7b,0,-27.3,-1.0,-1.0,1.0,2.0
qwen25_7b,18,-27.3,-1.0,-1.0,1.0,2.0
qwen25_7b,16,-27.3,-1.0,-1.0,2.0,2.0
qwen25_7b,19,-27.3,-1.0,-1.0,4.0,4.0
qwen25_7b,6,-27.3,-1.0,-1.0,1.0,1.0
qwen25_7b,15,-27.3,-1.0,-1.0,3.0,4.0
qwen25_7b,1,-27.3,-1.0,-1.0,4.0,4.0
qwen25_7b,2,-27.3,-1.0,-1.0,4.0,4.0
qwen25_7b,3,-27.3,-1.0,-1.0,2.0,4.0
qwen25_7b,12,-27.3,-1.0,-1.0,2.0,4.0
qwen25_7b,13,-27.3,-1.0,-1.0,2.0,2.0
qwen25_7b,14,-27.3,-1.0,-1.0,4.0,4.0
qwen25_7b,11,-27.3,-1.0,-1.0,2.0,2.0
qwen25_7b,8,-27.3,-1.0,-1.0,1.0,4.0
qwen25_7b,5,-27.3,-1.0,-1.0,1.0,4.0
qwen25_7b,9,-27.3,-1.0,-1.0,1.0,4.0
qwen25_7b,20,-27.3,-1.0,-1.0,1.0,2.0
qwen25_7b,23,-27.3,-1.0,-1.0,1.0,1.0
qwen25_7b,26,-27.3,-1.0,-1.0,1.0,1.0
qwen25_7b,28,-27.3,-1.0,-1.0,1.0,1.0
qwen25_7b,29,-27.3,-1.0,-1.0,1.0,2.0
qwen25_7b,25,-27.3,-1.0,-1.0,1.0,1.0
qwen25_7b,24,-27.3,-1.0,-1.0,1.0,1.0
qwen25_7b,22,-27.3,-1.0,-1.0,1.0,1.0
qwen25_7b,32,-21.84,-0.8,-0.8,2.0,3.0
qwen25_7b,31,-21.84,-0.8,-0.8,2.0,6.0
qwen25_7b,34,-21.84,-0.8,-0.8,1.0,7.0
qwen25_7b,21,-27.3,-1.0,-1.0,1.0,2.0
qwen25_7b,33,-21.84,-0.8,-0.8,4.0,4.0
qwen25_7b,37,-21.84,-0.8,-0.8,2.0,4.0
qwen25_7b,30,-21.84,-0.8,-0.8,2.0,2.0
qwen25_7b,36,-21.84,-0.8,-0.8,4.0,1.0
qwen25_7b,27,-27.3,-1.0,-1.0,1.0,1.0
qwen25_7b,35,-21.84,-0.8,-0.8,2.0,4.0
qwen25_7b,39,-21.84,-0.8,-0.8,2.0,3.0
qwen25_7b,44,-21.84,-0.8,-0.8,3.0,2.0
qwen25_7b,38,-21.84,-0.8,-0.8,4.0,4.0
qwen25_7b,46,-21.84,-0.8,-0.8,2.0,2.0
qwen25_7b,42,-21.84,-0.8,-0.8,3.0,4.0
qwen25_7b,45,-21.84,-0.8,-0.8,3.0,4.0
qwen25_7b,41,-21.84,-0.8,-0.8,3.0,3.0
qwen25_7b,48,-21.84,-0.8,-0.8,1.0,1.0
qwen25_7b,53,-21.84,-0.8,-0.8,1.0,1.0
qwen25_7b,47,-21.84,-0.8,-0.8,3.0,4.0
qwen25_7b,54,-21.84,-0.8,-0.8,1.0,1.0
qwen25_7b,56,-21.84,-0.8,-0.8,1.0,2.0
qwen25_7b,55,-21.84,-0.8,-0.8,1.0,1.0
qwen25_7b,43,-21.84,-0.8,-0.8,2.0,3.0
qwen25_7b,51,-21.84,-0.8,-0.8,1.0,2.0
qwen25_7b,49,-21.84,-0.8,-0.8,2.0,4.0
qwen25_7b,52,-21.84,-0.8,-0.8,1.0,1.0
qwen25_7b,50,-21.84,-0.8,-0.8,2.0,4.0
qwen25_7b,57,-21.84,-0.8,-0.8,1.0,1.0
qwen25_7b,40,-21.84,-0.8,-0.8,1.0,1.0
qwen25_7b,58,-21.84,-0.8,-0.8,1.0,1.0
qwen25_7b,63,-16.38,-0.6,-0.6,3.0,4.0
qwen25_7b,60,-16.38,-0.6,-0.6,3.0,4.0
qwen25_7b,61,-16.38,-0.6,-0.6,4.0,4.0
qwen25_7b,62,-16.38,-0.6,-0.6,3.0,4.0
qwen25_7b,69,-16.38,-0.6,-0.6,1.0,2.0
qwen25_7b,59,-21.84,-0.8,-0.8,1.0,1.0
qwen25_7b,71,-16.38,-0.6,-0.6,2.0,1.0
qwen25_7b,66,-16.38,-0.6,-0.6,4.0,1.0
qwen25_7b,68,-16.38,-0.6,-0.6,3.0,4.0
qwen25_7b,65,-16.38,-0.6,-0.6,3.0,4.0
qwen25_7b,74,-16.38,-0.6,-0.6,2.0,3.0
qwen25_7b,67,-16.38,-0.6,-0.6,3.0,2.0
qwen25_7b,75,-16.38,-0.6,-0.6,4.0,4.0
qwen25_7b,64,-16.38,-0.6,-0.6,2.0,2.0
qwen25_7b,77,-16.38,-0.6,-0.6,4.0,2.0
qwen25_7b,72,-16.38,-0.6,-0.6,4.0,4.0
qwen25_7b,70,-16.38,-0.6,-0.6,1.0,2.0
qwen25_7b,76,-16.38,-0.6,-0.6,2.0,2.0
qwen25_7b,73,-16.38,-0.6,-0.6,4.0,4.0
qwen25_7b,78,-16.38,-0.6,-0.6,2.0,2.0
qwen25_7b,81,-16.38,-0.6,-0.6,3.0,4.0
qwen25_7b,80,-16.38,-0.6,-0.6,2.0,4.0
qwen25_7b,82,-16.38,-0.6,-0.6,1.0,1.0
qwen25_7b,79,-16.38,-0.6,-0.6,3.0,4.0
qwen25_7b,86,-16.38,-0.6,-0.6,1.0,2.0
qwen25_7b,84,-16.38,-0.6,-0.6,1.0,1.0
qwen25_7b,88,-16.38,-0.6,-0.6,1.0,1.0
qwen25_7b,83,-16.38,-0.6,-0.6,1.0,1.0
qwen25_7b,91,-10.92,-0.4,-0.4,4.0,4.0
qwen25_7b,87,-16.38,-0.6,-0.6,1.0,1.0
qwen25_7b,92,-10.92,-0.4,-0.4,2.0,5.0
qwen25_7b,97,-10.92,-0.4,-0.4,3.0,2.0
qwen25_7b,94,-10.92,-0.4,-0.4,1.0,1.0
qwen25_7b,93,-10.92,-0.4,-0.4,4.0,4.0
qwen25_7b,89,-16.38,-0.6,-0.6,1.0,1.0
qwen25_7b,96,-10.92,-0.4,-0.4,1.0,1.0
qwen25_7b,90,-10.92,-0.4,-0.4,5.0,4.0
qwen25_7b,98,-10.92,-0.4,-0.4,4.0,4.0
qwen25_7b,95,-10.92,-0.4,-0.4,4.0,4.0
qwen25_7b,99,-10.92,-0.4,-0.4,2.0,4.0
qwen25_7b,100,-10.92,-0.4,-0.4,2.0,4.0
qwen25_7b,85,-16.38,-0.6,-0.6,1.0,1.0
qwen25_7b,101,-10.92,-0.4,-0.4,4.0,3.0
qwen25_7b,102,-10.92,-0.4,-0.4,3.0,4.0
qwen25_7b,103,-10.92,-0.4,-0.4,3.0,4.0
qwen25_7b,106,-10.92,-0.4,-0.4,2.0,2.0
qwen25_7b,107,-10.92,-0.4,-0.4,2.0,4.0
qwen25_7b,108,-10.92,-0.4,-0.4,1.0,4.0
qwen25_7b,110,-10.92,-0.4,-0.4,4.0,4.0
qwen25_7b,112,-10.92,-0.4,-0.4,1.0,1.0
qwen25_7b,116,-10.92,-0.4,-0.4,1.0,1.0
qwen25_7b,114,-10.92,-0.4,-0.4,1.0,2.0
qwen25_7b,104,-10.92,-0.4,-0.4,4.0,2.0
qwen25_7b,109,-10.92,-0.4,-0.4,4.0,4.0
qwen25_7b,105,-10.92,-0.4,-0.4,3.0,4.0
qwen25_7b,115,-10.92,-0.4,-0.4,1.0,1.0
qwen25_7b,118,-10.92,-0.4,-0.4,1.0,1.0
qwen25_7b,111,-10.92,-0.4,-0.4,2.0,4.0
qwen25_7b,117,-10.92,-0.4,-0.4,1.0,1.0
qwen25_7b,119,-10.92,-0.4,-0.4,4.0,1.0
qwen25_7b,120,-5.46,-0.2,-0.2,5.0,4.0
qwen25_7b,121,-5.46,-0.2,-0.2,3.0,4.0
qwen25_7b,123,-5.46,-0.2,-0.2,1.0,6.0
qwen25_7b,124,-5.46,-0.2,-0.2,1.0,1.0
qwen25_7b,113,-10.92,-0.4,-0.4,1.0,1.0
qwen25_7b,129,-5.46,-0.2,-0.2,2.0,2.0
qwen25_7b,125,-5.46,-0.2,-0.2,4.0,4.0
qwen25_7b,126,-5.46,-0.2,-0.2,3.0,1.0
qwen25_7b,122,-5.46,-0.2,-0.2,3.0,4.0
qwen25_7b,128,-5.46,-0.2,-0.2,4.0,4.0
qwen25_7b,130,-5.46,-0.2,-0.2,2.0,4.0
qwen25_7b,132,-5.46,-0.2,-0.2,2.0,4.0
qwen25_7b,127,-5.46,-0.2,-0.2,3.0,2.0
qwen25_7b,133,-5.46,-0.2,-0.2,2.0,2.0
qwen25_7b,131,-5.46,-0.2,-0.2,1.0,2.0
qwen25_7b,135,-5.46,-0.2,-0.2,5.0,4.0
qwen25_7b,136,-5.46,-0.2,-0.2,3.0,2.0
qwen25_7b,137,-5.46,-0.2,-0.2,5.0,4.0
qwen25_7b,134,-5.46,-0.2,-0.2,3.0,2.0
qwen25_7b,140,-5.46,-0.2,-0.2,4.0,4.0
qwen25_7b,145,-5.46,-0.2,-0.2,1.0,2.0
qwen25_7b,139,-5.46,-0.2,-0.2,4.0,4.0
qwen25_7b,143,-5.46,-0.2,-0.2,1.0,1.0
qwen25_7b,146,-5.46,-0.2,-0.2,1.0,1.0
qwen25_7b,141,-5.46,-0.2,-0.2,4.0,4.0
qwen25_7b,144,-5.46,-0.2,-0.2,5.0,1.0
qwen25_7b,142,-5.46,-0.2,-0.2,1.0,1.0
qwen25_7b,150,0.0,0.0,0.0,5.0,4.0
qwen25_7b,153,0.0,0.0,0.0,1.0,1.0
qwen25_7b,148,-5.46,-0.2,-0.2,1.0,1.0
qwen25_7b,147,-5.46,-0.2,-0.2,1.0,1.0
qwen25_7b,138,-5.46,-0.2,-0.2,3.0,4.0
qwen25_7b,151,0.0,0.0,0.0,4.0,4.0
qwen25_7b,156,0.0,0.0,0.0,2.0,2.0
qwen25_7b,152,0.0,0.0,0.0,3.0,4.0
qwen25_7b,157,0.0,0.0,0.0,5.0,3.0
qwen25_7b,154,0.0,0.0,0.0,1.0,1.0
qwen25_7b,149,-5.46,-0.2,-0.2,1.0,2.0
qwen25_7b,155,0.0,0.0,0.0,4.0,4.0
qwen25_7b,158,0.0,0.0,0.0,5.0,5.0
qwen25_7b,159,0.0,0.0,0.0,3.0,2.0
qwen25_7b,162,0.0,0.0,0.0,3.0,4.0
qwen25_7b,160,0.0,0.0,0.0,3.0,4.0
qwen25_7b,165,0.0,0.0,0.0,5.0,4.0
qwen25_7b,172,0.0,0.0,0.0,1.0,1.0
qwen25_7b,164,0.0,0.0,0.0,5.0,4.0
qwen25_7b,166,0.0,0.0,0.0,3.0,2.0
qwen25_7b,168,0.0,0.0,0.0,4.0,4.0
qwen25_7b,170,0.0,0.0,0.0,2.0,4.0
qwen25_7b,173,0.0,0.0,0.0,1.0,1.0
qwen25_7b,169,0.0,0.0,0.0,4.0,4.0
qwen25_7b,167,0.0,0.0,0.0,5.0,6.0
qwen25_7b,171,0.0,0.0,0.0,4.0,4.0
qwen25_7b,174,0.0,0.0,0.0,1.0,2.0
qwen25_7b,175,0.0,0.0,0.0,1.0,1.0
qwen25_7b,163,0.0,0.0,0.0,6.0,6.0
qwen25_7b,161,0.0,0.0,0.0,5.0,3.0
qwen25_7b,176,0.0,0.0,0.0,1.0,1.0
qwen25_7b,177,0.0,0.0,0.0,1.0,1.0
qwen25_7b,182,4.98,0.2,0.2,4.0,4.0
qwen25_7b,181,4.98,0.2,0.2,6.0,4.0
qwen25_7b,184,4.98,0.2,0.2,1.0,1.0
qwen25_7b,180,4.98,0.2,0.2,6.0,4.0
qwen25_7b,183,4.98,0.2,0.2,1.0,7.0
qwen25_7b,178,0.0,0.0,0.0,1.0,1.0
qwen25_7b,185,4.98,0.2,0.2,3.0,4.0
qwen25_7b,188,4.98,0.2,0.2,6.0,4.0
qwen25_7b,189,4.98,0.2,0.2,5.0,4.0
qwen25_7b,190,4.98,0.2,0.2,3.0,4.0
qwen25_7b,179,0.0,0.0,0.0,1.0,1.0
qwen25_7b,187,4.98,0.2,0.2,4.0,4.0
qwen25_7b,194,4.98,0.2,0.2,5.0,4.0
qwen25_7b,193,4.98,0.2,0.2,6.0,4.0
qwen25_7b,192,4.98,0.2,0.2,3.0,4.0
qwen25_7b,197,4.98,0.2,0.2,7.0,6.0
qwen25_7b,186,4.98,0.2,0.2,3.0,2.0
qwen25_7b,196,4.98,0.2,0.2,6.0,5.0
qwen25_7b,191,4.98,0.2,0.2,3.0,2.0
qwen25_7b,195,4.98,0.2,0.2,7.0,7.0
qwen25_7b,200,4.98,0.2,0.2,3.0,4.0
qwen25_7b,199,4.98,0.2,0.2,4.0,4.0
qwen25_7b,198,4.98,0.2,0.2,5.0,4.0
qwen25_7b,202,4.98,0.2,0.2,1.0,1.0
qwen25_7b,205,4.98,0.2,0.2,3.0,2.0
qwen25_7b,209,4.98,0.2,0.2,2.0,1.0
qwen25_7b,204,4.98,0.2,0.2,1.0,2.0
qwen25_7b,203,4.98,0.2,0.2,1.0,1.0
qwen25_7b,206,4.98,0.2,0.2,1.0,1.0
qwen25_7b,210,9.96,0.4,0.4,6.0,6.0
qwen25_7b,201,4.98,0.2,0.2,4.0,4.0
qwen25_7b,208,4.98,0.2,0.2,5.0,1.0
qwen25_7b,211,9.96,0.4,0.4,7.0,6.0
qwen25_7b,207,4.98,0.2,0.2,1.0,1.0
qwen25_7b,216,9.96,0.4,0.4,5.0,4.0
qwen25_7b,214,9.96,0.4,0.4,1.0,7.0
qwen25_7b,212,9.96,0.4,0.4,5.0,4.0
qwen25_7b,215,9.96,0.4,0.4,5.0,4.0
qwen25_7b,213,9.96,0.4,0.4,1.0,6.0
qwen25_7b,218,9.96,0.4,0.4,6.0,4.0
qwen25_7b,219,9.96,0.4,0.4,5.0,4.0
qwen25_7b,221,9.96,0.4,0.4,5.0,4.0
qwen25_7b,217,9.96,0.4,0.4,5.0,3.0
qwen25_7b,225,9.96,0.4,0.4,7.0,7.0
qwen25_7b,220,9.96,0.4,0.4,5.0,4.0
qwen25_7b,223,9.96,0.4,0.4,7.0,7.0
qwen25_7b,226,9.96,0.4,0.4,7.0,6.0
qwen25_7b,228,9.96,0.4,0.4,6.0,2.0
qwen25_7b,224,9.96,0.4,0.4,6.0,7.0
qwen25_7b,227,9.96,0.4,0.4,5.0,6.0
qwen25_7b,229,9.96,0.4,0.4,5.0,4.0
qwen25_7b,231,9.96,0.4,0.4,3.0,4.0
qwen25_7b,222,9.96,0.4,0.4,3.0,3.0
qwen25_7b,230,9.96,0.4,0.4,5.0,4.0
qwen25_7b,232,9.96,0.4,0.4,1.0,1.0
qwen25_7b,235,9.96,0.4,0.4,2.0,2.0
qwen25_7b,239,9.96,0.4,0.4,3.0,1.0
qwen25_7b,233,9.96,0.4,0.4,1.0,1.0
qwen25_7b,234,9.96,0.4,0.4,4.0,4.0
qwen25_7b,236,9.96,0.4,0.4,4.0,4.0
qwen25_7b,241,14.94,0.6,0.6,7.0,7.0
qwen25_7b,237,9.96,0.4,0.4,1.0,1.0
qwen25_7b,243,14.94,0.6,0.6,4.0,1.0
qwen25_7b,244,14.94,0.6,0.6,1.0,7.0
qwen25_7b,240,14.94,0.6,0.6,6.0,4.0
qwen25_7b,242,14.94,0.6,0.6,5.0,4.0
qwen25_7b,246,14.94,0.6,0.6,5.0,5.0
qwen25_7b,238,9.96,0.4,0.4,3.0,1.0
qwen25_7b,247,14.94,0.6,0.6,5.0,4.0
qwen25_7b,245,14.94,0.6,0.6,5.0,4.0
qwen25_7b,250,14.94,0.6,0.6,7.0,6.0
qwen25_7b,251,14.94,0.6,0.6,5.0,6.0
qwen25_7b,253,14.94,0.6,0.6,7.0,6.0
qwen25_7b,248,14.94,0.6,0.6,7.0,6.0
qwen25_7b,252,14.94,0.6,0.6,1.0,4.0
qwen25_7b,256,14.94,0.6,0.6,7.0,7.0
qwen25_7b,249,14.94,0.6,0.6,7.0,4.0
qwen25_7b,254,14.94,0.6,0.6,6.0,6.0
qwen25_7b,255,14.94,0.6,0.6,7.0,7.0
qwen25_7b,262,14.94,0.6,0.6,1.0,1.0
qwen25_7b,263,14.94,0.6,0.6,3.0,1.0
qwen25_7b,265,14.94,0.6,0.6,2.0,2.0
qwen25_7b,266,14.94,0.6,0.6,1.0,4.0
qwen25_7b,258,14.94,0.6,0.6,6.0,3.0
qwen25_7b,264,14.94,0.6,0.6,6.0,4.0
qwen25_7b,257,14.94,0.6,0.6,7.0,7.0
qwen25_7b,261,14.94,0.6,0.6,5.0,4.0
qwen25_7b,270,19.92,0.8,0.8,7.0,4.0
qwen25_7b,260,14.94,0.6,0.6,7.0,2.0
qwen25_7b,271,19.92,0.8,0.8,7.0,7.0
qwen25_7b,259,14.94,0.6,0.6,6.0,4.0
qwen25_7b,267,14.94,0.6,0.6,1.0,1.0
qwen25_7b,269,14.94,0.6,0.6,3.0,2.0
qwen25_7b,268,14.94,0.6,0.6,2.0,1.0
qwen25_7b,276,19.92,0.8,0.8,6.0,4.0
qwen25_7b,272,19.92,0.8,0.8,6.0,4.0
qwen25_7b,275,19.92,0.8,0.8,6.0,4.0
qwen25_7b,274,19.92,0.8,0.8,1.0,3.0
qwen25_7b,277,19.92,0.8,0.8,6.0,4.0
qwen25_7b,279,19.92,0.8,0.8,7.0,4.0
qwen25_7b,284,19.92,0.8,0.8,7.0,6.0
qwen25_7b,282,19.92,0.8,0.8,2.0,3.0
qwen25_7b,273,19.92,0.8,0.8,3.0,4.0
qwen25_7b,280,19.92,0.8,0.8,7.0,7.0
qwen25_7b,285,19.92,0.8,0.8,7.0,7.0
qwen25_7b,283,19.92,0.8,0.8,7.0,6.0
qwen25_7b,278,19.92,0.8,0.8,7.0,7.0
qwen25_7b,281,19.92,0.8,0.8,7.0,6.0
qwen25_7b,287,19.92,0.8,0.8,7.0,7.0
qwen25_7b,288,19.92,0.8,0.8,7.0,4.0
qwen25_7b,293,19.92,0.8,0.8,1.0,1.0
qwen25_7b,291,19.92,0.8,0.8,6.0,3.0
qwen25_7b,286,19.92,0.8,0.8,7.0,7.0
qwen25_7b,292,19.92,0.8,0.8,7.0,1.0
qwen25_7b,290,19.92,0.8,0.8,5.0,4.0
qwen25_7b,296,19.92,0.8,0.8,3.0,1.0
qwen25_7b,297,19.92,0.8,0.8,1.0,1.0
qwen25_7b,295,19.92,0.8,0.8,5.0,4.0
qwen25_7b,298,19.92,0.8,0.8,3.0,1.0
qwen25_7b,294,19.92,0.8,0.8,6.0,4.0
qwen25_7b,302,24.9,1.0,1.0,7.0,6.0
qwen25_7b,289,19.92,0.8,0.8,6.0,6.0
qwen25_7b,301,24.9,1.0,1.0,6.0,7.0
qwen25_7b,299,19.92,0.8,0.8,5.0,4.0
qwen25_7b,304,24.9,1.0,1.0,1.0,7.0
qwen25_7b,306,24.9,1.0,1.0,6.0,3.0
qwen25_7b,305,24.9,1.0,1.0,6.0,4.0
qwen25_7b,307,24.9,1.0,1.0,7.0,4.0
qwen25_7b,308,24.9,1.0,1.0,7.0,7.0
qwen25_7b,300,24.9,1.0,1.0,7.0,6.0
qwen25_7b,313,24.9,1.0,1.0,7.0,7.0
qwen25_7b,315,24.9,1.0,1.0,7.0,7.0
qwen25_7b,310,24.9,1.0,1.0,7.0,7.0
qwen25_7b,314,24.9,1.0,1.0,6.0,7.0
qwen25_7b,317,24.9,1.0,1.0,7.0,7.0
qwen25_7b,311,24.9,1.0,1.0,7.0,4.0
qwen25_7b,303,24.9,1.0,1.0,4.0,4.0
qwen25_7b,318,24.9,1.0,1.0,5.0,5.0
qwen25_7b,309,24.9,1.0,1.0,7.0,6.0
qwen25_7b,312,24.9,1.0,1.0,1.0,1.0
qwen25_7b,316,24.9,1.0,1.0,7.0,7.0
qwen25_7b,322,24.9,1.0,1.0,7.0,1.0
qwen25_7b,320,24.9,1.0,1.0,7.0,4.0
qwen25_7b,321,24.9,1.0,1.0,7.0,3.0
qwen25_7b,323,24.9,1.0,1.0,7.0,1.0
qwen25_7b,327,24.9,1.0,1.0,1.0,1.0
qwen25_7b,325,24.9,1.0,1.0,5.0,2.0
qwen25_7b,319,24.9,1.0,1.0,7.0,6.0
qwen25_7b,328,24.9,1.0,1.0,3.0,1.0
qwen25_7b,329,24.9,1.0,1.0,3.0,3.0
qwen25_7b,324,24.9,1.0,1.0,7.0,7.0
qwen25_7b,326,24.9,1.0,1.0,7.0,3.0
qwen25_14b,2,-41.9,-1.0,-1.0,2.0,5.0
qwen25_14b,8,-41.9,-1.0,-1.0,1.0,1.0
qwen25_14b,10,-41.9,-1.0,-1.0,1.0,1.0
qwen25_14b,4,-41.9,-1.0,-1.0,1.0,1.0
qwen25_14b,13,-41.9,-1.0,-1.0,1.0,4.0
qwen25_14b,1,-41.9,-1.0,-1.0,1.0,4.0
qwen25_14b,18,-41.9,-1.0,-1.0,2.0,2.0
qwen25_14b,11,-41.9,-1.0,-1.0,1.0,1.0
qwen25_14b,6,-41.9,-1.0,-1.0,1.0,1.0
qwen25_14b,7,-41.9,-1.0,-1.0,1.0,1.0
qwen25_14b,17,-41.9,-1.0,-1.0,2.0,4.0
qwen25_14b,19,-41.9,-1.0,-1.0,1.0,1.0
qwen25_14b,16,-41.9,-1.0,-1.0,1.0,1.0
qwen25_14b,3,-41.9,-1.0,-1.0,1.0,4.0
qwen25_14b,9,-41.9,-1.0,-1.0,1.0,1.0
qwen25_14b,5,-41.9,-1.0,-1.0,1.0,1.0
qwen25_14b,15,-41.9,-1.0,-1.0,1.0,1.0
qwen25_14b,14,-41.9,-1.0,-1.0,2.0,2.0
qwen25_14b,12,-41.9,-1.0,-1.0,2.0,4.0
qwen25_14b,0,-41.9,-1.0,-1.0,1.0,6.0
qwen25_14b,22,-41.9,-1.0,-1.0,1.0,1.0
qwen25_14b,26,-41.9,-1.0,-1.0,1.0,1.0
qwen25_14b,29,-41.9,-1.0,-1.0,1.0,1.0
qwen25_14b,23,-41.9,-1.0,-1.0,1.0,1.0
qwen25_14b,27,-41.9,-1.0,-1.0,1.0,1.0
qwen25_14b,28,-41.9,-1.0,-1.0,1.0,1.0
qwen25_14b,20,-41.9,-1.0,-1.0,1.0,3.0
qwen25_14b,32,-33.52,-0.8,-0.8,4.0,6.0
qwen25_14b,21,-41.9,-1.0,-1.0,1.0,1.0
qwen25_14b,25,-41.9,-1.0,-1.0,1.0,1.0
qwen25_14b,24,-41.9,-1.0,-1.0,1.0,1.0
qwen25_14b,31,-33.52,-0.8,-0.8,2.0,6.0
qwen25_14b,34,-33.52,-0.8,-0.8,1.0,7.0
qwen25_14b,30,-33.52,-0.8,-0.8,1.0,4.0
qwen25_14b,37,-33.52,-0.8,-0.8,1.0,1.0
qwen25_14b,36,-33.52,-0.8,-0.8,1.0,1.0
qwen25_14b,38,-33.52,-0.8,-0.8,1.0,1.0
qwen25_14b,39,-33.52,-0.8,-0.8,1.0,1.0
qwen25_14b,33,-33.52,-0.8,-0.8,1.0,1.0
qwen25_14b,35,-33.52,-0.8,-0.8,1.0,4.0
qwen25_14b,41,-33.52,-0.8,-0.8,1.0,1.0
qwen25_14b,50,-33.52,-0.8,-0.8,1.0,1.0
qwen25_14b,43,-33.52,-0.8,-0.8,1.0,1.0
qwen25_14b,48,-33.52,-0.8,-0.8,1.0,1.0
qwen25_14b,40,-33.52,-0.8,-0.8,1.0,2.0
qwen25_14b,45,-33.52,-0.8,-0.8,2.0,2.0
qwen25_14b,49,-33.52,-0.8,-0.8,1.0,1.0
qwen25_14b,44,-33.52,-0.8,-0.8,2.0,4.0
qwen25_14b,51,-33.52,-0.8,-0.8,1.0,2.0
qwen25_14b,55,-33.52,-0.8,-0.8,1.0,1.0
qwen25_14b,52,-33.52,-0.8,-0.8,1.0,1.0
qwen25_14b,42,-33.52,-0.8,-0.8,1.0,4.0
qwen25_14b,54,-33.52,-0.8,-0.8,1.0,1.0
qwen25_14b,56,-33.52,-0.8,-0.8,1.0,1.0
qwen25_14b,46,-33.52,-0.8,-0.8,2.0,4.0
qwen25_14b,59,-33.52,-0.8,-0.8,1.0,1.0
qwen25_14b,47,-33.52,-0.8,-0.8,1.0,3.0
qwen25_14b,53,-33.52,-0.8,-0.8,1.0,1.0
qwen25_14b,58,-33.52,-0.8,-0.8,1.0,1.0
qwen25_14b,60,-25.14,-0.6,-0.6,1.0,4.0
qwen25_14b,61,-25.14,-0.6,-0.6,2.0,4.0
qwen25_14b,57,-33.52,-0.8,-0.8,1.0,1.0
qwen25_14b,69,-25.14,-0.6,-0.6,1.0,1.0
qwen25_14b,63,-25.14,-0.6,-0.6,2.0,4.0
qwen25_14b,64,-25.14,-0.6,-0.6,1.0,6.0
qwen25_14b,68,-25.14,-0.6,-0.6,1.0,2.0
qwen25_14b,67,-25.14,-0.6,-0.6,1.0,3.0
qwen25_14b,66,-25.14,-0.6,-0.6,1.0,1.0
qwen25_14b,70,-25.14,-0.6,-0.6,1.0,4.0
qwen25_14b,71,-25.14,-0.6,-0.6,1.0,2.0
qwen25_14b,65,-25.14,-0.6,-0.6,1.0,4.0
qwen25_14b,74,-25.14,-0.6,-0.6,2.0,4.0
qwen25_14b,78,-25.14,-0.6,-0.6,1.0,1.0
qwen25_14b,72,-25.14,-0.6,-0.6,2.0,4.0
qwen25_14b,75,-25.14,-0.6,-0.6,1.0,4.0
qwen25_14b,62,-25.14,-0.6,-0.6,1.0,6.0
qwen25_14b,77,-25.14,-0.6,-0.6,5.0,4.0
qwen25_14b,76,-25.14,-0.6,-0.6,2.0,2.0
qwen25_14b,79,-25.14,-0.6,-0.6,1.0,1.0
qwen25_14b,83,-25.14,-0.6,-0.6,1.0,1.0
qwen25_14b,73,-25.14,-0.6,-0.6,1.0,1.0
qwen25_14b,81,-25.14,-0.6,-0.6,2.0,4.0
qwen25_14b,80,-25.14,-0.6,-0.6,1.0,1.0
qwen25_14b,86,-25.14,-0.6,-0.6,1.0,1.0
qwen25_14b,84,-25.14,-0.6,-0.6,1.0,1.0
qwen25_14b,89,-25.14,-0.6,-0.6,1.0,1.0
qwen25_14b,87,-25.14,-0.6,-0.6,1.0,1.0
qwen25_14b,82,-25.14,-0.6,-0.6,1.0,1.0
qwen25_14b,90,-16.76,-0.4,-0.4,1.0,4.0
qwen25_14b,85,-25.14,-0.6,-0.6,1.0,1.0
qwen25_14b,91,-16.76,-0.4,-0.4,3.0,4.0
qwen25_14b,93,-16.76,-0.4,-0.4,1.0,4.0
qwen25_14b,94,-16.76,-0.4,-0.4,1.0,7.0
qwen25_14b,92,-16.76,-0.4,-0.4,1.0,1.0
qwen25_14b,95,-16.76,-0.4,-0.4,1.0,4.0
qwen25_14b,96,-16.76,-0.4,-0.4,1.0,1.0
qwen25_14b,98,-16.76,-0.4,-0.4,1.0,2.0
qwen25_14b,88,-25.14,-0.6,-0.6,1.0,1.0
qwen25_14b,97,-16.76,-0.4,-0.4,1.0,2.0
qwen25_14b,99,-16.76,-0.4,-0.4,1.0,4.0
qwen25_14b,102,-16.76,-0.4,-0.4,2.0,4.0
qwen25_14b,100,-16.76,-0.4,-0.4,2.0,4.0
qwen25_14b,110,-16.76,-0.4,-0.4,1.0,2.0
qwen25_14b,107,-16.76,-0.4,-0.4,4.0,4.0
qwen25_14b,106,-16.76,-0.4,-0.4,2.0,4.0
qwen25_14b,104,-16.76,-0.4,-0.4,2.0,4.0
qwen25_14b,101,-16.76,-0.4,-0.4,1.0,2.0
qwen25_14b,105,-16.76,-0.4,-0.4,3.0,4.0
qwen25_14b,103,-16.76,-0.4,-0.4,1.0,2.0
qwen25_14b,112,-16.76,-0.4,-0.4,1.0,1.0
qwen25_14b,113,-16.76,-0.4,-0.4,1.0,1.0
qwen25_14b,109,-16.76,-0.4,-0.4,1.0,4.0
qwen25_14b,111,-16.76,-0.4,-0.4,2.0,5.0
qwen25_14b,114,-16.76,-0.4,-0.4,1.0,2.0
qwen25_14b,115,-16.76,-0.4,-0.4,1.0,1.0
qwen25_14b,118,-16.76,-0.4,-0.4,1.0,1.0
qwen25_14b,108,-16.76,-0.4,-0.4,4.0,4.0
qwen25_14b,119,-16.76,-0.4,-0.4,1.0,1.0
qwen25_14b,117,-16.76,-0.4,-0.4,1.0,1.0
qwen25_14b,122,-8.38,-0.2,-0.2,3.0,4.0
qwen25_14b,124,-8.38,-0.2,-0.2,1.0,1.0
qwen25_14b,120,-8.38,-0.2,-0.2,2.0,2.0
qwen25_14b,125,-8.38,-0.2,-0.2,1.0,4.0
qwen25_14b,121,-8.38,-0.2,-0.2,3.0,4.0
qwen25_14b,116,-16.76,-0.4,-0.4,1.0,1.0
qwen25_14b,129,-8.38,-0.2,-0.2,1.0,4.0
qwen25_14b,127,-8.38,-0.2,-0.2,1.0,4.0
qwen25_14b,123,-8.38,-0.2,-0.2,2.0,4.0
qwen25_14b,126,-8.38,-0.2,-0.2,1.0,1.0
qwen25_14b,128,-8.38,-0.2,-0.2,2.0,4.0
qwen25_14b,130,-8.38,-0.2,-0.2,2.0,4.0
qwen25_14b,138,-8.38,-0.2,-0.2,4.0,4.0
qwen25_14b,135,-8.38,-0.2,-0.2,5.0,4.0
qwen25_14b,136,-8.38,-0.2,-0.2,3.0,4.0
qwen25_14b,134,-8.38,-0.2,-0.2,3.0,4.0
qwen25_14b,137,-8.38,-0.2,-0.2,5.0,4.0
qwen25_14b,132,-8.38,-0.2,-0.2,3.0,4.0
qwen25_14b,131,-8.38,-0.2,-0.2,1.0,3.0
qwen25_14b,142,-8.38,-0.2,-0.2,1.0,1.0
qwen25_14b,143,-8.38,-0.2,-0.2,1.0,1.0
qwen25_14b,140,-8.38,-0.2,-0.2,3.0,2.0
qwen25_14b,145,-8.38,-0.2,-0.2,1.0,1.0
qwen25_14b,133,-8.38,-0.2,-0.2,1.0,2.0
qwen25_14b,141,-8.38,-0.2,-0.2,3.0,3.0
qwen25_14b,149,-8.38,-0.2,-0.2,1.0,1.0
qwen25_14b,148,-8.38,-0.2,-0.2,1.0,1.0
qwen25_14b,147,-8.38,-0.2,-0.2,1.0,1.0
qwen25_14b,146,-8.38,-0.2,-0.2,1.0,1.0
qwen25_14b,139,-8.38,-0.2,-0.2,4.0,4.0
qwen25_14b,144,-8.38,-0.2,-0.2,1.0,1.0
qwen25_14b,151,0.0,0.0,0.0,6.0,4.0
qwen25_14b,150,0.0,0.0,0.0,5.0,5.0
qwen25_14b,154,0.0,0.0,0.0,1.0,1.0
qwen25_14b,155,0.0,0.0,0.0,4.0,4.0
qwen25_14b,160,0.0,0.0,0.0,3.0,4.0
qwen25_14b,153,0.0,0.0,0.0,4.0,4.0
qwen25_14b,156,0.0,0.0,0.0,3.0,4.0
qwen25_14b,159,0.0,0.0,0.0,2.0,4.0
qwen25_14b,162,0.0,0.0,0.0,4.0,4.0
qwen25_14b,158,0.0,0.0,0.0,1.0,2.0
qwen25_14b,163,0.0,0.0,0.0,2.0,2.0
qwen25_14b,152,0.0,0.0,0.0,1.0,2.0
qwen25_14b,164,0.0,0.0,0.0,5.0,4.0
qwen25_14b,165,0.0,0.0,0.0,6.0,4.0
qwen25_14b,167,0.0,0.0,0.0,5.0,4.0
qwen25_14b,157,0.0,0.0,0.0,5.0,4.0
qwen25_14b,168,0.0,0.0,0.0,4.0,4.0
qwen25_14b,166,0.0,0.0,0.0,3.0,4.0
qwen25_14b,161,0.0,0.0,0.0,1.0,3.0
qwen25_14b,169,0.0,0.0,0.0,3.0,4.0
qwen25_14b,172,0.0,0.0,0.0,1.0,1.0
qwen25_14b,171,0.0,0.0,0.0,6.0,2.0
qwen25_14b,175,0.0,0.0,0.0,1.0,1.0
qwen25_14b,179,0.0,0.0,0.0,1.0,1.0
qwen25_14b,174,0.0,0.0,0.0,1.0,1.0
qwen25_14b,173,0.0,0.0,0.0,1.0,1.0
qwen25_14b,178,0.0,0.0,0.0,1.0,1.0
qwen25_14b,177,0.0,0.0,0.0,1.0,1.0
qwen25_14b,176,0.0,0.0,0.0,1.0,1.0
qwen25_14b,170,0.0,0.0,0.0,5.0,4.0
qwen25_14b,180,11.6,0.2,0.2,5.0,4.0
qwen25_14b,182,11.6,0.2,0.2,2.0,4.0
qwen25_14b,185,11.6,0.2,0.2,5.0,4.0
qwen25_14b,186,11.6,0.2,0.2,5.0,4.0
qwen25_14b,187,11.6,0.2,0.2,5.0,4.0
qwen25_14b,183,11.6,0.2,0.2,1.0,6.0
qwen25_14b,181,11.6,0.2,0.2,7.0,4.0
qwen25_14b,184,11.6,0.2,0.2,1.0,7.0
qwen25_14b,189,11.6,0.2,0.2,5.0,4.0
qwen25_14b,190,11.6,0.2,0.2,5.0,4.0
qwen25_14b,191,11.6,0.2,0.2,5.0,4.0
qwen25_14b,193,11.6,0.2,0.2,6.0,4.0
qwen25_14b,194,11.6,0.2,0.2,5.0,4.0
qwen25_14b,195,11.6,0.2,0.2,6.0,4.0
qwen25_14b,200,11.6,0.2,0.2,5.0,4.0
qwen25_14b,204,11.6,0.2,0.2,3.0,2.0
qwen25_14b,192,11.6,0.2,0.2,4.0,4.0
qwen25_14b,196,11.6,0.2,0.2,5.0,4.0
qwen25_14b,201,11.6,0.2,0.2,5.0,4.0
qwen25_14b,203,11.6,0.2,0.2,1.0,1.0
qwen25_14b,205,11.6,0.2,0.2,1.0,1.0
qwen25_14b,188,11.6,0.2,0.2,7.0,5.0
qwen25_14b,197,11.6,0.2,0.2,7.0,6.0
qwen25_14b,202,11.6,0.2,0.2,1.0,1.0
qwen25_14b,198,11.6,0.2,0.2,6.0,4.0
qwen25_14b,199,11.6,0.2,0.2,5.0,4.0
qwen25_14b,206,11.6,0.2,0.2,3.0,1.0
qwen25_14b,209,11.6,0.2,0.2,1.0,2.0
qwen25_14b,207,11.6,0.2,0.2,1.0,1.0
qwen25_14b,210,23.2,0.4,0.4,6.0,4.0
qwen25_14b,208,11.6,0.2,0.2,1.0,1.0
qwen25_14b,213,23.2,0.4,0.4,1.0,4.0
qwen25_14b,216,23.2,0.4,0.4,5.0,4.0
qwen25_14b,211,23.2,0.4,0.4,7.0,7.0
qwen25_14b,215,23.2,0.4,0.4,5.0,4.0
qwen25_14b,212,23.2,0.4,0.4,5.0,1.0
qwen25_14b,218,23.2,0.4,0.4,7.0,4.0
qwen25_14b,221,23.2,0.4,0.4,5.0,4.0
qwen25_14b,217,23.2,0.4,0.4,6.0,4.0
qwen25_14b,222,23.2,0.4,0.4,7.0,4.0
qwen25_14b,223,23.2,0.4,0.4,7.0,6.0
qwen25_14b,225,23.2,0.4,0.4,7.0,6.0
qwen25_14b,214,23.2,0.4,0.4,1.0,7.0
qwen25_14b,219,23.2,0.4,0.4,5.0,4.0
qwen25_14b,226,23.2,0.4,0.4,6.0,5.0
qwen25_14b,220,23.2,0.4,0.4,6.0,6.0
qwen25_14b,224,23.2,0.4,0.4,5.0,4.0
qwen25_14b,229,23.2,0.4,0.4,5.0,4.0
qwen25_14b,227,23.2,0.4,0.4,7.0,6.0
qwen25_14b,235,23.2,0.4,0.4,5.0,1.0
qwen25_14b,233,23.2,0.4,0.4,3.0,1.0
qwen25_14b,236,23.2,0.4,0.4,3.0,1.0
qwen25_14b,234,23.2,0.4,0.4,6.0,4.0
qwen25_14b,230,23.2,0.4,0.4,6.0,4.0
qwen25_14b,228,23.2,0.4,0.4,6.0,4.0
qwen25_14b,238,23.2,0.4,0.4,5.0,2.0
qwen25_14b,239,23.2,0.4,0.4,5.0,1.0
qwen25_14b,240,34.8,0.6,0.6,5.0,4.0
qwen25_14b,232,23.2,0.4,0.4,3.0,1.0
qwen25_14b,237,23.2,0.4,0.4,1.0,1.0
qwen25_14b,242,34.8,0.6,0.6,7.0,4.0
qwen25_14b,244,34.8,0.6,0.6,1.0,7.0
qwen25_14b,231,23.2,0.4,0.4,7.0,6.0
qwen25_14b,241,34.8,0.6,0.6,7.0,7.0
qwen25_14b,243,34.8,0.6,0.6,7.0,7.0
qwen25_14b,248,34.8,0.6,0.6,7.0,7.0
qwen25_14b,247,34.8,0.6,0.6,6.0,4.0
qwen25_14b,246,34.8,0.6,0.6,6.0,4.0
qwen25_14b,245,34.8,0.6,0.6,7.0,4.0
qwen25_14b,251,34.8,0.6,0.6,5.0,4.0
qwen25_14b,250,34.8,0.6,0.6,7.0,6.0
qwen25_14b,249,34.8,0.6,0.6,6.0,4.0
qwen25_14b,253,34.8,0.6,0.6,6.0,6.0
qwen25_14b,254,34.8,0.6,0.6,7.0,4.0
qwen25_14b,252,34.8,0.6,0.6,3.0,4.0
qwen25_14b,256,34.8,0.6,0.6,7.0,7.0
qwen25_14b,257,34.8,0.6,0.6,7.0,6.0
qwen25_14b,255,34.8,0.6,0.6,7.0,6.0
qwen25_14b,264,34.8,0.6,0.6,7.0,6.0
qwen25_14b,259,34.8,0.6,0.6,5.0,4.0
qwen25_14b,262,34.8,0.6,0.6,7.0,1.0
qwen25_14b,258,34.8,0.6,0.6,7.0,4.0
qwen25_14b,263,34.8,0.6,0.6,7.0,2.0
qwen25_14b,265,34.8,0.6,0.6,6.0,4.0
qwen25_14b,266,34.8,0.6,0.6,7.0,2.0
qwen25_14b,261,34.8,0.6,0.6,7.0,5.0
qwen25_14b,260,34.8,0.6,0.6,7.0,4.0
qwen25_14b,269,34.8,0.6,0.6,7.0,3.0
qwen25_14b,267,34.8,0.6,0.6,1.0,1.0
qwen25_14b,268,34.8,0.6,0.6,3.0,3.0
qwen25_14b,271,46.4,0.8,0.8,7.0,7.0
qwen25_14b,272,46.4,0.8,0.8,7.0,4.0
qwen25_14b,274,46.4,0.8,0.8,7.0,1.0
qwen25_14b,270,46.4,0.8,0.8,7.0,6.0
qwen25_14b,273,46.4,0.8,0.8,1.0,4.0
qwen25_14b,275,46.4,0.8,0.8,7.0,4.0
qwen25_14b,276,46.4,0.8,0.8,5.0,4.0
qwen25_14b,279,46.4,0.8,0.8,6.0,4.0
qwen25_14b,277,46.4,0.8,0.8,6.0,3.0
qwen25_14b,280,46.4,0.8,0.8,7.0,6.0
qwen25_14b,283,46.4,0.8,0.8,7.0,6.0
qwen25_14b,278,46.4,0.8,0.8,7.0,7.0
qwen25_14b,281,46.4,0.8,0.8,5.0,5.0
qwen25_14b,282,46.4,0.8,0.8,1.0,7.0
qwen25_14b,287,46.4,0.8,0.8,7.0,6.0
qwen25_14b,284,46.4,0.8,0.8,7.0,6.0
qwen25_14b,291,46.4,0.8,0.8,7.0,7.0
qwen25_14b,286,46.4,0.8,0.8,7.0,6.0
qwen25_14b,285,46.4,0.8,0.8,7.0,6.0
qwen25_14b,288,46.4,0.8,0.8,6.0,4.0
qwen25_14b,290,46.4,0.8,0.8,7.0,4.0
qwen25_14b,289,46.4,0.8,0.8,7.0,4.0
qwen25_14b,293,46.4,0.8,0.8,7.0,1.0
qwen25_14b,292,46.4,0.8,0.8,7.0,1.0
qwen25_14b,294,46.4,0.8,0.8,7.0,6.0
qwen25_14b,299,46.4,0.8,0.8,7.0,7.0
qwen25_14b,297,46.4,0.8,0.8,7.0,6.0
qwen25_14b,295,46.4,0.8,0.8,6.0,5.0
qwen25_14b,298,46.4,0.8,0.8,7.0,2.0
qwen25_14b,296,46.4,0.8,0.8,5.0,2.0
qwen25_14b,302,58.0,1.0,1.0,7.0,4.0
qwen25_14b,305,58.0,1.0,1.0,7.0,4.0
qwen25_14b,309,58.0,1.0,1.0,6.0,4.0
qwen25_14b,303,58.0,1.0,1.0,1.0,1.0
qwen25_14b,308,58.0,1.0,1.0,7.0,4.0
qwen25_14b,304,58.0,1.0,1.0,1.0,7.0
qwen25_14b,301,58.0,1.0,1.0,7.0,4.0
qwen25_14b,311,58.0,1.0,1.0,7.0,5.0
qwen25_14b,300,58.0,1.0,1.0,7.0,7.0
qwen25_14b,307,58.0,1.0,1.0,5.0,3.0
qwen25_14b,312,58.0,1.0,1.0,3.0,4.0
qwen25_14b,306,58.0,1.0,1.0,6.0,4.0
qwen25_14b,317,58.0,1.0,1.0,6.0,5.0
qwen25_14b,315,58.0,1.0,1.0,7.0,6.0
qwen25_14b,313,58.0,1.0,1.0,7.0,3.0
qwen25_14b,310,58.0,1.0,1.0,7.0,4.0
qwen25_14b,314,58.0,1.0,1.0,7.0,7.0
qwen25_14b,318,58.0,1.0,1.0,6.0,6.0
qwen25_14b,316,58.0,1.0,1.0,7.0,6.0
qwen25_14b,319,58.0,1.0,1.0,7.0,4.0
qwen25_14b,320,58.0,1.0,1.0,7.0,6.0
qwen25_14b,323,58.0,1.0,1.0,7.0,7.0
qwen25_14b,327,58.0,1.0,1.0,7.0,1.0
qwen25_14b,322,58.0,1.0,1.0,7.0,1.0
qwen25_14b,324,58.0,1.0,1.0,5.0,5.0
qwen25_14b,321,58.0,1.0,1.0,3.0,3.0
qwen25_14b,328,58.0,1.0,1.0,7.0,1.0
qwen25_14b,329,58.0,1.0,1.0,7.0,5.0
qwen25_14b,325,58.0,1.0,1.0,6.0,4.0
qwen25_14b,326,58.0,1.0,1.0,7.0,4.0
qwen25_32b,15,-97.4,-1.0,-1.0,2.0,4.0
qwen25_32b,17,-97.4,-1.0,-1.0,5.0,6.0
qwen25_32b,0,-97.4,-1.0,-1.0,5.0,2.0
qwen25_32b,8,-97.4,-1.0,-1.0,2.0,4.0
qwen25_32b,9,-97.4,-1.0,-1.0,1.0,2.0
qwen25_32b,18,-97.4,-1.0,-1.0,1.0,4.0
qwen25_32b,7,-97.4,-1.0,-1.0,1.0,2.0
qwen25_32b,5,-97.4,-1.0,-1.0,1.0,4.0
qwen25_32b,1,-97.4,-1.0,-1.0,4.0,4.0
qwen25_32b,11,-97.4,-1.0,-1.0,1.0,2.0
qwen25_32b,16,-97.4,-1.0,-1.0,3.0,3.0
qwen25_32b,2,-97.4,-1.0,-1.0,2.0,4.0
qwen25_32b,6,-97.4,-1.0,-1.0,1.0,1.0
qwen25_32b,10,-97.4,-1.0,-1.0,4.0,4.0
qwen25_32b,3,-97.4,-1.0,-1.0,6.0,4.0
qwen25_32b,12,-97.4,-1.0,-1.0,4.0,4.0
qwen25_32b,4,-97.4,-1.0,-1.0,1.0,6.0
qwen25_32b,19,-97.4,-1.0,-1.0,2.0,3.0
qwen25_32b,14,-97.4,-1.0,-1.0,3.0,4.0
qwen25_32b,13,-97.4,-1.0,-1.0,2.0,2.0
qwen25_32b,22,-97.4,-1.0,-1.0,1.0,1.0
qwen25_32b,25,-97.4,-1.0,-1.0,1.0,1.0
qwen25_32b,23,-97.4,-1.0,-1.0,1.0,1.0
qwen25_32b,20,-97.4,-1.0,-1.0,3.0,4.0
qwen25_32b,29,-97.4,-1.0,-1.0,1.0,1.0
qwen25_32b,26,-97.4,-1.0,-1.0,1.0,1.0
qwen25_32b,24,-97.4,-1.0,-1.0,1.0,1.0
qwen25_32b,21,-97.4,-1.0,-1.0,7.0,6.0
qwen25_32b,32,-77.92,-0.8,-0.8,3.0,4.0
qwen25_32b,27,-97.4,-1.0,-1.0,1.0,1.0
qwen25_32b,30,-77.92,-0.8,-0.8,6.0,5.0
qwen25_32b,28,-97.4,-1.0,-1.0,1.0,1.0
qwen25_32b,34,-77.92,-0.8,-0.8,1.0,4.0
qwen25_32b,31,-77.92,-0.8,-0.8,5.0,6.0
qwen25_32b,33,-77.92,-0.8,-0.8,2.0,4.0
qwen25_32b,37,-77.92,-0.8,-0.8,2.0,2.0
qwen25_32b,36,-77.92,-0.8,-0.8,1.0,2.0
qwen25_32b,38,-77.92,-0.8,-0.8,2.0,4.0
qwen25_32b,41,-77.92,-0.8,-0.8,1.0,1.0
qwen25_32b,43,-77.92,-0.8,-0.8,2.0,2.0
qwen25_32b,35,-77.92,-0.8,-0.8,1.0,4.0
qwen25_32b,48,-77.92,-0.8,-0.8,4.0,4.0
qwen25_32b,39,-77.92,-0.8,-0.8,1.0,2.0
qwen25_32b,45,-77.92,-0.8,-0.8,4.0,4.0
qwen25_32b,44,-77.92,-0.8,-0.8,5.0,4.0
qwen25_32b,53,-77.92,-0.8,-0.8,1.0,1.0
qwen25_32b,54,-77.92,-0.8,-0.8,1.0,1.0
qwen25_32b,40,-77.92,-0.8,-0.8,2.0,4.0
qwen25_32b,47,-77.92,-0.8,-0.8,3.0,6.0
qwen25_32b,42,-77.92,-0.8,-0.8,4.0,4.0
qwen25_32b,49,-77.92,-0.8,-0.8,2.0,4.0
qwen25_32b,50,-77.92,-0.8,-0.8,2.0,4.0
qwen25_32b,51,-77.92,-0.8,-0.8,5.0,6.0
qwen25_32b,46,-77.92,-0.8,-0.8,3.0,4.0
qwen25_32b,55,-77.92,-0.8,-0.8,1.0,1.0
qwen25_32b,56,-77.92,-0.8,-0.8,1.0,1.0
qwen25_32b,58,-77.92,-0.8,-0.8,1.0,1.0
qwen25_32b,57,-77.92,-0.8,-0.8,1.0,1.0
qwen25_32b,59,-77.92,-0.8,-0.8,1.0,1.0
qwen25_32b,65,-58.44,-0.6,-0.6,4.0,4.0
qwen25_32b,68,-58.44,-0.6,-0.6,2.0,4.0
qwen25_32b,66,-58.44,-0.6,-0.6,2.0,2.0
qwen25_32b,61,-58.44,-0.6,-0.6,3.0,4.0
qwen25_32b,70,-58.44,-0.6,-0.6,2.0,3.0
qwen25_32b,62,-58.44,-0.6,-0.6,2.0,4.0
qwen25_32b,73,-58.44,-0.6,-0.6,3.0,4.0
qwen25_32b,64,-58.44,-0.6,-0.6,1.0,7.0
qwen25_32b,67,-58.44,-0.6,-0.6,2.0,4.0
qwen25_32b,71,-58.44,-0.6,-0.6,1.0,2.0
qwen25_32b,60,-58.44,-0.6,-0.6,2.0,4.0
qwen25_32b,63,-58.44,-0.6,-0.6,3.0,4.0
qwen25_32b,76,-58.44,-0.6,-0.6,3.0,2.0
qwen25_32b,69,-58.44,-0.6,-0.6,1.0,2.0
qwen25_32b,77,-58.44,-0.6,-0.6,3.0,6.0
qwen25_32b,74,-58.44,-0.6,-0.6,5.0,4.0
qwen25_32b,72,-58.44,-0.6,-0.6,4.0,4.0
qwen25_32b,75,-58.44,-0.6,-0.6,5.0,4.0
qwen25_32b,78,-58.44,-0.6,-0.6,3.0,4.0
qwen25_32b,87,-58.44,-0.6,-0.6,1.0,1.0
qwen25_32b,79,-58.44,-0.6,-0.6,2.0,4.0
qwen25_32b,52,-77.92,-0.8,-0.8,1.0,1.0
qwen25_32b,81,-58.44,-0.6,-0.6,5.0,4.0
qwen25_32b,90,-38.96,-0.4,-0.4,5.0,4.0
qwen25_32b,88,-58.44,-0.6,-0.6,1.0,1.0
qwen25_32b,80,-58.44,-0.6,-0.6,1.0,4.0
qwen25_32b,84,-58.44,-0.6,-0.6,1.0,1.0
qwen25_32b,92,-38.96,-0.4,-0.4,2.0,4.0
qwen25_32b,82,-58.44,-0.6,-0.6,1.0,1.0
qwen25_32b,83,-58.44,-0.6,-0.6,1.0,1.0
qwen25_32b,94,-38.96,-0.4,-0.4,1.0,1.0
qwen25_32b,93,-38.96,-0.4,-0.4,6.0,4.0
qwen25_32b,89,-58.44,-0.6,-0.6,1.0,1.0
qwen25_32b,86,-58.44,-0.6,-0.6,1.0,1.0
qwen25_32b,85,-58.44,-0.6,-0.6,1.0,1.0
qwen25_32b,91,-38.96,-0.4,-0.4,3.0,4.0
qwen25_32b,97,-38.96,-0.4,-0.4,2.0,4.0
qwen25_32b,96,-38.96,-0.4,-0.4,2.0,3.0
qwen25_32b,95,-38.96,-0.4,-0.4,3.0,4.0
qwen25_32b,101,-38.96,-0.4,-0.4,2.0,2.0
qwen25_32b,98,-38.96,-0.4,-0.4,2.0,4.0
qwen25_32b,109,-38.96,-0.4,-0.4,3.0,4.0
qwen25_32b,102,-38.96,-0.4,-0.4,6.0,3.0
qwen25_32b,104,-38.96,-0.4,-0.4,5.0,6.0
qwen25_32b,103,-38.96,-0.4,-0.4,1.0,3.0
qwen25_32b,99,-38.96,-0.4,-0.4,3.0,4.0
qwen25_32b,107,-38.96,-0.4,-0.4,,
qwen25_32b,100,-38.96,-0.4,-0.4,3.0,4.0
qwen25_32b,105,-38.96,-0.4,-0.4,5.0,4.0
qwen25_32b,112,-38.96,-0.4,-0.4,1.0,1.0
qwen25_32b,110,-38.96,-0.4,-0.4,2.0,4.0
qwen25_32b,114,-38.96,-0.4,-0.4,1.0,1.0
qwen25_32b,113,-38.96,-0.4,-0.4,1.0,1.0
qwen25_32b,108,-38.96,-0.4,-0.4,4.0,4.0
qwen25_32b,111,-38.96,-0.4,-0.4,3.0,4.0
qwen25_32b,118,-38.96,-0.4,-0.4,1.0,1.0
qwen25_32b,116,-38.96,-0.4,-0.4,1.0,1.0
qwen25_32b,115,-38.96,-0.4,-0.4,1.0,1.0
qwen25_32b,106,-38.96,-0.4,-0.4,5.0,2.0
qwen25_32b,117,-38.96,-0.4,-0.4,1.0,1.0
qwen25_32b,120,-19.48,-0.2,-0.2,5.0,4.0
qwen25_32b,119,-38.96,-0.4,-0.4,1.0,1.0
qwen25_32b,123,-19.48,-0.2,-0.2,3.0,4.0
qwen25_32b,122,-19.48,-0.2,-0.2,2.0,4.0
qwen25_32b,126,-19.48,-0.2,-0.2,3.0,4.0
qwen25_32b,121,-19.48,-0.2,-0.2,3.0,4.0
qwen25_32b,124,-19.48,-0.2,-0.2,1.0,1.0
qwen25_32b,127,-19.48,-0.2,-0.2,3.0,2.0
qwen25_32b,129,-19.48,-0.2,-0.2,3.0,4.0
qwen25_32b,128,-19.48,-0.2,-0.2,5.0,4.0
qwen25_32b,130,-19.48,-0.2,-0.2,3.0,4.0
qwen25_32b,125,-19.48,-0.2,-0.2,3.0,4.0
qwen25_32b,133,-19.48,-0.2,-0.2,3.0,4.0
qwen25_32b,132,-19.48,-0.2,-0.2,3.0,4.0
qwen25_32b,134,-19.48,-0.2,-0.2,3.0,4.0
qwen25_32b,131,-19.48,-0.2,-0.2,3.0,2.0
qwen25_32b,135,-19.48,-0.2,-0.2,5.0,4.0
qwen25_32b,137,-19.48,-0.2,-0.2,5.0,6.0
qwen25_32b,139,-19.48,-0.2,-0.2,3.0,4.0
qwen25_32b,138,-19.48,-0.2,-0.2,4.0,4.0
qwen25_32b,136,-19.48,-0.2,-0.2,3.0,4.0
qwen25_32b,142,-19.48,-0.2,-0.2,1.0,1.0
qwen25_32b,146,-19.48,-0.2,-0.2,1.0,1.0
qwen25_32b,140,-19.48,-0.2,-0.2,4.0,4.0
qwen25_32b,145,-19.48,-0.2,-0.2,1.0,1.0
qwen25_32b,143,-19.48,-0.2,-0.2,1.0,1.0
qwen25_32b,149,-19.48,-0.2,-0.2,1.0,1.0
qwen25_32b,144,-19.48,-0.2,-0.2,1.0,1.0
qwen25_32b,147,-19.48,-0.2,-0.2,1.0,1.0
qwen25_32b,141,-19.48,-0.2,-0.2,3.0,4.0
qwen25_32b,148,-19.48,-0.2,-0.2,1.0,1.0
qwen25_32b,150,0.0,0.0,0.0,5.0,4.0
qwen25_32b,151,0.0,0.0,0.0,5.0,4.0
qwen25_32b,152,0.0,0.0,0.0,2.0,4.0
qwen25_32b,155,0.0,0.0,0.0,3.0,4.0
qwen25_32b,153,0.0,0.0,0.0,3.0,4.0
qwen25_32b,156,0.0,0.0,0.0,5.0,4.0
qwen25_32b,154,0.0,0.0,0.0,2.0,7.0
qwen25_32b,157,0.0,0.0,0.0,3.0,2.0
qwen25_32b,158,0.0,0.0,0.0,1.0,4.0
qwen25_32b,161,0.0,0.0,0.0,5.0,3.0
qwen25_32b,162,0.0,0.0,0.0,5.0,4.0
qwen25_32b,160,0.0,0.0,0.0,2.0,4.0
qwen25_32b,167,0.0,0.0,0.0,5.0,6.0
qwen25_32b,164,0.0,0.0,0.0,4.0,4.0
qwen25_32b,163,0.0,0.0,0.0,2.0,4.0
qwen25_32b,159,0.0,0.0,0.0,3.0,4.0
qwen25_32b,173,0.0,0.0,0.0,1.0,1.0
qwen25_32b,170,0.0,0.0,0.0,5.0,4.0
qwen25_32b,168,0.0,0.0,0.0,3.0,4.0
qwen25_32b,172,0.0,0.0,0.0,1.0,1.0
qwen25_32b,169,0.0,0.0,0.0,3.0,4.0
qwen25_32b,166,0.0,0.0,0.0,5.0,4.0
qwen25_32b,171,0.0,0.0,0.0,4.0,4.0
qwen25_32b,175,0.0,0.0,0.0,1.0,1.0
qwen25_32b,174,0.0,0.0,0.0,2.0,1.0
qwen25_32b,165,0.0,0.0,0.0,5.0,6.0
qwen25_32b,176,0.0,0.0,0.0,1.0,1.0
qwen25_32b,179,0.0,0.0,0.0,2.0,1.0
qwen25_32b,177,0.0,0.0,0.0,1.0,1.0
qwen25_32b,178,0.0,0.0,0.0,1.0,1.0
qwen25_32b,185,22.58,0.2,0.2,3.0,4.0
qwen25_32b,183,22.58,0.2,0.2,6.0,4.0
qwen25_32b,180,22.58,0.2,0.2,5.0,4.0
qwen25_32b,182,22.58,0.2,0.2,3.0,4.0
qwen25_32b,186,22.58,0.2,0.2,3.0,4.0
qwen25_32b,191,22.58,0.2,0.2,5.0,4.0
qwen25_32b,184,22.58,0.2,0.2,1.0,1.0
qwen25_32b,187,22.58,0.2,0.2,5.0,4.0
qwen25_32b,181,22.58,0.2,0.2,7.0,6.0
qwen25_32b,188,22.58,0.2,0.2,6.0,4.0
qwen25_32b,189,22.58,0.2,0.2,5.0,4.0
qwen25_32b,192,22.58,0.2,0.2,3.0,2.0
qwen25_32b,190,22.58,0.2,0.2,5.0,4.0
qwen25_32b,197,22.58,0.2,0.2,6.0,6.0
qwen25_32b,198,22.58,0.2,0.2,5.0,4.0
qwen25_32b,194,22.58,0.2,0.2,6.0,6.0
qwen25_32b,193,22.58,0.2,0.2,3.0,5.0
qwen25_32b,196,22.58,0.2,0.2,6.0,4.0
qwen25_32b,195,22.58,0.2,0.2,6.0,5.0
qwen25_32b,200,22.58,0.2,0.2,3.0,4.0
qwen25_32b,201,22.58,0.2,0.2,5.0,4.0
qwen25_32b,199,22.58,0.2,0.2,3.0,4.0
qwen25_32b,202,22.58,0.2,0.2,1.0,1.0
qwen25_32b,204,22.58,0.2,0.2,2.0,3.0
qwen25_32b,205,22.58,0.2,0.2,1.0,2.0
qwen25_32b,207,22.58,0.2,0.2,1.0,1.0
qwen25_32b,206,22.58,0.2,0.2,3.0,1.0
qwen25_32b,212,45.16,0.4,0.4,5.0,4.0
qwen25_32b,214,45.16,0.4,0.4,1.0,1.0
qwen25_32b,203,22.58,0.2,0.2,1.0,1.0
qwen25_32b,216,45.16,0.4,0.4,3.0,3.0
qwen25_32b,208,22.58,0.2,0.2,1.0,1.0
qwen25_32b,215,45.16,0.4,0.4,5.0,4.0
qwen25_32b,213,45.16,0.4,0.4,1.0,1.0
qwen25_32b,211,45.16,0.4,0.4,7.0,6.0
qwen25_32b,210,45.16,0.4,0.4,7.0,5.0
qwen25_32b,217,45.16,0.4,0.4,5.0,4.0
qwen25_32b,219,45.16,0.4,0.4,6.0,4.0
qwen25_32b,218,45.16,0.4,0.4,7.0,4.0
qwen25_32b,222,45.16,0.4,0.4,3.0,4.0
qwen25_32b,209,22.58,0.2,0.2,2.0,2.0
qwen25_32b,221,45.16,0.4,0.4,6.0,4.0
qwen25_32b,223,45.16,0.4,0.4,7.0,4.0
qwen25_32b,220,45.16,0.4,0.4,5.0,4.0
qwen25_32b,232,45.16,0.4,0.4,1.0,1.0
qwen25_32b,225,45.16,0.4,0.4,7.0,6.0
qwen25_32b,224,45.16,0.4,0.4,6.0,4.0
qwen25_32b,235,45.16,0.4,0.4,3.0,2.0
qwen25_32b,233,45.16,0.4,0.4,1.0,1.0
qwen25_32b,231,45.16,0.4,0.4,5.0,4.0
qwen25_32b,228,45.16,0.4,0.4,6.0,4.0
qwen25_32b,234,45.16,0.4,0.4,5.0,3.0
qwen25_32b,230,45.16,0.4,0.4,5.0,4.0
qwen25_32b,236,45.16,0.4,0.4,1.0,2.0
qwen25_32b,226,45.16,0.4,0.4,5.0,4.0
qwen25_32b,227,45.16,0.4,0.4,6.0,6.0
qwen25_32b,238,45.16,0.4,0.4,1.0,2.0
qwen25_32b,239,45.16,0.4,0.4,5.0,2.0
qwen25_32b,237,45.16,0.4,0.4,1.0,1.0
qwen25_32b,240,67.74,0.6,0.6,7.0,6.0
qwen25_32b,241,67.74,0.6,0.6,7.0,7.0
qwen25_32b,243,67.74,0.6,0.6,7.0,1.0
qwen25_32b,229,45.16,0.4,0.4,7.0,4.0
qwen25_32b,242,67.74,0.6,0.6,7.0,4.0
qwen25_32b,246,67.74,0.6,0.6,5.0,3.0
qwen25_32b,244,67.74,0.6,0.6,1.0,1.0
qwen25_32b,251,67.74,0.6,0.6,6.0,4.0
qwen25_32b,249,67.74,0.6,0.6,7.0,4.0
qwen25_32b,247,67.74,0.6,0.6,5.0,2.0
qwen25_32b,252,67.74,0.6,0.6,3.0,4.0
qwen25_32b,253,67.74,0.6,0.6,7.0,5.0
qwen25_32b,248,67.74,0.6,0.6,7.0,6.0
qwen25_32b,245,67.74,0.6,0.6,7.0,4.0
qwen25_32b,250,67.74,0.6,0.6,7.0,4.0
qwen25_32b,255,67.74,0.6,0.6,6.0,6.0
qwen25_32b,257,67.74,0.6,0.6,6.0,4.0
qwen25_32b,254,67.74,0.6,0.6,7.0,6.0
qwen25_32b,256,67.74,0.6,0.6,7.0,7.0
qwen25_32b,261,67.74,0.6,0.6,7.0,7.0
qwen25_32b,258,67.74,0.6,0.6,6.0,4.0
qwen25_32b,260,67.74,0.6,0.6,6.0,4.0
qwen25_32b,259,67.74,0.6,0.6,7.0,4.0
qwen25_32b,263,67.74,0.6,0.6,1.0,1.0
qwen25_32b,262,67.74,0.6,0.6,7.0,1.0
qwen25_32b,265,67.74,0.6,0.6,5.0,3.0
qwen25_32b,264,67.74,0.6,0.6,5.0,3.0
qwen25_32b,266,67.74,0.6,0.6,6.0,4.0
qwen25_32b,271,90.32,0.8,0.8,7.0,7.0
qwen25_32b,267,67.74,0.6,0.6,1.0,1.0
qwen25_32b,274,90.32,0.8,0.8,7.0,5.0
qwen25_32b,273,90.32,0.8,0.8,1.0,7.0
qwen25_32b,275,90.32,0.8,0.8,7.0,4.0
qwen25_32b,272,90.32,0.8,0.8,7.0,4.0
qwen25_32b,270,90.32,0.8,0.8,7.0,4.0
qwen25_32b,269,67.74,0.6,0.6,5.0,4.0
qwen25_32b,268,67.74,0.6,0.6,5.0,1.0
qwen25_32b,276,90.32,0.8,0.8,6.0,4.0
qwen25_32b,279,90.32,0.8,0.8,6.0,4.0
qwen25_32b,278,90.32,0.8,0.8,6.0,6.0
qwen25_32b,282,90.32,0.8,0.8,3.0,4.0
qwen25_32b,284,90.32,0.8,0.8,7.0,7.0
qwen25_32b,280,90.32,0.8,0.8,7.0,4.0
qwen25_32b,277,90.32,0.8,0.8,6.0,4.0
qwen25_32b,285,90.32,0.8,0.8,7.0,6.0
qwen25_32b,281,90.32,0.8,0.8,6.0,4.0
qwen25_32b,292,90.32,0.8,0.8,7.0,1.0
qwen25_32b,287,90.32,0.8,0.8,7.0,7.0
qwen25_32b,294,90.32,0.8,0.8,6.0,2.0
qwen25_32b,290,90.32,0.8,0.8,7.0,6.0
qwen25_32b,291,90.32,0.8,0.8,7.0,6.0
qwen25_32b,286,90.32,0.8,0.8,7.0,7.0
qwen25_32b,288,90.32,0.8,0.8,6.0,4.0
qwen25_32b,289,90.32,0.8,0.8,7.0,4.0
qwen25_32b,295,90.32,0.8,0.8,7.0,3.0
qwen25_32b,296,90.32,0.8,0.8,6.0,4.0
qwen25_32b,293,90.32,0.8,0.8,7.0,5.0
qwen25_32b,283,90.32,0.8,0.8,7.0,6.0
qwen25_32b,299,90.32,0.8,0.8,7.0,4.0
qwen25_32b,297,90.32,0.8,0.8,7.0,1.0
qwen25_32b,300,112.9,1.0,1.0,7.0,6.0
qwen25_32b,301,112.9,1.0,1.0,7.0,7.0
qwen25_32b,302,112.9,1.0,1.0,7.0,4.0
qwen25_32b,298,90.32,0.8,0.8,5.0,4.0
qwen25_32b,304,112.9,1.0,1.0,1.0,7.0
qwen25_32b,303,112.9,1.0,1.0,1.0,7.0
qwen25_32b,309,112.9,1.0,1.0,6.0,4.0
qwen25_32b,305,112.9,1.0,1.0,7.0,4.0
qwen25_32b,315,112.9,1.0,1.0,7.0,7.0
qwen25_32b,322,112.9,1.0,1.0,7.0,1.0
qwen25_32b,313,112.9,1.0,1.0,7.0,6.0
qwen25_32b,307,112.9,1.0,1.0,6.0,4.0
qwen25_32b,316,112.9,1.0,1.0,7.0,7.0
qwen25_32b,312,112.9,1.0,1.0,7.0,4.0
qwen25_32b,314,112.9,1.0,1.0,7.0,7.0
qwen25_32b,317,112.9,1.0,1.0,7.0,7.0
qwen25_32b,306,112.9,1.0,1.0,7.0,4.0
qwen25_32b,308,112.9,1.0,1.0,7.0,7.0
qwen25_32b,311,112.9,1.0,1.0,7.0,5.0
qwen25_32b,310,112.9,1.0,1.0,7.0,6.0
qwen25_32b,320,112.9,1.0,1.0,7.0,4.0
qwen25_32b,319,112.9,1.0,1.0,7.0,6.0
qwen25_32b,321,112.9,1.0,1.0,7.0,6.0
qwen25_32b,318,112.9,1.0,1.0,7.0,4.0
qwen25_32b,324,112.9,1.0,1.0,7.0,7.0
qwen25_32b,325,112.9,1.0,1.0,7.0,7.0
qwen25_32b,323,112.9,1.0,1.0,7.0,2.0
qwen25_32b,326,112.9,1.0,1.0,7.0,1.0
qwen25_32b,328,112.9,1.0,1.0,5.0,2.0
qwen25_32b,327,112.9,1.0,1.0,7.0,7.0
qwen25_32b,329,112.9,1.0,1.0,7.0,6.0
qwen25_72b,6,-67.7,-1.0,-1.0,1.0,2.0
qwen25_72b,9,-67.7,-1.0,-1.0,2.0,2.0
qwen25_72b,10,-67.7,-1.0,-1.0,1.0,4.0
qwen25_72b,7,-67.7,-1.0,-1.0,1.0,2.0
qwen25_72b,0,-67.7,-1.0,-1.0,5.0,4.0
qwen25_72b,14,-67.7,-1.0,-1.0,4.0,4.0
qwen25_72b,8,-67.7,-1.0,-1.0,1.0,2.0
qwen25_72b,4,-67.7,-1.0,-1.0,4.0,4.0
qwen25_72b,11,-67.7,-1.0,-1.0,2.0,3.0
qwen25_72b,15,-67.7,-1.0,-1.0,3.0,4.0
qwen25_72b,5,-67.7,-1.0,-1.0,4.0,4.0
qwen25_72b,19,-67.7,-1.0,-1.0,2.0,4.0
qwen25_72b,12,-67.7,-1.0,-1.0,2.0,4.0
qwen25_72b,2,-67.7,-1.0,-1.0,4.0,4.0
qwen25_72b,13,-67.7,-1.0,-1.0,1.0,3.0
qwen25_72b,17,-67.7,-1.0,-1.0,3.0,2.0
qwen25_72b,1,-67.7,-1.0,-1.0,4.0,4.0
qwen25_72b,3,-67.7,-1.0,-1.0,4.0,4.0
qwen25_72b,18,-67.7,-1.0,-1.0,3.0,4.0
qwen25_72b,16,-67.7,-1.0,-1.0,3.0,3.0
qwen25_72b,23,-67.7,-1.0,-1.0,1.0,1.0
qwen25_72b,27,-67.7,-1.0,-1.0,1.0,1.0
qwen25_72b,25,-67.7,-1.0,-1.0,1.0,1.0
qwen25_72b,22,-67.7,-1.0,-1.0,1.0,1.0
qwen25_72b,21,-67.7,-1.0,-1.0,2.0,4.0
qwen25_72b,20,-67.7,-1.0,-1.0,3.0,4.0
qwen25_72b,26,-67.7,-1.0,-1.0,1.0,1.0
qwen25_72b,30,-54.16,-0.8,-0.8,3.0,4.0
qwen25_72b,32,-54.16,-0.8,-0.8,4.0,4.0
qwen25_72b,31,-54.16,-0.8,-0.8,3.0,4.0
qwen25_72b,28,-67.7,-1.0,-1.0,1.0,1.0
qwen25_72b,36,-54.16,-0.8,-0.8,2.0,2.0
qwen25_72b,29,-67.7,-1.0,-1.0,1.0,1.0
qwen25_72b,37,-54.16,-0.8,-0.8,5.0,2.0
qwen25_72b,33,-54.16,-0.8,-0.8,3.0,4.0
qwen25_72b,35,-54.16,-0.8,-0.8,3.0,3.0
qwen25_72b,24,-67.7,-1.0,-1.0,1.0,1.0
qwen25_72b,40,-54.16,-0.8,-0.8,1.0,2.0
qwen25_72b,39,-54.16,-0.8,-0.8,2.0,2.0
qwen25_72b,38,-54.16,-0.8,-0.8,4.0,2.0
qwen25_72b,34,-54.16,-0.8,-0.8,4.0,3.0
qwen25_72b,42,-54.16,-0.8,-0.8,3.0,3.0
qwen25_72b,44,-54.16,-0.8,-0.8,4.0,4.0
qwen25_72b,41,-54.16,-0.8,-0.8,3.0,3.0
qwen25_72b,43,-54.16,-0.8,-0.8,1.0,4.0
qwen25_72b,46,-54.16,-0.8,-0.8,3.0,4.0
qwen25_72b,45,-54.16,-0.8,-0.8,5.0,4.0
qwen25_72b,52,-54.16,-0.8,-0.8,1.0,1.0
qwen25_72b,50,-54.16,-0.8,-0.8,3.0,4.0
qwen25_72b,47,-54.16,-0.8,-0.8,2.0,4.0
qwen25_72b,58,-54.16,-0.8,-0.8,1.0,1.0
qwen25_72b,54,-54.16,-0.8,-0.8,1.0,1.0
qwen25_72b,49,-54.16,-0.8,-0.8,3.0,4.0
qwen25_72b,56,-54.16,-0.8,-0.8,1.0,1.0
qwen25_72b,55,-54.16,-0.8,-0.8,1.0,1.0
qwen25_72b,53,-54.16,-0.8,-0.8,1.0,1.0
qwen25_72b,48,-54.16,-0.8,-0.8,2.0,3.0
qwen25_72b,57,-54.16,-0.8,-0.8,1.0,1.0
qwen25_72b,60,-40.62,-0.6,-0.6,6.0,4.0
qwen25_72b,61,-40.62,-0.6,-0.6,5.0,5.0
qwen25_72b,63,-40.62,-0.6,-0.6,3.0,4.0
qwen25_72b,62,-40.62,-0.6,-0.6,4.0,4.0
qwen25_72b,69,-40.62,-0.6,-0.6,2.0,2.0
qwen25_72b,70,-40.62,-0.6,-0.6,1.0,3.0
qwen25_72b,51,-54.16,-0.8,-0.8,3.0,4.0
qwen25_72b,68,-40.62,-0.6,-0.6,2.0,2.0
qwen25_72b,67,-40.62,-0.6,-0.6,3.0,4.0
qwen25_72b,59,-54.16,-0.8,-0.8,1.0,1.0
qwen25_72b,71,-40.62,-0.6,-0.6,3.0,2.0
qwen25_72b,65,-40.62,-0.6,-0.6,3.0,3.0
qwen25_72b,74,-40.62,-0.6,-0.6,4.0,4.0
qwen25_72b,75,-40.62,-0.6,-0.6,5.0,4.0
qwen25_72b,66,-40.62,-0.6,-0.6,1.0,3.0
qwen25_72b,78,-40.62,-0.6,-0.6,3.0,2.0
qwen25_72b,64,-40.62,-0.6,-0.6,1.0,4.0
qwen25_72b,77,-40.62,-0.6,-0.6,3.0,4.0
qwen25_72b,76,-40.62,-0.6,-0.6,3.0,3.0
qwen25_72b,80,-40.62,-0.6,-0.6,2.0,4.0
qwen25_72b,72,-40.62,-0.6,-0.6,2.0,4.0
qwen25_72b,82,-40.62,-0.6,-0.6,1.0,1.0
qwen25_72b,73,-40.62,-0.6,-0.6,1.0,2.0
qwen25_72b,79,-40.62,-0.6,-0.6,3.0,4.0
qwen25_72b,86,-40.62,-0.6,-0.6,1.0,1.0
qwen25_72b,87,-40.62,-0.6,-0.6,1.0,1.0
qwen25_72b,88,-40.62,-0.6,-0.6,1.0,1.0
qwen25_72b,84,-40.62,-0.6,-0.6,1.0,1.0
qwen25_72b,81,-40.62,-0.6,-0.6,3.0,3.0
qwen25_72b,83,-40.62,-0.6,-0.6,1.0,1.0
qwen25_72b,89,-40.62,-0.6,-0.6,1.0,1.0
qwen25_72b,85,-40.62,-0.6,-0.6,1.0,1.0
qwen25_72b,90,-27.08,-0.4,-0.4,5.0,4.0
qwen25_72b,91,-27.08,-0.4,-0.4,6.0,4.0
qwen25_72b,92,-27.08,-0.4,-0.4,5.0,4.0
qwen25_72b,95,-27.08,-0.4,-0.4,1.0,4.0
qwen25_72b,94,-27.08,-0.4,-0.4,1.0,4.0
qwen25_72b,93,-27.08,-0.4,-0.4,4.0,4.0
qwen25_72b,97,-27.08,-0.4,-0.4,3.0,4.0
qwen25_72b,99,-27.08,-0.4,-0.4,1.0,2.0
qwen25_72b,96,-27.08,-0.4,-0.4,3.0,2.0
qwen25_72b,102,-27.08,-0.4,-0.4,2.0,4.0
qwen25_72b,100,-27.08,-0.4,-0.4,2.0,3.0
qwen25_72b,107,-27.08,-0.4,-0.4,3.0,3.0
qwen25_72b,103,-27.08,-0.4,-0.4,2.0,3.0
qwen25_72b,101,-27.08,-0.4,-0.4,2.0,3.0
qwen25_72b,104,-27.08,-0.4,-0.4,5.0,4.0
qwen25_72b,98,-27.08,-0.4,-0.4,1.0,2.0
qwen25_72b,106,-27.08,-0.4,-0.4,3.0,4.0
qwen25_72b,105,-27.08,-0.4,-0.4,5.0,4.0
qwen25_72b,108,-27.08,-0.4,-0.4,3.0,3.0
qwen25_72b,112,-27.08,-0.4,-0.4,1.0,1.0
qwen25_72b,110,-27.08,-0.4,-0.4,2.0,4.0
qwen25_72b,111,-27.08,-0.4,-0.4,3.0,4.0
qwen25_72b,109,-27.08,-0.4,-0.4,3.0,4.0
qwen25_72b,114,-27.08,-0.4,-0.4,1.0,1.0
qwen25_72b,115,-27.08,-0.4,-0.4,1.0,1.0
qwen25_72b,113,-27.08,-0.4,-0.4,1.0,1.0
qwen25_72b,116,-27.08,-0.4,-0.4,1.0,1.0
qwen25_72b,120,-13.54,-0.2,-0.2,5.0,4.0
qwen25_72b,122,-13.54,-0.2,-0.2,5.0,4.0
qwen25_72b,119,-27.08,-0.4,-0.4,1.0,1.0
qwen25_72b,121,-13.54,-0.2,-0.2,6.0,4.0
qwen25_72b,118,-27.08,-0.4,-0.4,1.0,1.0
qwen25_72b,124,-13.54,-0.2,-0.2,6.0,4.0
qwen25_72b,126,-13.54,-0.2,-0.2,3.0,3.0
qwen25_72b,128,-13.54,-0.2,-0.2,2.0,4.0
qwen25_72b,125,-13.54,-0.2,-0.2,4.0,4.0
qwen25_72b,135,-13.54,-0.2,-0.2,3.0,4.0
qwen25_72b,129,-13.54,-0.2,-0.2,2.0,4.0
qwen25_72b,123,-13.54,-0.2,-0.2,3.0,4.0
qwen25_72b,130,-13.54,-0.2,-0.2,2.0,4.0
qwen25_72b,133,-13.54,-0.2,-0.2,2.0,4.0
qwen25_72b,127,-13.54,-0.2,-0.2,3.0,4.0
qwen25_72b,132,-13.54,-0.2,-0.2,2.0,4.0
qwen25_72b,131,-13.54,-0.2,-0.2,2.0,3.0
qwen25_72b,136,-13.54,-0.2,-0.2,5.0,4.0
qwen25_72b,134,-13.54,-0.2,-0.2,5.0,4.0
qwen25_72b,117,-27.08,-0.4,-0.4,1.0,1.0
qwen25_72b,139,-13.54,-0.2,-0.2,3.0,4.0
qwen25_72b,142,-13.54,-0.2,-0.2,1.0,1.0
qwen25_72b,149,-13.54,-0.2,-0.2,2.0,1.0
qwen25_72b,138,-13.54,-0.2,-0.2,5.0,3.0
qwen25_72b,137,-13.54,-0.2,-0.2,2.0,3.0
qwen25_72b,141,-13.54,-0.2,-0.2,3.0,3.0
qwen25_72b,143,-13.54,-0.2,-0.2,1.0,1.0
qwen25_72b,145,-13.54,-0.2,-0.2,1.0,1.0
qwen25_72b,146,-13.54,-0.2,-0.2,1.0,1.0
qwen25_72b,144,-13.54,-0.2,-0.2,1.0,1.0
qwen25_72b,147,-13.54,-0.2,-0.2,1.0,1.0
qwen25_72b,140,-13.54,-0.2,-0.2,2.0,4.0
qwen25_72b,148,-13.54,-0.2,-0.2,1.0,2.0
qwen25_72b,151,0.0,0.0,0.0,6.0,4.0
qwen25_72b,152,0.0,0.0,0.0,4.0,3.0
qwen25_72b,150,0.0,0.0,0.0,7.0,4.0
qwen25_72b,153,0.0,0.0,0.0,3.0,4.0
qwen25_72b,154,0.0,0.0,0.0,2.0,4.0
qwen25_72b,158,0.0,0.0,0.0,6.0,3.0
qwen25_72b,159,0.0,0.0,0.0,2.0,4.0
qwen25_72b,155,0.0,0.0,0.0,4.0,4.0
qwen25_72b,157,0.0,0.0,0.0,3.0,3.0
qwen25_72b,156,0.0,0.0,0.0,5.0,3.0
qwen25_72b,165,0.0,0.0,0.0,5.0,6.0
qwen25_72b,169,0.0,0.0,0.0,3.0,4.0
qwen25_72b,167,0.0,0.0,0.0,5.0,5.0
qwen25_72b,161,0.0,0.0,0.0,3.0,2.0
qwen25_72b,168,0.0,0.0,0.0,5.0,4.0
qwen25_72b,172,0.0,0.0,0.0,1.0,1.0
qwen25_72b,164,0.0,0.0,0.0,5.0,6.0
qwen25_72b,163,0.0,0.0,0.0,2.0,2.0
qwen25_72b,170,0.0,0.0,0.0,2.0,4.0
qwen25_72b,160,0.0,0.0,0.0,3.0,4.0
qwen25_72b,162,0.0,0.0,0.0,3.0,4.0
qwen25_72b,174,0.0,0.0,0.0,1.0,1.0
qwen25_72b,166,0.0,0.0,0.0,5.0,4.0
qwen25_72b,175,0.0,0.0,0.0,1.0,1.0
qwen25_72b,171,0.0,0.0,0.0,3.0,4.0
qwen25_72b,176,0.0,0.0,0.0,2.0,2.0
qwen25_72b,177,0.0,0.0,0.0,1.0,1.0
qwen25_72b,173,0.0,0.0,0.0,1.0,1.0
qwen25_72b,179,0.0,0.0,0.0,1.0,1.0
qwen25_72b,178,0.0,0.0,0.0,1.0,1.0
qwen25_72b,185,18.14,0.2,0.2,3.0,4.0
qwen25_72b,180,18.14,0.2,0.2,6.0,6.0
qwen25_72b,186,18.14,0.2,0.2,5.0,4.0
qwen25_72b,181,18.14,0.2,0.2,7.0,7.0
qwen25_72b,184,18.14,0.2,0.2,2.0,4.0
qwen25_72b,188,18.14,0.2,0.2,7.0,7.0
qwen25_72b,191,18.14,0.2,0.2,5.0,3.0
qwen25_72b,189,18.14,0.2,0.2,5.0,4.0
qwen25_72b,183,18.14,0.2,0.2,2.0,4.0
qwen25_72b,182,18.14,0.2,0.2,3.0,4.0
qwen25_72b,192,18.14,0.2,0.2,3.0,4.0
qwen25_72b,190,18.14,0.2,0.2,5.0,4.0
qwen25_72b,187,18.14,0.2,0.2,5.0,3.0
qwen25_72b,193,18.14,0.2,0.2,7.0,6.0
qwen25_72b,195,18.14,0.2,0.2,6.0,6.0
qwen25_72b,196,18.14,0.2,0.2,5.0,3.0
qwen25_72b,198,18.14,0.2,0.2,5.0,4.0
qwen25_72b,199,18.14,0.2,0.2,5.0,4.0
qwen25_72b,194,18.14,0.2,0.2,5.0,6.0
qwen25_72b,197,18.14,0.2,0.2,5.0,5.0
qwen25_72b,201,18.14,0.2,0.2,5.0,5.0
qwen25_72b,200,18.14,0.2,0.2,3.0,4.0
qwen25_72b,204,18.14,0.2,0.2,5.0,1.0
qwen25_72b,208,18.14,0.2,0.2,1.0,2.0
qwen25_72b,203,18.14,0.2,0.2,1.0,1.0
qwen25_72b,209,18.14,0.2,0.2,1.0,2.0
qwen25_72b,210,36.28,0.4,0.4,6.0,6.0
qwen25_72b,202,18.14,0.2,0.2,1.0,1.0
qwen25_72b,207,18.14,0.2,0.2,1.0,1.0
qwen25_72b,212,36.28,0.4,0.4,4.0,5.0
qwen25_72b,206,18.14,0.2,0.2,1.0,2.0
qwen25_72b,213,36.28,0.4,0.4,7.0,6.0
qwen25_72b,211,36.28,0.4,0.4,7.0,7.0
qwen25_72b,214,36.28,0.4,0.4,1.0,6.0
qwen25_72b,205,18.14,0.2,0.2,1.0,1.0
qwen25_72b,219,36.28,0.4,0.4,6.0,4.0
qwen25_72b,215,36.28,0.4,0.4,5.0,4.0
qwen25_72b,217,36.28,0.4,0.4,6.0,4.0
qwen25_72b,220,36.28,0.4,0.4,6.0,5.0
qwen25_72b,224,36.28,0.4,0.4,6.0,6.0
qwen25_72b,222,36.28,0.4,0.4,7.0,4.0
qwen25_72b,221,36.28,0.4,0.4,5.0,4.0
qwen25_72b,216,36.28,0.4,0.4,5.0,2.0
qwen25_72b,218,36.28,0.4,0.4,7.0,6.0
qwen25_72b,223,36.28,0.4,0.4,7.0,6.0
qwen25_72b,228,36.28,0.4,0.4,6.0,6.0
qwen25_72b,227,36.28,0.4,0.4,6.0,6.0
qwen25_72b,230,36.28,0.4,0.4,7.0,5.0
qwen25_72b,226,36.28,0.4,0.4,6.0,3.0
qwen25_72b,225,36.28,0.4,0.4,6.0,6.0
qwen25_72b,237,36.28,0.4,0.4,1.0,1.0
qwen25_72b,233,36.28,0.4,0.4,1.0,1.0
qwen25_72b,229,36.28,0.4,0.4,6.0,4.0
qwen25_72b,234,36.28,0.4,0.4,5.0,4.0
qwen25_72b,232,36.28,0.4,0.4,1.0,1.0
qwen25_72b,236,36.28,0.4,0.4,3.0,1.0
qwen25_72b,242,54.42,0.6,0.6,5.0,2.0
qwen25_72b,239,36.28,0.4,0.4,6.0,4.0
qwen25_72b,241,54.42,0.6,0.6,7.0,7.0
qwen25_72b,231,36.28,0.4,0.4,5.0,4.0
qwen25_72b,243,54.42,0.6,0.6,7.0,7.0
qwen25_72b,246,54.42,0.6,0.6,6.0,4.0
qwen25_72b,235,36.28,0.4,0.4,1.0,2.0
qwen25_72b,245,54.42,0.6,0.6,7.0,6.0
qwen25_72b,240,54.42,0.6,0.6,6.0,6.0
qwen25_72b,244,54.42,0.6,0.6,1.0,6.0
qwen25_72b,247,54.42,0.6,0.6,7.0,6.0
qwen25_72b,249,54.42,0.6,0.6,6.0,4.0
qwen25_72b,250,54.42,0.6,0.6,7.0,6.0
qwen25_72b,238,36.28,0.4,0.4,1.0,2.0
qwen25_72b,252,54.42,0.6,0.6,2.0,4.0
qwen25_72b,251,54.42,0.6,0.6,7.0,6.0
qwen25_72b,255,54.42,0.6,0.6,7.0,7.0
qwen25_72b,253,54.42,0.6,0.6,7.0,6.0
qwen25_72b,248,54.42,0.6,0.6,7.0,7.0
qwen25_72b,257,54.42,0.6,0.6,7.0,6.0
qwen25_72b,254,54.42,0.6,0.6,7.0,7.0
qwen25_72b,256,54.42,0.6,0.6,7.0,6.0
qwen25_72b,260,54.42,0.6,0.6,7.0,5.0
qwen25_72b,262,54.42,0.6,0.6,7.0,1.0
qwen25_72b,259,54.42,0.6,0.6,7.0,6.0
qwen25_72b,261,54.42,0.6,0.6,5.0,4.0
qwen25_72b,258,54.42,0.6,0.6,7.0,7.0
qwen25_72b,263,54.42,0.6,0.6,3.0,2.0
qwen25_72b,265,54.42,0.6,0.6,5.0,1.0
qwen25_72b,272,72.56,0.8,0.8,2.0,4.0
qwen25_72b,264,54.42,0.6,0.6,7.0,6.0
qwen25_72b,267,54.42,0.6,0.6,7.0,7.0
qwen25_72b,268,54.42,0.6,0.6,7.0,5.0
qwen25_72b,266,54.42,0.6,0.6,5.0,4.0
qwen25_72b,270,72.56,0.8,0.8,7.0,7.0
qwen25_72b,269,54.42,0.6,0.6,7.0,4.0
qwen25_72b,275,72.56,0.8,0.8,7.0,6.0
qwen25_72b,274,72.56,0.8,0.8,1.0,1.0
qwen25_72b,280,72.56,0.8,0.8,7.0,7.0
qwen25_72b,278,72.56,0.8,0.8,7.0,7.0
qwen25_72b,271,72.56,0.8,0.8,7.0,7.0
qwen25_72b,277,72.56,0.8,0.8,7.0,4.0
qwen25_72b,273,72.56,0.8,0.8,1.0,7.0
qwen25_72b,276,72.56,0.8,0.8,7.0,4.0
qwen25_72b,281,72.56,0.8,0.8,7.0,7.0
qwen25_72b,285,72.56,0.8,0.8,7.0,7.0
qwen25_72b,282,72.56,0.8,0.8,7.0,4.0
qwen25_72b,283,72.56,0.8,0.8,7.0,7.0
qwen25_72b,287,72.56,0.8,0.8,7.0,6.0
qwen25_72b,289,72.56,0.8,0.8,7.0,4.0
qwen25_72b,279,72.56,0.8,0.8,7.0,6.0
qwen25_72b,291,72.56,0.8,0.8,7.0,6.0
qwen25_72b,284,72.56,0.8,0.8,7.0,7.0
qwen25_72b,286,72.56,0.8,0.8,7.0,7.0
qwen25_72b,292,72.56,0.8,0.8,7.0,1.0
qwen25_72b,288,72.56,0.8,0.8,7.0,7.0
qwen25_72b,294,72.56,0.8,0.8,7.0,7.0
qwen25_72b,297,72.56,0.8,0.8,7.0,7.0
qwen25_72b,293,72.56,0.8,0.8,7.0,2.0
qwen25_72b,295,72.56,0.8,0.8,7.0,7.0
qwen25_72b,296,72.56,0.8,0.8,7.0,6.0
qwen25_72b,290,72.56,0.8,0.8,7.0,4.0
qwen25_72b,299,72.56,0.8,0.8,7.0,6.0
qwen25_72b,303,90.7,1.0,1.0,1.0,1.0
qwen25_72b,300,90.7,1.0,1.0,7.0,4.0
qwen25_72b,302,90.7,1.0,1.0,6.0,7.0
qwen25_72b,301,90.7,1.0,1.0,7.0,7.0
qwen25_72b,305,90.7,1.0,1.0,7.0,7.0
qwen25_72b,306,90.7,1.0,1.0,7.0,7.0
qwen25_72b,298,72.56,0.8,0.8,6.0,7.0
qwen25_72b,311,90.7,1.0,1.0,7.0,7.0
qwen25_72b,304,90.7,1.0,1.0,1.0,7.0
qwen25_72b,307,90.7,1.0,1.0,7.0,6.0
qwen25_72b,313,90.7,1.0,1.0,7.0,7.0
qwen25_72b,308,90.7,1.0,1.0,7.0,7.0
qwen25_72b,310,90.7,1.0,1.0,7.0,7.0
qwen25_72b,314,90.7,1.0,1.0,7.0,7.0
qwen25_72b,315,90.7,1.0,1.0,7.0,7.0
qwen25_72b,309,90.7,1.0,1.0,7.0,7.0
qwen25_72b,317,90.7,1.0,1.0,7.0,7.0
qwen25_72b,319,90.7,1.0,1.0,7.0,7.0
qwen25_72b,318,90.7,1.0,1.0,7.0,7.0
qwen25_72b,320,90.7,1.0,1.0,7.0,4.0
qwen25_72b,316,90.7,1.0,1.0,7.0,7.0
qwen25_72b,312,90.7,1.0,1.0,7.0,6.0
qwen25_72b,323,90.7,1.0,1.0,7.0,7.0
qwen25_72b,325,90.7,1.0,1.0,7.0,1.0
qwen25_72b,329,90.7,1.0,1.0,7.0,6.0
qwen25_72b,324,90.7,1.0,1.0,7.0,7.0
qwen25_72b,322,90.7,1.0,1.0,7.0,1.0
qwen25_72b,321,90.7,1.0,1.0,5.0,6.0
qwen25_72b,326,90.7,1.0,1.0,7.0,7.0
qwen25_72b,328,90.7,1.0,1.0,7.0,6.0
qwen25_72b,327,90.7,1.0,1.0,7.0,7.0
llama3_8b,32,-3.44,-0.8,-0.8,,
llama3_8b,24,-4.3,-1.0,-1.0,,
llama3_8b,13,-4.3,-1.0,-1.0,,
llama3_8b,33,-3.44,-0.8,-0.8,,
llama3_8b,12,-4.3,-1.0,-1.0,,
llama3_8b,3,-4.3,-1.0,-1.0,,
llama3_8b,19,-4.3,-1.0,-1.0,,
llama3_8b,10,-4.3,-1.0,-1.0,,
llama3_8b,18,-4.3,-1.0,-1.0,,
llama3_8b,0,-4.3,-1.0,-1.0,,
llama3_8b,21,-4.3,-1.0,-1.0,,
llama3_8b,7,-4.3,-1.0,-1.0,,
llama3_8b,1,-4.3,-1.0,-1.0,,
llama3_8b,34,-3.44,-0.8,-0.8,,
llama3_8b,9,-4.3,-1.0,-1.0,,
llama3_8b,14,-4.3,-1.0,-1.0,,
llama3_8b,20,-4.3,-1.0,-1.0,,
llama3_8b,11,-4.3,-1.0,-1.0,1.0,2.0
llama3_8b,31,-3.44,-0.8,-0.8,1.0,2.0
llama3_8b,8,-4.3,-1.0,-1.0,1.0,2.0
llama3_8b,22,-4.3,-1.0,-1.0,1.0,1.0
llama3_8b,40,-3.44,-0.8,-0.8,,
llama3_8b,15,-4.3,-1.0,-1.0,1.0,2.0
llama3_8b,25,-4.3,-1.0,-1.0,1.0,1.0
llama3_8b,2,-4.3,-1.0,-1.0,1.0,4.0
llama3_8b,28,-4.3,-1.0,-1.0,1.0,1.0
llama3_8b,27,-4.3,-1.0,-1.0,1.0,1.0
llama3_8b,4,-4.3,-1.0,-1.0,1.0,7.0
llama3_8b,30,-3.44,-0.8,-0.8,1.0,1.0
llama3_8b,29,-4.3,-1.0,-1.0,1.0,1.0
llama3_8b,49,-3.44,-0.8,-0.8,,
llama3_8b,36,-3.44,-0.8,-0.8,1.0,1.0
llama3_8b,6,-4.3,-1.0,-1.0,1.0,1.0
llama3_8b,26,-4.3,-1.0,-1.0,1.0,1.0
llama3_8b,35,-3.44,-0.8,-0.8,1.0,1.0
llama3_8b,17,-4.3,-1.0,-1.0,1.0,2.0
llama3_8b,5,-4.3,-1.0,-1.0,1.0,1.0
llama3_8b,16,-4.3,-1.0,-1.0,2.0,1.0
llama3_8b,57,-3.44,-0.8,-0.8,,
llama3_8b,23,-4.3,-1.0,-1.0,1.0,1.0
llama3_8b,37,-3.44,-0.8,-0.8,1.0,1.0
llama3_8b,41,-3.44,-0.8,-0.8,1.0,1.0
llama3_8b,44,-3.44,-0.8,-0.8,1.0,1.0
llama3_8b,47,-3.44,-0.8,-0.8,2.0,2.0
llama3_8b,50,-3.44,-0.8,-0.8,1.0,2.0
llama3_8b,46,-3.44,-0.8,-0.8,2.0,1.0
llama3_8b,39,-3.44,-0.8,-0.8,1.0,2.0
llama3_8b,42,-3.44,-0.8,-0.8,2.0,6.0
llama3_8b,38,-3.44,-0.8,-0.8,1.0,2.0
llama3_8b,53,-3.44,-0.8,-0.8,1.0,1.0
llama3_8b,59,-3.44,-0.8,-0.8,1.0,1.0
llama3_8b,52,-3.44,-0.8,-0.8,1.0,1.0
llama3_8b,54,-3.44,-0.8,-0.8,1.0,1.0
llama3_8b,51,-3.44,-0.8,-0.8,2.0,1.0
llama3_8b,56,-3.44,-0.8,-0.8,1.0,1.0
llama3_8b,43,-3.44,-0.8,-0.8,2.0,1.0
llama3_8b,58,-3.44,-0.8,-0.8,1.0,1.0
llama3_8b,55,-3.44,-0.8,-0.8,1.0,1.0
llama3_8b,48,-3.44,-0.8,-0.8,1.0,1.0
llama3_8b,45,-3.44,-0.8,-0.8,1.0,1.0
llama3_8b,60,-2.58,-0.6,-0.6,1.0,1.0
llama3_8b,64,-2.58,-0.6,-0.6,1.0,1.0
llama3_8b,61,-2.58,-0.6,-0.6,2.0,1.0
llama3_8b,66,-2.58,-0.6,-0.6,1.0,1.0
llama3_8b,71,-2.58,-0.6,-0.6,1.0,1.0
llama3_8b,84,-2.58,-0.6,-0.6,,
llama3_8b,65,-2.58,-0.6,-0.6,1.0,1.0
llama3_8b,63,-2.58,-0.6,-0.6,,
llama3_8b,62,-2.58,-0.6,-0.6,1.0,2.0
llama3_8b,73,-2.58,-0.6,-0.6,1.0,1.0
llama3_8b,67,-2.58,-0.6,-0.6,1.0,1.0
llama3_8b,72,-2.58,-0.6,-0.6,3.0,4.0
llama3_8b,69,-2.58,-0.6,-0.6,1.0,1.0
llama3_8b,75,-2.58,-0.6,-0.6,3.0,2.0
llama3_8b,68,-2.58,-0.6,-0.6,1.0,1.0
llama3_8b,70,-2.58,-0.6,-0.6,1.0,2.0
llama3_8b,79,-2.58,-0.6,-0.6,1.0,4.0
llama3_8b,76,-2.58,-0.6,-0.6,2.0,1.0
llama3_8b,77,-2.58,-0.6,-0.6,1.0,2.0
llama3_8b,83,-2.58,-0.6,-0.6,1.0,1.0
llama3_8b,78,-2.58,-0.6,-0.6,1.0,1.0
llama3_8b,82,-2.58,-0.6,-0.6,1.0,1.0
llama3_8b,86,-2.58,-0.6,-0.6,1.0,1.0
llama3_8b,85,-2.58,-0.6,-0.6,1.0,1.0
llama3_8b,81,-2.58,-0.6,-0.6,2.0,5.0
llama3_8b,74,-2.58,-0.6,-0.6,2.0,2.0
llama3_8b,80,-2.58,-0.6,-0.6,1.0,2.0
llama3_8b,91,-1.72,-0.4,-0.4,2.0,4.0
llama3_8b,87,-2.58,-0.6,-0.6,1.0,1.0
llama3_8b,88,-2.58,-0.6,-0.6,1.0,1.0
llama3_8b,94,-1.72,-0.4,-0.4,1.0,1.0
llama3_8b,92,-1.72,-0.4,-0.4,2.0,4.0
llama3_8b,90,-1.72,-0.4,-0.4,1.0,2.0
llama3_8b,89,-2.58,-0.6,-0.6,1.0,1.0
llama3_8b,93,-1.72,-0.4,-0.4,2.0,4.0
llama3_8b,97,-1.72,-0.4,-0.4,1.0,1.0
llama3_8b,96,-1.72,-0.4,-0.4,1.0,1.0
llama3_8b,95,-1.72,-0.4,-0.4,1.0,1.0
llama3_8b,98,-1.72,-0.4,-0.4,1.0,1.0
llama3_8b,102,-1.72,-0.4,-0.4,2.0,2.0
llama3_8b,99,-1.72,-0.4,-0.4,1.0,1.0
llama3_8b,103,-1.72,-0.4,-0.4,1.0,1.0
llama3_8b,104,-1.72,-0.4,-0.4,4.0,4.0
llama3_8b,106,-1.72,-0.4,-0.4,1.0,1.0
llama3_8b,101,-1.72,-0.4,-0.4,1.0,2.0
llama3_8b,107,-1.72,-0.4,-0.4,2.0,2.0
llama3_8b,100,-1.72,-0.4,-0.4,1.0,2.0
llama3_8b,113,-1.72,-0.4,-0.4,1.0,1.0
llama3_8b,105,-1.72,-0.4,-0.4,2.0,2.0
llama3_8b,111,-1.72,-0.4,-0.4,1.0,4.0
llama3_8b,112,-1.72,-0.4,-0.4,1.0,1.0
llama3_8b,109,-1.72,-0.4,-0.4,1.0,2.0
llama3_8b,108,-1.72,-0.4,-0.4,1.0,1.0
llama3_8b,117,-1.72,-0.4,-0.4,1.0,1.0
llama3_8b,116,-1.72,-0.4,-0.4,1.0,1.0
llama3_8b,115,-1.72,-0.4,-0.4,1.0,1.0
llama3_8b,114,-1.72,-0.4,-0.4,1.0,1.0
llama3_8b,110,-1.72,-0.4,-0.4,1.0,1.0
llama3_8b,121,-0.86,-0.2,-0.2,5.0,4.0
llama3_8b,120,-0.86,-0.2,-0.2,2.0,3.0
llama3_8b,124,-0.86,-0.2,-0.2,1.0,1.0
llama3_8b,118,-1.72,-0.4,-0.4,1.0,1.0
llama3_8b,119,-1.72,-0.4,-0.4,1.0,1.0
llama3_8b,123,-0.86,-0.2,-0.2,3.0,4.0
llama3_8b,122,-0.86,-0.2,-0.2,3.0,4.0
llama3_8b,131,-0.86,-0.2,-0.2,1.0,1.0
llama3_8b,127,-0.86,-0.2,-0.2,1.0,1.0
llama3_8b,129,-0.86,-0.2,-0.2,1.0,1.0
llama3_8b,128,-0.86,-0.2,-0.2,2.0,4.0
llama3_8b,126,-0.86,-0.2,-0.2,1.0,1.0
llama3_8b,130,-0.86,-0.2,-0.2,2.0,4.0
llama3_8b,132,-0.86,-0.2,-0.2,3.0,2.0
llama3_8b,135,-0.86,-0.2,-0.2,5.0,4.0
llama3_8b,125,-0.86,-0.2,-0.2,1.0,3.0
llama3_8b,137,-0.86,-0.2,-0.2,2.0,2.0
llama3_8b,136,-0.86,-0.2,-0.2,2.0,2.0
llama3_8b,133,-0.86,-0.2,-0.2,1.0,4.0
llama3_8b,134,-0.86,-0.2,-0.2,4.0,4.0
llama3_8b,139,-0.86,-0.2,-0.2,3.0,4.0
llama3_8b,142,-0.86,-0.2,-0.2,1.0,1.0
llama3_8b,141,-0.86,-0.2,-0.2,1.0,1.0
llama3_8b,149,-0.86,-0.2,-0.2,1.0,1.0
llama3_8b,138,-0.86,-0.2,-0.2,2.0,2.0
llama3_8b,140,-0.86,-0.2,-0.2,1.0,2.0
llama3_8b,145,-0.86,-0.2,-0.2,1.0,1.0
llama3_8b,148,-0.86,-0.2,-0.2,1.0,1.0
llama3_8b,147,-0.86,-0.2,-0.2,1.0,1.0
llama3_8b,146,-0.86,-0.2,-0.2,1.0,1.0
llama3_8b,144,-0.86,-0.2,-0.2,1.0,1.0
llama3_8b,152,0.0,0.0,0.0,3.0,4.0
llama3_8b,143,-0.86,-0.2,-0.2,1.0,1.0
llama3_8b,153,0.0,0.0,0.0,2.0,4.0
llama3_8b,150,0.0,0.0,0.0,5.0,4.0
llama3_8b,154,0.0,0.0,0.0,1.0,1.0
llama3_8b,151,0.0,0.0,0.0,6.0,4.0
llama3_8b,155,0.0,0.0,0.0,3.0,4.0
llama3_8b,157,0.0,0.0,0.0,3.0,1.0
llama3_8b,160,0.0,0.0,0.0,3.0,4.0
llama3_8b,156,0.0,0.0,0.0,5.0,2.0
llama3_8b,158,0.0,0.0,0.0,4.0,3.0
llama3_8b,159,0.0,0.0,0.0,4.0,2.0
llama3_8b,163,0.0,0.0,0.0,6.0,4.0
llama3_8b,165,0.0,0.0,0.0,5.0,4.0
llama3_8b,161,0.0,0.0,0.0,5.0,4.0
llama3_8b,164,0.0,0.0,0.0,5.0,4.0
llama3_8b,162,0.0,0.0,0.0,3.0,4.0
llama3_8b,167,0.0,0.0,0.0,5.0,2.0
llama3_8b,169,0.0,0.0,0.0,3.0,4.0
llama3_8b,168,0.0,0.0,0.0,5.0,4.0
llama3_8b,170,0.0,0.0,0.0,6.0,4.0
llama3_8b,171,0.0,0.0,0.0,2.0,3.0
llama3_8b,176,0.0,0.0,0.0,1.0,1.0
llama3_8b,174,0.0,0.0,0.0,1.0,1.0
llama3_8b,172,0.0,0.0,0.0,1.0,1.0
llama3_8b,173,0.0,0.0,0.0,1.0,1.0
llama3_8b,179,0.0,0.0,0.0,2.0,2.0
llama3_8b,178,0.0,0.0,0.0,1.0,1.0
llama3_8b,166,0.0,0.0,0.0,2.0,2.0
llama3_8b,175,0.0,0.0,0.0,1.0,1.0
llama3_8b,181,0.34,0.2,0.2,6.0,4.0
llama3_8b,183,0.34,0.2,0.2,3.0,4.0
llama3_8b,177,0.0,0.0,0.0,1.0,1.0
llama3_8b,184,0.34,0.2,0.2,1.0,6.0
llama3_8b,180,0.34,0.2,0.2,6.0,4.0
llama3_8b,185,0.34,0.2,0.2,4.0,4.0
llama3_8b,182,0.34,0.2,0.2,3.0,4.0
llama3_8b,186,0.34,0.2,0.2,5.0,3.0
llama3_8b,187,0.34,0.2,0.2,5.0,2.0
llama3_8b,192,0.34,0.2,0.2,2.0,3.0
llama3_8b,189,0.34,0.2,0.2,4.0,2.0
llama3_8b,191,0.34,0.2,0.2,5.0,4.0
llama3_8b,193,0.34,0.2,0.2,6.0,4.0
llama3_8b,190,0.34,0.2,0.2,3.0,4.0
llama3_8b,194,0.34,0.2,0.2,5.0,4.0
llama3_8b,195,0.34,0.2,0.2,6.0,4.0
llama3_8b,188,0.34,0.2,0.2,6.0,4.0
llama3_8b,200,0.34,0.2,0.2,6.0,4.0
llama3_8b,199,0.34,0.2,0.2,4.0,4.0
llama3_8b,196,0.34,0.2,0.2,5.0,2.0
llama3_8b,198,0.34,0.2,0.2,5.0,4.0
llama3_8b,197,0.34,0.2,0.2,5.0,2.0
llama3_8b,204,0.34,0.2,0.2,4.0,1.0
llama3_8b,205,0.34,0.2,0.2,1.0,1.0
llama3_8b,209,0.34,0.2,0.2,1.0,2.0
llama3_8b,202,0.34,0.2,0.2,1.0,1.0
llama3_8b,203,0.34,0.2,0.2,1.0,1.0
llama3_8b,206,0.34,0.2,0.2,1.0,2.0
llama3_8b,207,0.34,0.2,0.2,1.0,1.0
llama3_8b,210,0.68,0.4,0.4,5.0,4.0
llama3_8b,201,0.34,0.2,0.2,4.0,4.0
llama3_8b,208,0.34,0.2,0.2,1.0,1.0
llama3_8b,218,0.68,0.4,0.4,6.0,4.0
llama3_8b,214,0.68,0.4,0.4,1.0,2.0
llama3_8b,215,0.68,0.4,0.4,5.0,4.0
llama3_8b,212,0.68,0.4,0.4,2.0,4.0
llama3_8b,220,0.68,0.4,0.4,5.0,4.0
llama3_8b,216,0.68,0.4,0.4,5.0,3.0
llama3_8b,213,0.68,0.4,0.4,2.0,4.0
llama3_8b,222,0.68,0.4,0.4,2.0,4.0
llama3_8b,219,0.68,0.4,0.4,5.0,4.0
llama3_8b,217,0.68,0.4,0.4,6.0,2.0
llama3_8b,221,0.68,0.4,0.4,5.0,3.0
llama3_8b,224,0.68,0.4,0.4,5.0,6.0
llama3_8b,211,0.68,0.4,0.4,3.0,4.0
llama3_8b,228,0.68,0.4,0.4,5.0,4.0
llama3_8b,230,0.68,0.4,0.4,6.0,4.0
llama3_8b,227,0.68,0.4,0.4,5.0,4.0
llama3_8b,225,0.68,0.4,0.4,6.0,4.0
llama3_8b,229,0.68,0.4,0.4,5.0,4.0
llama3_8b,223,0.68,0.4,0.4,2.0,3.0
llama3_8b,226,0.68,0.4,0.4,5.0,2.0
llama3_8b,231,0.68,0.4,0.4,4.0,4.0
llama3_8b,238,0.68,0.4,0.4,1.0,1.0
llama3_8b,233,0.68,0.4,0.4,1.0,1.0
llama3_8b,239,0.68,0.4,0.4,1.0,1.0
llama3_8b,232,0.68,0.4,0.4,1.0,1.0
llama3_8b,234,0.68,0.4,0.4,1.0,1.0
llama3_8b,236,0.68,0.4,0.4,4.0,2.0
llama3_8b,242,1.02,0.6,0.6,2.0,4.0
llama3_8b,243,1.02,0.6,0.6,2.0,4.0
llama3_8b,244,1.02,0.6,0.6,1.0,7.0
llama3_8b,240,1.02,0.6,0.6,6.0,2.0
llama3_8b,235,0.68,0.4,0.4,5.0,3.0
llama3_8b,246,1.02,0.6,0.6,5.0,4.0
llama3_8b,245,1.02,0.6,0.6,4.0,4.0
llama3_8b,237,0.68,0.4,0.4,1.0,1.0
llama3_8b,248,1.02,0.6,0.6,6.0,4.0
llama3_8b,247,1.02,0.6,0.6,6.0,2.0
llama3_8b,249,1.02,0.6,0.6,4.0,2.0
llama3_8b,250,1.02,0.6,0.6,5.0,4.0
llama3_8b,241,1.02,0.6,0.6,7.0,6.0
llama3_8b,251,1.02,0.6,0.6,5.0,4.0
llama3_8b,252,1.02,0.6,0.6,2.0,4.0
llama3_8b,253,1.02,0.6,0.6,6.0,3.0
llama3_8b,254,1.02,0.6,0.6,5.0,6.0
llama3_8b,255,1.02,0.6,0.6,6.0,6.0
llama3_8b,258,1.02,0.6,0.6,5.0,4.0
llama3_8b,257,1.02,0.6,0.6,5.0,4.0
llama3_8b,263,1.02,0.6,0.6,1.0,1.0
llama3_8b,264,1.02,0.6,0.6,5.0,2.0
llama3_8b,259,1.02,0.6,0.6,5.0,4.0
llama3_8b,256,1.02,0.6,0.6,5.0,4.0
llama3_8b,260,1.02,0.6,0.6,6.0,4.0
llama3_8b,266,1.02,0.6,0.6,2.0,1.0
llama3_8b,261,1.02,0.6,0.6,4.0,4.0
llama3_8b,268,1.02,0.6,0.6,1.0,2.0
llama3_8b,267,1.02,0.6,0.6,1.0,1.0
llama3_8b,273,1.36,0.8,0.8,1.0,4.0
llama3_8b,269,1.02,0.6,0.6,5.0,2.0
llama3_8b,265,1.02,0.6,0.6,1.0,1.0
llama3_8b,270,1.36,0.8,0.8,5.0,4.0
llama3_8b,272,1.36,0.8,0.8,7.0,5.0
llama3_8b,277,1.36,0.8,0.8,6.0,3.0
llama3_8b,275,1.36,0.8,0.8,4.0,4.0
llama3_8b,280,1.36,0.8,0.8,5.0,4.0
llama3_8b,276,1.36,0.8,0.8,6.0,2.0
llama3_8b,274,1.36,0.8,0.8,1.0,1.0
llama3_8b,271,1.36,0.8,0.8,6.0,6.0
llama3_8b,281,1.36,0.8,0.8,5.0,2.0
llama3_8b,282,1.36,0.8,0.8,2.0,4.0
llama3_8b,278,1.36,0.8,0.8,7.0,4.0
llama3_8b,289,1.36,0.8,0.8,3.0,4.0
llama3_8b,279,1.36,0.8,0.8,5.0,4.0
llama3_8b,283,1.36,0.8,0.8,7.0,4.0
llama3_8b,284,1.36,0.8,0.8,5.0,4.0
llama3_8b,288,1.36,0.8,0.8,6.0,4.0
llama3_8b,285,1.36,0.8,0.8,6.0,4.0
llama3_8b,287,1.36,0.8,0.8,5.0,4.0
llama3_8b,292,1.36,0.8,0.8,1.0,1.0
llama3_8b,291,1.36,0.8,0.8,5.0,4.0
llama3_8b,286,1.36,0.8,0.8,5.0,4.0
llama3_8b,290,1.36,0.8,0.8,6.0,4.0
llama3_8b,294,1.36,0.8,0.8,5.0,2.0
llama3_8b,295,1.36,0.8,0.8,3.0,2.0
llama3_8b,293,1.36,0.8,0.8,1.0,1.0
llama3_8b,296,1.36,0.8,0.8,2.0,2.0
llama3_8b,299,1.36,0.8,0.8,5.0,1.0
llama3_8b,297,1.36,0.8,0.8,1.0,1.0
llama3_8b,262,1.02,0.6,0.6,1.0,1.0
llama3_8b,301,1.7,1.0,1.0,7.0,6.0
llama3_8b,298,1.36,0.8,0.8,1.0,2.0
llama3_8b,309,1.7,1.0,1.0,5.0,4.0
llama3_8b,306,1.7,1.0,1.0,6.0,4.0
llama3_8b,311,1.7,1.0,1.0,5.0,4.0
llama3_8b,305,1.7,1.0,1.0,4.0,4.0
llama3_8b,300,1.7,1.0,1.0,6.0,4.0
llama3_8b,307,1.7,1.0,1.0,6.0,4.0
llama3_8b,304,1.7,1.0,1.0,1.0,1.0
llama3_8b,303,1.7,1.0,1.0,6.0,5.0
llama3_8b,310,1.7,1.0,1.0,7.0,6.0
llama3_8b,308,1.7,1.0,1.0,7.0,4.0
llama3_8b,312,1.7,1.0,1.0,5.0,4.0
llama3_8b,302,1.7,1.0,1.0,7.0,4.0
llama3_8b,313,1.7,1.0,1.0,5.0,4.0
llama3_8b,314,1.7,1.0,1.0,7.0,6.0
llama3_8b,319,1.7,1.0,1.0,5.0,4.0
llama3_8b,315,1.7,1.0,1.0,7.0,6.0
llama3_8b,324,1.7,1.0,1.0,5.0,3.0
llama3_8b,317,1.7,1.0,1.0,5.0,4.0
llama3_8b,320,1.7,1.0,1.0,6.0,4.0
llama3_8b,316,1.7,1.0,1.0,5.0,4.0
llama3_8b,318,1.7,1.0,1.0,5.0,2.0
llama3_8b,326,1.7,1.0,1.0,5.0,1.0
llama3_8b,325,1.7,1.0,1.0,3.0,3.0
llama3_8b,322,1.7,1.0,1.0,1.0,1.0
llama3_8b,327,1.7,1.0,1.0,1.0,1.0
llama3_8b,323,1.7,1.0,1.0,2.0,1.0
llama3_8b,321,1.7,1.0,1.0,4.0,4.0
llama3_8b,328,1.7,1.0,1.0,2.0,1.0
llama3_8b,329,1.7,1.0,1.0,5.0,2.0
mistral_7b,19,-1.5,-1.0,-1.0,1.0,1.0
mistral_7b,7,-1.5,-1.0,-1.0,1.0,1.0
mistral_7b,12,-1.5,-1.0,-1.0,2.0,4.0
mistral_7b,2,-1.5,-1.0,-1.0,1.0,4.0
mistral_7b,18,-1.5,-1.0,-1.0,2.0,2.0
mistral_7b,14,-1.5,-1.0,-1.0,3.0,6.0
mistral_7b,5,-1.5,-1.0,-1.0,2.0,4.0
mistral_7b,4,-1.5,-1.0,-1.0,1.0,1.0
mistral_7b,9,-1.5,-1.0,-1.0,1.0,4.0
mistral_7b,6,-1.5,-1.0,-1.0,1.0,1.0
mistral_7b,1,-1.5,-1.0,-1.0,2.0,2.0
mistral_7b,8,-1.5,-1.0,-1.0,1.0,1.0
mistral_7b,16,-1.5,-1.0,-1.0,1.0,2.0
mistral_7b,10,-1.5,-1.0,-1.0,1.0,3.0
mistral_7b,17,-1.5,-1.0,-1.0,2.0,3.0
mistral_7b,3,-1.5,-1.0,-1.0,1.0,7.0
mistral_7b,11,-1.5,-1.0,-1.0,1.0,1.0
mistral_7b,15,-1.5,-1.0,-1.0,3.0,2.0
mistral_7b,0,-1.5,-1.0,-1.0,1.0,1.0
mistral_7b,21,-1.5,-1.0,-1.0,1.0,1.0
mistral_7b,13,-1.5,-1.0,-1.0,1.0,2.0
mistral_7b,22,-1.5,-1.0,-1.0,1.0,1.0
mistral_7b,23,-1.5,-1.0,-1.0,1.0,1.0
mistral_7b,34,-1.2,-0.8,-0.8,1.0,1.0
mistral_7b,28,-1.5,-1.0,-1.0,1.0,1.0
mistral_7b,24,-1.5,-1.0,-1.0,1.0,1.0
mistral_7b,25,-1.5,-1.0,-1.0,1.0,1.0
mistral_7b,20,-1.5,-1.0,-1.0,2.0,4.0
mistral_7b,29,-1.5,-1.0,-1.0,1.0,1.0
mistral_7b,32,-1.2,-0.8,-0.8,3.0,4.0
mistral_7b,31,-1.2,-0.8,-0.8,2.0,4.0
mistral_7b,38,-1.2,-0.8,-0.8,1.0,2.0
mistral_7b,37,-1.2,-0.8,-0.8,1.0,1.0
mistral_7b,33,-1.2,-0.8,-0.8,4.0,4.0
mistral_7b,26,-1.5,-1.0,-1.0,1.0,1.0
mistral_7b,30,-1.2,-0.8,-0.8,1.0,1.0
mistral_7b,35,-1.2,-0.8,-0.8,2.0,4.0
mistral_7b,36,-1.2,-0.8,-0.8,1.0,1.0
mistral_7b,27,-1.5,-1.0,-1.0,1.0,1.0
mistral_7b,39,-1.2,-0.8,-0.8,2.0,4.0
mistral_7b,46,-1.2,-0.8,-0.8,1.0,2.0
mistral_7b,43,-1.2,-0.8,-0.8,1.0,2.0
mistral_7b,41,-1.2,-0.8,-0.8,2.0,4.0
mistral_7b,47,-1.2,-0.8,-0.8,2.0,2.0
mistral_7b,42,-1.2,-0.8,-0.8,2.0,3.0
mistral_7b,45,-1.2,-0.8,-0.8,2.0,2.0
mistral_7b,40,-1.2,-0.8,-0.8,1.0,3.0
mistral_7b,54,-1.2,-0.8,-0.8,1.0,1.0
mistral_7b,51,-1.2,-0.8,-0.8,1.0,3.0
mistral_7b,57,-1.2,-0.8,-0.8,1.0,1.0
mistral_7b,44,-1.2,-0.8,-0.8,2.0,6.0
mistral_7b,52,-1.2,-0.8,-0.8,1.0,1.0
mistral_7b,49,-1.2,-0.8,-0.8,1.0,1.0
mistral_7b,55,-1.2,-0.8,-0.8,1.0,1.0
mistral_7b,48,-1.2,-0.8,-0.8,2.0,2.0
mistral_7b,56,-1.2,-0.8,-0.8,1.0,1.0
mistral_7b,50,-1.2,-0.8,-0.8,1.0,2.0
mistral_7b,58,-1.2,-0.8,-0.8,1.0,1.0
mistral_7b,59,-1.2,-0.8,-0.8,1.0,1.0
mistral_7b,53,-1.2,-0.8,-0.8,1.0,1.0
mistral_7b,62,-0.9,-0.6,-0.6,3.0,2.0
mistral_7b,60,-0.9,-0.6,-0.6,1.0,1.0
mistral_7b,61,-0.9,-0.6,-0.6,3.0,4.0
mistral_7b,67,-0.9,-0.6,-0.6,1.0,1.0
mistral_7b,66,-0.9,-0.6,-0.6,1.0,1.0
mistral_7b,64,-0.9,-0.6,-0.6,7.0,5.0
mistral_7b,71,-0.9,-0.6,-0.6,5.0,4.0
mistral_7b,70,-0.9,-0.6,-0.6,1.0,4.0
mistral_7b,72,-0.9,-0.6,-0.6,2.0,4.0
mistral_7b,65,-0.9,-0.6,-0.6,2.0,4.0
mistral_7b,77,-0.9,-0.6,-0.6,2.0,2.0
mistral_7b,63,-0.9,-0.6,-0.6,2.0,4.0
mistral_7b,76,-0.9,-0.6,-0.6,2.0,3.0
mistral_7b,68,-0.9,-0.6,-0.6,1.0,2.0
mistral_7b,73,-0.9,-0.6,-0.6,1.0,2.0
mistral_7b,69,-0.9,-0.6,-0.6,1.0,3.0
mistral_7b,74,-0.9,-0.6,-0.6,4.0,6.0
mistral_7b,75,-0.9,-0.6,-0.6,4.0,4.0
mistral_7b,82,-0.9,-0.6,-0.6,1.0,1.0
mistral_7b,79,-0.9,-0.6,-0.6,1.0,1.0
mistral_7b,78,-0.9,-0.6,-0.6,2.0,2.0
mistral_7b,80,-0.9,-0.6,-0.6,1.0,4.0
mistral_7b,83,-0.9,-0.6,-0.6,1.0,1.0
mistral_7b,84,-0.9,-0.6,-0.6,1.0,1.0
mistral_7b,88,-0.9,-0.6,-0.6,1.0,1.0
mistral_7b,87,-0.9,-0.6,-0.6,1.0,1.0
mistral_7b,90,-0.6,-0.4,-0.4,2.0,2.0
mistral_7b,81,-0.9,-0.6,-0.6,1.0,1.0
mistral_7b,86,-0.9,-0.6,-0.6,1.0,1.0
mistral_7b,93,-0.6,-0.4,-0.4,2.0,4.0
mistral_7b,97,-0.6,-0.4,-0.4,1.0,1.0
mistral_7b,96,-0.6,-0.4,-0.4,1.0,2.0
mistral_7b,85,-0.9,-0.6,-0.6,1.0,1.0
mistral_7b,91,-0.6,-0.4,-0.4,2.0,2.0
mistral_7b,92,-0.6,-0.4,-0.4,3.0,4.0
mistral_7b,94,-0.6,-0.4,-0.4,7.0,6.0
mistral_7b,95,-0.6,-0.4,-0.4,2.0,4.0
mistral_7b,89,-0.9,-0.6,-0.6,1.0,1.0
mistral_7b,98,-0.6,-0.4,-0.4,1.0,4.0
mistral_7b,100,-0.6,-0.4,-0.4,3.0,4.0
mistral_7b,101,-0.6,-0.4,-0.4,1.0,3.0
mistral_7b,99,-0.6,-0.4,-0.4,1.0,4.0
mistral_7b,103,-0.6,-0.4,-0.4,1.0,2.0
mistral_7b,102,-0.6,-0.4,-0.4,2.0,3.0
mistral_7b,112,-0.6,-0.4,-0.4,1.0,1.0
mistral_7b,110,-0.6,-0.4,-0.4,3.0,4.0
mistral_7b,108,-0.6,-0.4,-0.4,1.0,2.0
mistral_7b,105,-0.6,-0.4,-0.4,3.0,3.0
mistral_7b,104,-0.6,-0.4,-0.4,7.0,7.0
mistral_7b,106,-0.6,-0.4,-0.4,2.0,3.0
mistral_7b,115,-0.6,-0.4,-0.4,1.0,1.0
mistral_7b,107,-0.6,-0.4,-0.4,3.0,4.0
mistral_7b,114,-0.6,-0.4,-0.4,1.0,1.0
mistral_7b,119,-0.6,-0.4,-0.4,1.0,1.0
mistral_7b,109,-0.6,-0.4,-0.4,1.0,1.0
mistral_7b,111,-0.6,-0.4,-0.4,3.0,3.0
mistral_7b,113,-0.6,-0.4,-0.4,1.0,1.0
mistral_7b,117,-0.6,-0.4,-0.4,1.0,1.0
mistral_7b,118,-0.6,-0.4,-0.4,1.0,1.0
mistral_7b,123,-0.3,-0.2,-0.2,2.0,4.0
mistral_7b,121,-0.3,-0.2,-0.2,5.0,5.0
mistral_7b,116,-0.6,-0.4,-0.4,1.0,1.0
mistral_7b,125,-0.3,-0.2,-0.2,4.0,4.0
mistral_7b,124,-0.3,-0.2,-0.2,6.0,6.0
mistral_7b,120,-0.3,-0.2,-0.2,3.0,2.0
mistral_7b,129,-0.3,-0.2,-0.2,4.0,4.0
mistral_7b,127,-0.3,-0.2,-0.2,2.0,2.0
mistral_7b,132,-0.3,-0.2,-0.2,2.0,4.0
mistral_7b,131,-0.3,-0.2,-0.2,5.0,3.0
mistral_7b,130,-0.3,-0.2,-0.2,1.0,2.0
mistral_7b,122,-0.3,-0.2,-0.2,5.0,4.0
mistral_7b,126,-0.3,-0.2,-0.2,1.0,3.0
mistral_7b,133,-0.3,-0.2,-0.2,2.0,2.0
mistral_7b,136,-0.3,-0.2,-0.2,2.0,2.0
mistral_7b,134,-0.3,-0.2,-0.2,7.0,7.0
mistral_7b,128,-0.3,-0.2,-0.2,2.0,4.0
mistral_7b,135,-0.3,-0.2,-0.2,5.0,5.0
mistral_7b,137,-0.3,-0.2,-0.2,6.0,5.0
mistral_7b,139,-0.3,-0.2,-0.2,1.0,2.0
mistral_7b,140,-0.3,-0.2,-0.2,4.0,4.0
mistral_7b,141,-0.3,-0.2,-0.2,1.0,2.0
mistral_7b,143,-0.3,-0.2,-0.2,1.0,1.0
mistral_7b,138,-0.3,-0.2,-0.2,3.0,2.0
mistral_7b,145,-0.3,-0.2,-0.2,1.0,1.0
mistral_7b,144,-0.3,-0.2,-0.2,1.0,1.0
mistral_7b,142,-0.3,-0.2,-0.2,1.0,1.0
mistral_7b,147,-0.3,-0.2,-0.2,1.0,1.0
mistral_7b,149,-0.3,-0.2,-0.2,2.0,2.0
mistral_7b,146,-0.3,-0.2,-0.2,1.0,1.0
mistral_7b,151,0.0,0.0,0.0,4.0,4.0
mistral_7b,148,-0.3,-0.2,-0.2,1.0,1.0
mistral_7b,154,0.0,0.0,0.0,7.0,6.0
mistral_7b,150,0.0,0.0,0.0,5.0,2.0
mistral_7b,158,0.0,0.0,0.0,5.0,4.0
mistral_7b,157,0.0,0.0,0.0,1.0,3.0
mistral_7b,153,0.0,0.0,0.0,2.0,4.0
mistral_7b,156,0.0,0.0,0.0,2.0,2.0
mistral_7b,160,0.0,0.0,0.0,5.0,4.0
mistral_7b,155,0.0,0.0,0.0,3.0,4.0
mistral_7b,152,0.0,0.0,0.0,5.0,6.0
mistral_7b,159,0.0,0.0,0.0,4.0,4.0
mistral_7b,161,0.0,0.0,0.0,5.0,3.0
mistral_7b,162,0.0,0.0,0.0,2.0,6.0
mistral_7b,169,0.0,0.0,0.0,1.0,2.0
mistral_7b,163,0.0,0.0,0.0,3.0,3.0
mistral_7b,171,0.0,0.0,0.0,3.0,3.0
mistral_7b,165,0.0,0.0,0.0,7.0,6.0
mistral_7b,167,0.0,0.0,0.0,6.0,6.0
mistral_7b,164,0.0,0.0,0.0,6.0,6.0
mistral_7b,170,0.0,0.0,0.0,5.0,4.0
mistral_7b,166,0.0,0.0,0.0,5.0,4.0
mistral_7b,178,0.0,0.0,0.0,1.0,1.0
mistral_7b,173,0.0,0.0,0.0,1.0,1.0
mistral_7b,172,0.0,0.0,0.0,1.0,1.0
mistral_7b,168,0.0,0.0,0.0,3.0,2.0
mistral_7b,174,0.0,0.0,0.0,1.0,1.0
mistral_7b,176,0.0,0.0,0.0,1.0,1.0
mistral_7b,179,0.0,0.0,0.0,1.0,1.0
mistral_7b,181,0.3,0.2,0.2,5.0,4.0
mistral_7b,177,0.0,0.0,0.0,1.0,1.0
mistral_7b,175,0.0,0.0,0.0,1.0,1.0
mistral_7b,180,0.3,0.2,0.2,3.0,3.0
mistral_7b,186,0.3,0.2,0.2,2.0,2.0
mistral_7b,183,0.3,0.2,0.2,2.0,4.0
mistral_7b,187,0.3,0.2,0.2,5.0,4.0
mistral_7b,191,0.3,0.2,0.2,5.0,3.0
mistral_7b,185,0.3,0.2,0.2,3.0,3.0
mistral_7b,196,0.3,0.2,0.2,7.0,6.0
mistral_7b,194,0.3,0.2,0.2,7.0,7.0
mistral_7b,195,0.3,0.2,0.2,7.0,7.0
mistral_7b,190,0.3,0.2,0.2,3.0,4.0
mistral_7b,182,0.3,0.2,0.2,7.0,6.0
mistral_7b,197,0.3,0.2,0.2,6.0,6.0
mistral_7b,189,0.3,0.2,0.2,5.0,4.0
mistral_7b,188,0.3,0.2,0.2,5.0,4.0
mistral_7b,193,0.3,0.2,0.2,1.0,4.0
mistral_7b,184,0.3,0.2,0.2,6.0,6.0
mistral_7b,199,0.3,0.2,0.2,3.0,4.0
mistral_7b,192,0.3,0.2,0.2,3.0,6.0
mistral_7b,203,0.3,0.2,0.2,1.0,1.0
mistral_7b,198,0.3,0.2,0.2,7.0,6.0
mistral_7b,202,0.3,0.2,0.2,1.0,1.0
mistral_7b,200,0.3,0.2,0.2,5.0,4.0
mistral_7b,206,0.3,0.2,0.2,1.0,1.0
mistral_7b,201,0.3,0.2,0.2,3.0,3.0
mistral_7b,210,0.6,0.4,0.4,6.0,5.0
mistral_7b,208,0.3,0.2,0.2,1.0,1.0
mistral_7b,205,0.3,0.2,0.2,1.0,1.0
mistral_7b,214,0.6,0.4,0.4,1.0,7.0
mistral_7b,216,0.6,0.4,0.4,5.0,3.0
mistral_7b,204,0.3,0.2,0.2,1.0,2.0
mistral_7b,211,0.6,0.4,0.4,6.0,4.0
mistral_7b,212,0.6,0.4,0.4,7.0,7.0
mistral_7b,209,0.3,0.2,0.2,1.0,2.0
mistral_7b,213,0.6,0.4,0.4,3.0,4.0
mistral_7b,207,0.3,0.2,0.2,1.0,1.0
mistral_7b,215,0.6,0.4,0.4,3.0,4.0
mistral_7b,219,0.6,0.4,0.4,5.0,4.0
mistral_7b,221,0.6,0.4,0.4,5.0,4.0
mistral_7b,218,0.6,0.4,0.4,7.0,6.0
mistral_7b,220,0.6,0.4,0.4,5.0,6.0
mistral_7b,217,0.6,0.4,0.4,6.0,3.0
mistral_7b,222,0.6,0.4,0.4,3.0,6.0
mistral_7b,224,0.6,0.4,0.4,7.0,7.0
mistral_7b,223,0.6,0.4,0.4,5.0,4.0
mistral_7b,225,0.6,0.4,0.4,7.0,7.0
mistral_7b,226,0.6,0.4,0.4,7.0,7.0
mistral_7b,227,0.6,0.4,0.4,7.0,7.0
mistral_7b,232,0.6,0.4,0.4,1.0,1.0
mistral_7b,233,0.6,0.4,0.4,1.0,1.0
mistral_7b,230,0.6,0.4,0.4,5.0,4.0
mistral_7b,236,0.6,0.4,0.4,1.0,1.0
mistral_7b,228,0.6,0.4,0.4,6.0,6.0
mistral_7b,237,0.6,0.4,0.4,1.0,1.0
mistral_7b,235,0.6,0.4,0.4,3.0,2.0
mistral_7b,231,0.6,0.4,0.4,5.0,4.0
mistral_7b,234,0.6,0.4,0.4,1.0,2.0
mistral_7b,229,0.6,0.4,0.4,7.0,4.0
mistral_7b,239,0.6,0.4,0.4,3.0,2.0
mistral_7b,238,0.6,0.4,0.4,1.0,1.0
mistral_7b,245,0.9,0.6,0.6,6.0,4.0
mistral_7b,244,0.9,0.6,0.6,1.0,7.0
mistral_7b,240,0.9,0.6,0.6,6.0,6.0
mistral_7b,242,0.9,0.6,0.6,7.0,7.0
mistral_7b,241,0.9,0.6,0.6,6.0,6.0
mistral_7b,243,0.9,0.6,0.6,1.0,5.0
mistral_7b,248,0.9,0.6,0.6,7.0,6.0
mistral_7b,249,0.9,0.6,0.6,6.0,4.0
mistral_7b,251,0.9,0.6,0.6,5.0,4.0
mistral_7b,246,0.9,0.6,0.6,6.0,4.0
mistral_7b,253,0.9,0.6,0.6,7.0,7.0
mistral_7b,247,0.9,0.6,0.6,5.0,3.0
mistral_7b,250,0.9,0.6,0.6,7.0,7.0
mistral_7b,255,0.9,0.6,0.6,7.0,7.0
mistral_7b,252,0.9,0.6,0.6,2.0,4.0
mistral_7b,258,0.9,0.6,0.6,7.0,7.0
mistral_7b,254,0.9,0.6,0.6,7.0,7.0
mistral_7b,257,0.9,0.6,0.6,7.0,7.0
mistral_7b,259,0.9,0.6,0.6,7.0,5.0
mistral_7b,256,0.9,0.6,0.6,6.0,6.0
mistral_7b,263,0.9,0.6,0.6,1.0,1.0
mistral_7b,264,0.9,0.6,0.6,5.0,5.0
mistral_7b,267,0.9,0.6,0.6,1.0,1.0
mistral_7b,266,0.9,0.6,0.6,4.0,1.0
mistral_7b,261,0.9,0.6,0.6,7.0,4.0
mistral_7b,260,0.9,0.6,0.6,7.0,6.0
mistral_7b,268,0.9,0.6,0.6,1.0,1.0
mistral_7b,269,0.9,0.6,0.6,7.0,2.0
mistral_7b,273,1.2,0.8,0.8,1.0,6.0
mistral_7b,262,0.9,0.6,0.6,1.0,1.0
mistral_7b,271,1.2,0.8,0.8,7.0,7.0
mistral_7b,272,1.2,0.8,0.8,7.0,7.0
mistral_7b,270,1.2,0.8,0.8,6.0,6.0
mistral_7b,274,1.2,0.8,0.8,1.0,7.0
mistral_7b,275,1.2,0.8,0.8,7.0,4.0
mistral_7b,278,1.2,0.8,0.8,7.0,7.0
mistral_7b,276,1.2,0.8,0.8,6.0,3.0
mistral_7b,281,1.2,0.8,0.8,6.0,6.0
mistral_7b,265,0.9,0.6,0.6,5.0,2.0
mistral_7b,282,1.2,0.8,0.8,2.0,3.0
mistral_7b,277,1.2,0.8,0.8,5.0,4.0
mistral_7b,280,1.2,0.8,0.8,7.0,7.0
mistral_7b,283,1.2,0.8,0.8,7.0,7.0
mistral_7b,284,1.2,0.8,0.8,7.0,6.0
mistral_7b,279,1.2,0.8,0.8,6.0,4.0
mistral_7b,287,1.2,0.8,0.8,7.0,7.0
mistral_7b,292,1.2,0.8,0.8,1.0,1.0
mistral_7b,288,1.2,0.8,0.8,7.0,7.0
mistral_7b,286,1.2,0.8,0.8,7.0,7.0
mistral_7b,285,1.2,0.8,0.8,7.0,7.0
mistral_7b,291,1.2,0.8,0.8,6.0,4.0
mistral_7b,293,1.2,0.8,0.8,3.0,1.0
mistral_7b,290,1.2,0.8,0.8,6.0,6.0
mistral_7b,289,1.2,0.8,0.8,7.0,4.0
mistral_7b,299,1.2,0.8,0.8,5.0,4.0
mistral_7b,297,1.2,0.8,0.8,7.0,1.0
mistral_7b,298,1.2,0.8,0.8,5.0,4.0
mistral_7b,302,1.5,1.0,1.0,7.0,6.0
mistral_7b,303,1.5,1.0,1.0,1.0,7.0
mistral_7b,300,1.5,1.0,1.0,6.0,4.0
mistral_7b,294,1.2,0.8,0.8,6.0,3.0
mistral_7b,296,1.2,0.8,0.8,7.0,1.0
mistral_7b,306,1.5,1.0,1.0,5.0,4.0
mistral_7b,309,1.5,1.0,1.0,6.0,6.0
mistral_7b,304,1.5,1.0,1.0,1.0,5.0
mistral_7b,301,1.5,1.0,1.0,7.0,7.0
mistral_7b,308,1.5,1.0,1.0,7.0,7.0
mistral_7b,295,1.2,0.8,0.8,5.0,3.0
mistral_7b,310,1.5,1.0,1.0,7.0,5.0
mistral_7b,307,1.5,1.0,1.0,6.0,4.0
mistral_7b,305,1.5,1.0,1.0,7.0,4.0
mistral_7b,314,1.5,1.0,1.0,7.0,7.0
mistral_7b,315,1.5,1.0,1.0,7.0,7.0
mistral_7b,311,1.5,1.0,1.0,6.0,4.0
mistral_7b,317,1.5,1.0,1.0,7.0,7.0
mistral_7b,312,1.5,1.0,1.0,1.0,6.0
mistral_7b,320,1.5,1.0,1.0,7.0,6.0
mistral_7b,322,1.5,1.0,1.0,1.0,1.0
mistral_7b,313,1.5,1.0,1.0,7.0,7.0
mistral_7b,319,1.5,1.0,1.0,7.0,6.0
mistral_7b,323,1.5,1.0,1.0,7.0,1.0
mistral_7b,316,1.5,1.0,1.0,7.0,7.0
mistral_7b,318,1.5,1.0,1.0,7.0,7.0
mistral_7b,327,1.5,1.0,1.0,1.0,2.0
mistral_7b,321,1.5,1.0,1.0,7.0,6.0
mistral_7b,324,1.5,1.0,1.0,7.0,5.0
mistral_7b,325,1.5,1.0,1.0,5.0,4.0
mistral_7b,329,1.5,1.0,1.0,7.0,7.0
mistral_7b,326,1.5,1.0,1.0,6.0,4.0
mistral_7b,328,1.5,1.0,1.0,7.0,1.0
gemma2_9b,9,-97.0,-1.0,-1.0,1.0,4.0
gemma2_9b,18,-97.0,-1.0,-1.0,2.0,4.0
gemma2_9b,16,-97.0,-1.0,-1.0,3.0,2.0
gemma2_9b,7,-97.0,-1.0,-1.0,1.0,1.0
gemma2_9b,8,-97.0,-1.0,-1.0,1.0,4.0
gemma2_9b,17,-97.0,-1.0,-1.0,5.0,4.0
gemma2_9b,0,-97.0,-1.0,-1.0,1.0,2.0
gemma2_9b,2,-97.0,-1.0,-1.0,1.0,1.0
gemma2_9b,10,-97.0,-1.0,-1.0,1.0,2.0
gemma2_9b,1,-97.0,-1.0,-1.0,4.0,4.0
gemma2_9b,6,-97.0,-1.0,-1.0,1.0,1.0
gemma2_9b,5,-97.0,-1.0,-1.0,1.0,4.0
gemma2_9b,11,-97.0,-1.0,-1.0,1.0,2.0
gemma2_9b,14,-97.0,-1.0,-1.0,4.0,4.0
gemma2_9b,19,-97.0,-1.0,-1.0,1.0,1.0
gemma2_9b,4,-97.0,-1.0,-1.0,1.0,2.0
gemma2_9b,12,-97.0,-1.0,-1.0,7.0,7.0
gemma2_9b,13,-97.0,-1.0,-1.0,1.0,1.0
gemma2_9b,15,-97.0,-1.0,-1.0,4.0,4.0
gemma2_9b,22,-97.0,-1.0,-1.0,1.0,1.0
gemma2_9b,3,-97.0,-1.0,-1.0,4.0,4.0
gemma2_9b,25,-97.0,-1.0,-1.0,1.0,1.0
gemma2_9b,21,-97.0,-1.0,-1.0,1.0,2.0
gemma2_9b,24,-97.0,-1.0,-1.0,1.0,1.0
gemma2_9b,26,-97.0,-1.0,-1.0,1.0,1.0
gemma2_9b,20,-97.0,-1.0,-1.0,1.0,1.0
gemma2_9b,30,-77.6,-0.8,-0.8,1.0,1.0
gemma2_9b,27,-97.0,-1.0,-1.0,1.0,1.0
gemma2_9b,29,-97.0,-1.0,-1.0,1.0,1.0
gemma2_9b,31,-77.6,-0.8,-0.8,4.0,5.0
gemma2_9b,23,-97.0,-1.0,-1.0,1.0,1.0
gemma2_9b,28,-97.0,-1.0,-1.0,1.0,1.0
gemma2_9b,36,-77.6,-0.8,-0.8,1.0,1.0
gemma2_9b,32,-77.6,-0.8,-0.8,1.0,1.0
gemma2_9b,35,-77.6,-0.8,-0.8,1.0,4.0
gemma2_9b,33,-77.6,-0.8,-0.8,4.0,4.0
gemma2_9b,37,-77.6,-0.8,-0.8,1.0,1.0
gemma2_9b,34,-77.6,-0.8,-0.8,1.0,6.0
gemma2_9b,39,-77.6,-0.8,-0.8,1.0,4.0
gemma2_9b,40,-77.6,-0.8,-0.8,1.0,4.0
gemma2_9b,41,-77.6,-0.8,-0.8,1.0,2.0
gemma2_9b,47,-77.6,-0.8,-0.8,5.0,4.0
gemma2_9b,43,-77.6,-0.8,-0.8,1.0,2.0
gemma2_9b,38,-77.6,-0.8,-0.8,4.0,4.0
gemma2_9b,46,-77.6,-0.8,-0.8,3.0,2.0
gemma2_9b,45,-77.6,-0.8,-0.8,4.0,6.0
gemma2_9b,53,-77.6,-0.8,-0.8,1.0,1.0
gemma2_9b,49,-77.6,-0.8,-0.8,1.0,1.0
gemma2_9b,51,-77.6,-0.8,-0.8,4.0,4.0
gemma2_9b,42,-77.6,-0.8,-0.8,7.0,7.0
gemma2_9b,50,-77.6,-0.8,-0.8,1.0,1.0
gemma2_9b,48,-77.6,-0.8,-0.8,4.0,4.0
gemma2_9b,55,-77.6,-0.8,-0.8,1.0,1.0
gemma2_9b,52,-77.6,-0.8,-0.8,1.0,1.0
gemma2_9b,44,-77.6,-0.8,-0.8,4.0,4.0
gemma2_9b,54,-77.6,-0.8,-0.8,1.0,1.0
gemma2_9b,56,-77.6,-0.8,-0.8,1.0,1.0
gemma2_9b,58,-77.6,-0.8,-0.8,1.0,1.0
gemma2_9b,57,-77.6,-0.8,-0.8,1.0,1.0
gemma2_9b,63,-58.2,-0.6,-0.6,7.0,4.0
gemma2_9b,62,-58.2,-0.6,-0.6,1.0,2.0
gemma2_9b,59,-77.6,-0.8,-0.8,1.0,1.0
gemma2_9b,61,-58.2,-0.6,-0.6,4.0,4.0
gemma2_9b,68,-58.2,-0.6,-0.6,4.0,4.0
gemma2_9b,67,-58.2,-0.6,-0.6,1.0,1.0
gemma2_9b,69,-58.2,-0.6,-0.6,1.0,4.0
gemma2_9b,72,-58.2,-0.6,-0.6,7.0,1.0
gemma2_9b,66,-58.2,-0.6,-0.6,1.0,1.0
gemma2_9b,60,-58.2,-0.6,-0.6,1.0,1.0
gemma2_9b,70,-58.2,-0.6,-0.6,1.0,2.0
gemma2_9b,71,-58.2,-0.6,-0.6,1.0,2.0
gemma2_9b,65,-58.2,-0.6,-0.6,1.0,2.0
gemma2_9b,74,-58.2,-0.6,-0.6,4.0,4.0
gemma2_9b,64,-58.2,-0.6,-0.6,1.0,2.0
gemma2_9b,76,-58.2,-0.6,-0.6,3.0,2.0
gemma2_9b,79,-58.2,-0.6,-0.6,1.0,2.0
gemma2_9b,77,-58.2,-0.6,-0.6,1.0,2.0
gemma2_9b,78,-58.2,-0.6,-0.6,4.0,4.0
gemma2_9b,73,-58.2,-0.6,-0.6,3.0,1.0
gemma2_9b,75,-58.2,-0.6,-0.6,4.0,4.0
gemma2_9b,81,-58.2,-0.6,-0.6,2.0,4.0
gemma2_9b,80,-58.2,-0.6,-0.6,1.0,2.0
gemma2_9b,83,-58.2,-0.6,-0.6,1.0,1.0
gemma2_9b,86,-58.2,-0.6,-0.6,1.0,1.0
gemma2_9b,85,-58.2,-0.6,-0.6,1.0,1.0
gemma2_9b,89,-58.2,-0.6,-0.6,1.0,1.0
gemma2_9b,82,-58.2,-0.6,-0.6,1.0,1.0
gemma2_9b,84,-58.2,-0.6,-0.6,1.0,1.0
gemma2_9b,87,-58.2,-0.6,-0.6,1.0,1.0
gemma2_9b,88,-58.2,-0.6,-0.6,1.0,1.0
gemma2_9b,90,-38.8,-0.4,-0.4,3.0,4.0
gemma2_9b,95,-38.8,-0.4,-0.4,1.0,2.0
gemma2_9b,93,-38.8,-0.4,-0.4,2.0,1.0
gemma2_9b,96,-38.8,-0.4,-0.4,1.0,1.0
gemma2_9b,94,-38.8,-0.4,-0.4,1.0,1.0
gemma2_9b,91,-38.8,-0.4,-0.4,4.0,4.0
gemma2_9b,100,-38.8,-0.4,-0.4,2.0,2.0
gemma2_9b,101,-38.8,-0.4,-0.4,1.0,2.0
gemma2_9b,98,-38.8,-0.4,-0.4,4.0,4.0
gemma2_9b,97,-38.8,-0.4,-0.4,1.0,2.0
gemma2_9b,104,-38.8,-0.4,-0.4,4.0,4.0
gemma2_9b,92,-38.8,-0.4,-0.4,2.0,3.0
gemma2_9b,103,-38.8,-0.4,-0.4,4.0,2.0
gemma2_9b,99,-38.8,-0.4,-0.4,1.0,3.0
gemma2_9b,107,-38.8,-0.4,-0.4,2.0,3.0
gemma2_9b,109,-38.8,-0.4,-0.4,1.0,2.0
gemma2_9b,105,-38.8,-0.4,-0.4,4.0,4.0
gemma2_9b,108,-38.8,-0.4,-0.4,1.0,2.0
gemma2_9b,102,-38.8,-0.4,-0.4,7.0,6.0
gemma2_9b,110,-38.8,-0.4,-0.4,4.0,4.0
gemma2_9b,106,-38.8,-0.4,-0.4,3.0,2.0
gemma2_9b,112,-38.8,-0.4,-0.4,1.0,1.0
gemma2_9b,113,-38.8,-0.4,-0.4,1.0,1.0
gemma2_9b,111,-38.8,-0.4,-0.4,1.0,4.0
gemma2_9b,115,-38.8,-0.4,-0.4,1.0,1.0
gemma2_9b,114,-38.8,-0.4,-0.4,1.0,2.0
gemma2_9b,117,-38.8,-0.4,-0.4,1.0,1.0
gemma2_9b,118,-38.8,-0.4,-0.4,1.0,1.0
gemma2_9b,120,-19.4,-0.2,-0.2,1.0,2.0
gemma2_9b,119,-38.8,-0.4,-0.4,1.0,1.0
gemma2_9b,123,-19.4,-0.2,-0.2,3.0,4.0
gemma2_9b,124,-19.4,-0.2,-0.2,1.0,6.0
gemma2_9b,116,-38.8,-0.4,-0.4,1.0,1.0
gemma2_9b,127,-19.4,-0.2,-0.2,1.0,1.0
gemma2_9b,128,-19.4,-0.2,-0.2,4.0,4.0
gemma2_9b,121,-19.4,-0.2,-0.2,5.0,3.0
gemma2_9b,122,-19.4,-0.2,-0.2,5.0,3.0
gemma2_9b,130,-19.4,-0.2,-0.2,4.0,3.0
gemma2_9b,131,-19.4,-0.2,-0.2,1.0,3.0
gemma2_9b,129,-19.4,-0.2,-0.2,1.0,3.0
gemma2_9b,125,-19.4,-0.2,-0.2,1.0,4.0
gemma2_9b,133,-19.4,-0.2,-0.2,2.0,2.0
gemma2_9b,134,-19.4,-0.2,-0.2,4.0,4.0
gemma2_9b,136,-19.4,-0.2,-0.2,3.0,2.0
gemma2_9b,139,-19.4,-0.2,-0.2,1.0,1.0
gemma2_9b,132,-19.4,-0.2,-0.2,3.0,4.0
gemma2_9b,137,-19.4,-0.2,-0.2,2.0,4.0
gemma2_9b,126,-19.4,-0.2,-0.2,1.0,2.0
gemma2_9b,138,-19.4,-0.2,-0.2,4.0,4.0
gemma2_9b,140,-19.4,-0.2,-0.2,4.0,4.0
gemma2_9b,135,-19.4,-0.2,-0.2,5.0,4.0
gemma2_9b,142,-19.4,-0.2,-0.2,1.0,1.0
gemma2_9b,147,-19.4,-0.2,-0.2,1.0,1.0
gemma2_9b,144,-19.4,-0.2,-0.2,1.0,2.0
gemma2_9b,143,-19.4,-0.2,-0.2,1.0,1.0
gemma2_9b,145,-19.4,-0.2,-0.2,1.0,1.0
gemma2_9b,146,-19.4,-0.2,-0.2,1.0,1.0
gemma2_9b,148,-19.4,-0.2,-0.2,1.0,1.0
gemma2_9b,149,-19.4,-0.2,-0.2,1.0,1.0
gemma2_9b,152,0.0,0.0,0.0,5.0,4.0
gemma2_9b,150,0.0,0.0,0.0,3.0,2.0
gemma2_9b,141,-19.4,-0.2,-0.2,1.0,4.0
gemma2_9b,153,0.0,0.0,0.0,3.0,4.0
gemma2_9b,154,0.0,0.0,0.0,1.0,7.0
gemma2_9b,157,0.0,0.0,0.0,1.0,1.0
gemma2_9b,155,0.0,0.0,0.0,1.0,4.0
gemma2_9b,156,0.0,0.0,0.0,1.0,2.0
gemma2_9b,151,0.0,0.0,0.0,4.0,3.0
gemma2_9b,161,0.0,0.0,0.0,5.0,3.0
gemma2_9b,160,0.0,0.0,0.0,3.0,2.0
gemma2_9b,159,0.0,0.0,0.0,1.0,2.0
gemma2_9b,158,0.0,0.0,0.0,4.0,2.0
gemma2_9b,163,0.0,0.0,0.0,2.0,2.0
gemma2_9b,162,0.0,0.0,0.0,3.0,7.0
gemma2_9b,165,0.0,0.0,0.0,6.0,4.0
gemma2_9b,166,0.0,0.0,0.0,4.0,2.0
gemma2_9b,167,0.0,0.0,0.0,5.0,4.0
gemma2_9b,169,0.0,0.0,0.0,1.0,2.0
gemma2_9b,168,0.0,0.0,0.0,3.0,2.0
gemma2_9b,171,0.0,0.0,0.0,3.0,4.0
gemma2_9b,164,0.0,0.0,0.0,4.0,4.0
gemma2_9b,173,0.0,0.0,0.0,1.0,1.0
gemma2_9b,172,0.0,0.0,0.0,1.0,1.0
gemma2_9b,170,0.0,0.0,0.0,4.0,4.0
gemma2_9b,175,0.0,0.0,0.0,1.0,1.0
gemma2_9b,174,0.0,0.0,0.0,1.0,2.0
gemma2_9b,176,0.0,0.0,0.0,4.0,1.0
gemma2_9b,179,0.0,0.0,0.0,1.0,1.0
gemma2_9b,177,0.0,0.0,0.0,1.0,1.0
gemma2_9b,180,22.3,0.2,0.2,5.0,1.0
gemma2_9b,178,0.0,0.0,0.0,1.0,1.0
gemma2_9b,184,22.3,0.2,0.2,1.0,7.0
gemma2_9b,185,22.3,0.2,0.2,3.0,4.0
gemma2_9b,182,22.3,0.2,0.2,5.0,4.0
gemma2_9b,188,22.3,0.2,0.2,1.0,2.0
gemma2_9b,186,22.3,0.2,0.2,1.0,2.0
gemma2_9b,183,22.3,0.2,0.2,6.0,4.0
gemma2_9b,191,22.3,0.2,0.2,5.0,3.0
gemma2_9b,189,22.3,0.2,0.2,4.0,2.0
gemma2_9b,187,22.3,0.2,0.2,5.0,2.0
gemma2_9b,194,22.3,0.2,0.2,7.0,7.0
gemma2_9b,190,22.3,0.2,0.2,2.0,2.0
gemma2_9b,195,22.3,0.2,0.2,7.0,6.0
gemma2_9b,196,22.3,0.2,0.2,4.0,4.0
gemma2_9b,181,22.3,0.2,0.2,4.0,3.0
gemma2_9b,199,22.3,0.2,0.2,4.0,4.0
gemma2_9b,198,22.3,0.2,0.2,3.0,4.0
gemma2_9b,202,22.3,0.2,0.2,1.0,1.0
gemma2_9b,201,22.3,0.2,0.2,2.0,4.0
gemma2_9b,197,22.3,0.2,0.2,5.0,4.0
gemma2_9b,203,22.3,0.2,0.2,1.0,1.0
gemma2_9b,192,22.3,0.2,0.2,3.0,4.0
gemma2_9b,200,22.3,0.2,0.2,4.0,4.0
gemma2_9b,193,22.3,0.2,0.2,2.0,3.0
gemma2_9b,204,22.3,0.2,0.2,1.0,2.0
gemma2_9b,205,22.3,0.2,0.2,1.0,1.0
gemma2_9b,207,22.3,0.2,0.2,1.0,1.0
gemma2_9b,210,44.6,0.4,0.4,5.0,4.0
gemma2_9b,212,44.6,0.4,0.4,5.0,4.0
gemma2_9b,208,22.3,0.2,0.2,1.0,1.0
gemma2_9b,209,22.3,0.2,0.2,1.0,1.0
gemma2_9b,206,22.3,0.2,0.2,4.0,1.0
gemma2_9b,214,44.6,0.4,0.4,1.0,1.0
gemma2_9b,216,44.6,0.4,0.4,3.0,3.0
gemma2_9b,211,44.6,0.4,0.4,5.0,4.0
gemma2_9b,217,44.6,0.4,0.4,2.0,1.0
gemma2_9b,215,44.6,0.4,0.4,1.0,4.0
gemma2_9b,213,44.6,0.4,0.4,2.0,1.0
gemma2_9b,221,44.6,0.4,0.4,5.0,3.0
gemma2_9b,224,44.6,0.4,0.4,7.0,5.0
gemma2_9b,219,44.6,0.4,0.4,3.0,4.0
gemma2_9b,222,44.6,0.4,0.4,5.0,4.0
gemma2_9b,220,44.6,0.4,0.4,7.0,6.0
gemma2_9b,218,44.6,0.4,0.4,5.0,4.0
gemma2_9b,225,44.6,0.4,0.4,7.0,6.0
gemma2_9b,229,44.6,0.4,0.4,4.0,4.0
gemma2_9b,230,44.6,0.4,0.4,4.0,4.0
gemma2_9b,227,44.6,0.4,0.4,5.0,6.0
gemma2_9b,228,44.6,0.4,0.4,5.0,4.0
gemma2_9b,231,44.6,0.4,0.4,3.0,4.0
gemma2_9b,226,44.6,0.4,0.4,5.0,6.0
gemma2_9b,234,44.6,0.4,0.4,2.0,1.0
gemma2_9b,232,44.6,0.4,0.4,1.0,1.0
gemma2_9b,223,44.6,0.4,0.4,7.0,3.0
gemma2_9b,233,44.6,0.4,0.4,1.0,1.0
gemma2_9b,238,44.6,0.4,0.4,1.0,1.0
gemma2_9b,235,44.6,0.4,0.4,1.0,2.0
gemma2_9b,240,66.9,0.6,0.6,6.0,3.0
gemma2_9b,242,66.9,0.6,0.6,2.0,4.0
gemma2_9b,239,44.6,0.4,0.4,1.0,1.0
gemma2_9b,236,44.6,0.4,0.4,3.0,5.0
gemma2_9b,244,66.9,0.6,0.6,1.0,1.0
gemma2_9b,237,44.6,0.4,0.4,1.0,1.0
gemma2_9b,243,66.9,0.6,0.6,1.0,1.0
gemma2_9b,246,66.9,0.6,0.6,6.0,3.0
gemma2_9b,249,66.9,0.6,0.6,5.0,4.0
gemma2_9b,247,66.9,0.6,0.6,5.0,2.0
gemma2_9b,245,66.9,0.6,0.6,4.0,4.0
gemma2_9b,250,66.9,0.6,0.6,7.0,6.0
gemma2_9b,251,66.9,0.6,0.6,5.0,5.0
gemma2_9b,254,66.9,0.6,0.6,7.0,4.0
gemma2_9b,241,66.9,0.6,0.6,6.0,6.0
gemma2_9b,255,66.9,0.6,0.6,7.0,7.0
gemma2_9b,253,66.9,0.6,0.6,7.0,5.0
gemma2_9b,248,66.9,0.6,0.6,6.0,4.0
gemma2_9b,257,66.9,0.6,0.6,7.0,6.0
gemma2_9b,262,66.9,0.6,0.6,1.0,1.0
gemma2_9b,261,66.9,0.6,0.6,3.0,3.0
gemma2_9b,252,66.9,0.6,0.6,3.0,4.0
gemma2_9b,256,66.9,0.6,0.6,6.0,6.0
gemma2_9b,260,66.9,0.6,0.6,5.0,4.0
gemma2_9b,258,66.9,0.6,0.6,5.0,4.0
gemma2_9b,268,66.9,0.6,0.6,1.0,1.0
gemma2_9b,267,66.9,0.6,0.6,1.0,1.0
gemma2_9b,263,66.9,0.6,0.6,1.0,1.0
gemma2_9b,259,66.9,0.6,0.6,7.0,4.0
gemma2_9b,264,66.9,0.6,0.6,6.0,4.0
gemma2_9b,266,66.9,0.6,0.6,5.0,3.0
gemma2_9b,265,66.9,0.6,0.6,1.0,2.0
gemma2_9b,270,89.2,0.8,0.8,6.0,3.0
gemma2_9b,273,89.2,0.8,0.8,1.0,5.0
gemma2_9b,275,89.2,0.8,0.8,7.0,6.0
gemma2_9b,274,89.2,0.8,0.8,1.0,1.0
gemma2_9b,271,89.2,0.8,0.8,1.0,1.0
gemma2_9b,278,89.2,0.8,0.8,7.0,6.0
gemma2_9b,280,89.2,0.8,0.8,7.0,6.0
gemma2_9b,281,89.2,0.8,0.8,7.0,4.0
gemma2_9b,272,89.2,0.8,0.8,2.0,4.0
gemma2_9b,279,89.2,0.8,0.8,6.0,4.0
gemma2_9b,269,66.9,0.6,0.6,5.0,1.0
gemma2_9b,277,89.2,0.8,0.8,5.0,3.0
gemma2_9b,276,89.2,0.8,0.8,5.0,2.0
gemma2_9b,286,89.2,0.8,0.8,7.0,5.0
gemma2_9b,284,89.2,0.8,0.8,7.0,4.0
gemma2_9b,282,89.2,0.8,0.8,2.0,6.0
gemma2_9b,287,89.2,0.8,0.8,7.0,6.0
gemma2_9b,285,89.2,0.8,0.8,7.0,7.0
gemma2_9b,288,89.2,0.8,0.8,7.0,5.0
gemma2_9b,283,89.2,0.8,0.8,7.0,5.0
gemma2_9b,290,89.2,0.8,0.8,7.0,5.0
gemma2_9b,294,89.2,0.8,0.8,7.0,5.0
gemma2_9b,289,89.2,0.8,0.8,7.0,4.0
gemma2_9b,292,89.2,0.8,0.8,7.0,1.0
gemma2_9b,299,89.2,0.8,0.8,6.0,1.0
gemma2_9b,291,89.2,0.8,0.8,3.0,2.0
gemma2_9b,298,89.2,0.8,0.8,1.0,1.0
gemma2_9b,293,89.2,0.8,0.8,1.0,1.0
gemma2_9b,297,89.2,0.8,0.8,1.0,1.0
gemma2_9b,296,89.2,0.8,0.8,7.0,1.0
gemma2_9b,302,111.5,1.0,1.0,2.0,4.0
gemma2_9b,301,111.5,1.0,1.0,1.0,1.0
gemma2_9b,303,111.5,1.0,1.0,1.0,1.0
gemma2_9b,300,111.5,1.0,1.0,7.0,3.0
gemma2_9b,306,111.5,1.0,1.0,5.0,3.0
gemma2_9b,304,111.5,1.0,1.0,1.0,1.0
gemma2_9b,310,111.5,1.0,1.0,7.0,6.0
gemma2_9b,308,111.5,1.0,1.0,7.0,6.0
gemma2_9b,305,111.5,1.0,1.0,7.0,5.0
gemma2_9b,311,111.5,1.0,1.0,7.0,4.0
gemma2_9b,314,111.5,1.0,1.0,7.0,6.0
gemma2_9b,312,111.5,1.0,1.0,1.0,5.0
gemma2_9b,309,111.5,1.0,1.0,7.0,6.0
gemma2_9b,313,111.5,1.0,1.0,7.0,6.0
gemma2_9b,307,111.5,1.0,1.0,5.0,2.0
gemma2_9b,319,111.5,1.0,1.0,7.0,4.0
gemma2_9b,315,111.5,1.0,1.0,7.0,6.0
gemma2_9b,320,111.5,1.0,1.0,7.0,6.0
gemma2_9b,317,111.5,1.0,1.0,7.0,5.0
gemma2_9b,316,111.5,1.0,1.0,7.0,1.0
gemma2_9b,318,111.5,1.0,1.0,7.0,5.0
gemma2_9b,295,89.2,0.8,0.8,5.0,1.0
gemma2_9b,325,111.5,1.0,1.0,7.0,1.0
gemma2_9b,321,111.5,1.0,1.0,5.0,7.0
gemma2_9b,326,111.5,1.0,1.0,7.0,1.0
gemma2_9b,324,111.5,1.0,1.0,7.0,4.0
gemma2_9b,322,111.5,1.0,1.0,7.0,1.0
gemma2_9b,328,111.5,1.0,1.0,5.0,1.0
gemma2_9b,323,111.5,1.0,1.0,7.0,1.0
gemma2_9b,327,111.5,1.0,1.0,7.0,1.0
gemma2_9b,329,111.5,1.0,1.0,7.0,1.0
