"contrast","opposition_status","estimate","SE","df","ci_low","ci_high","p_value","model_name","score_mode","component","contrast_family","contrast_stratum","valence_status","p_holm_across_models"
"valenced - neutral","nonopposite",6.07984637417625,0.45578037812497,203.999978510648,5.1812020278637,6.97849072048881,1.34531544119678e-29,"qwen25_3b","sequence","semantic","valenced_minus_neutral_within_opposition","nonopposite",NA,8.07189264718069e-29
"valenced - neutral","opposite",5.90492323647554,0.462262389605679,203.999978492787,4.99349856163271,6.81634791131837,7.68118219439138e-28,"qwen25_3b","sequence","semantic","valenced_minus_neutral_within_opposition","opposite",NA,4.60870931663483e-27
"opposite - nonopposite",NA,-0.306619334858629,0.567603310158771,203.999978464589,-1.42574058295085,0.812501913233589,0.589648323719423,"qwen25_3b","sequence","semantic","opposite_minus_nonopposite_within_valence","neutral","neutral",1
"opposite - nonopposite",NA,-0.481542472559346,0.315037699687672,203.999978637315,-1.10268998413775,0.139605039019061,0.12793171332898,"qwen25_3b","sequence","semantic","opposite_minus_nonopposite_within_valence","valenced","valenced",0.767590279973882
"valenced - neutral","nonopposite",-1.96187680682412,0.346724519974315,203.999981693739,-2.64549998265204,-1.2782536309962,5.12852066638732e-08,"qwen25_3b","sequence","position","valenced_minus_neutral_within_opposition","nonopposite",NA,2.05140826655493e-07
"valenced - neutral","opposite",-1.04859401705106,0.351655562263504,203.999981607637,-1.74193953611196,-0.355248497990149,0.0032136028767248,"qwen25_3b","sequence","position","valenced_minus_neutral_within_opposition","opposite",NA,0.00964080863017439
"opposite - nonopposite",NA,-1.69706475040816,0.431791263283983,203.999981293484,-2.54841069711613,-0.845718803700178,0.000116158450491002,"qwen25_3b","sequence","position","opposite_minus_nonopposite_within_valence","neutral","neutral",0.000696950702946015
"opposite - nonopposite",NA,-0.78378196063509,0.239657739649489,203.999982844138,-1.25630575300359,-0.311258168266588,0.00126063421105098,"qwen25_3b","sequence","position","opposite_minus_nonopposite_within_valence","valenced","valenced",0.00882443947735687
"valenced - neutral","nonopposite",6.04938371631508,0.455756255929998,203.999982471773,5.15078693089507,6.94798050173509,2.16050514880708e-29,"qwen25_3b","first_token","semantic","valenced_minus_neutral_within_opposition","nonopposite",NA,1.29630308928425e-28
"valenced - neutral","opposite",5.88468691481437,0.462237924349986,203.999982475326,4.97331047726554,6.7960633523632,1.04485540628768e-27,"qwen25_3b","first_token","semantic","valenced_minus_neutral_within_opposition","opposite",NA,6.26913243772605e-27
"opposite - nonopposite",NA,-0.309114138571926,0.567573269730587,203.99998251319,-1.42817615699423,0.809947879850373,0.586606851743495,"qwen25_3b","first_token","semantic","opposite_minus_nonopposite_within_valence","neutral","neutral",1
"opposite - nonopposite",NA,-0.473810940072636,0.315021026304664,203.999982342115,-1.09492557732654,0.147303697181268,0.134112166883609,"qwen25_3b","first_token","semantic","opposite_minus_nonopposite_within_valence","valenced","valenced",0.804673001301652
"valenced - neutral","nonopposite",-1.99145959473942,0.346591778060549,203.999962324089,-2.67482104891461,-1.30809814056423,3.293516313392e-08,"qwen25_3b","first_token","position","valenced_minus_neutral_within_opposition","nonopposite",NA,1.3174065253568e-07
"valenced - neutral","opposite",-1.06292095284686,0.351520932522507,203.999962333778,-1.75600102810348,-0.369840877590235,0.00281688239785976,"qwen25_3b","first_token","position","valenced_minus_neutral_within_opposition","opposite",NA,0.00845064719357927
"opposite - nonopposite",NA,-1.6969288008673,0.43162595395241,203.999962412181,-2.54794881410138,-0.845908787633211,0.000115625262982784,"qwen25_3b","first_token","position","opposite_minus_nonopposite_within_valence","neutral","neutral",0.000693751577896704
"opposite - nonopposite",NA,-0.768390158974736,0.239565987768168,203.999962047441,-1.24073304803455,-0.296047269914925,0.00155513534063893,"qwen25_3b","first_token","position","opposite_minus_nonopposite_within_valence","valenced","valenced",0.0108859473844725
"valenced - neutral","nonopposite",8.6459380959331,0.434524689302586,203.999997138096,7.78920276044404,9.50267343142215,1.13065489972024e-49,"qwen25_7b","sequence","semantic","valenced_minus_neutral_within_opposition","nonopposite",NA,9.04523919776192e-49
"valenced - neutral","opposite",8.45098106153966,0.440704406903194,203.999997120577,7.5820614185479,9.31990070453142,1.55127938384594e-47,"qwen25_7b","sequence","semantic","valenced_minus_neutral_within_opposition","opposite",NA,1.24102350707675e-46
"opposite - nonopposite",NA,-0.243017813976124,0.541132667905752,203.999997105416,-1.30994793140365,0.8239123034514,0.653842727770738,"qwen25_7b","sequence","semantic","opposite_minus_nonopposite_within_valence","neutral","neutral",1
"opposite - nonopposite",NA,-0.43797484836956,0.30034566020272,203.999997223943,-1.03015463996853,0.154204943229411,0.146313338964054,"qwen25_7b","sequence","semantic","opposite_minus_nonopposite_within_valence","valenced","valenced",0.767590279973882
"valenced - neutral","nonopposite",-1.26674881106501,0.303354085585023,203.999981958919,-1.86486019759678,-0.66863742453324,4.3980558381993e-05,"qwen25_7b","sequence","position","valenced_minus_neutral_within_opposition","nonopposite",NA,0.000131941675145979
"valenced - neutral","opposite",-1.27847286146365,0.307668322791924,203.999981871717,-1.8850904607703,-0.671855262157004,4.77666967894215e-05,"qwen25_7b","sequence","position","valenced_minus_neutral_within_opposition","opposite",NA,0.000238833483947107
"opposite - nonopposite",NA,-0.497684264639026,0.377780157707961,203.999981539426,-1.24253862682081,0.247170097542761,0.189185221778952,"qwen25_7b","sequence","position","opposite_minus_nonopposite_within_valence","neutral","neutral",0.567555665336855
"opposite - nonopposite",NA,-0.50940831503767,0.209679876318328,203.999983157211,-0.922825926692084,-0.0959907033832561,0.0159872008756476,"qwen25_7b","sequence","position","opposite_minus_nonopposite_within_valence","valenced","valenced",0.0959232052538856
"valenced - neutral","nonopposite",8.64340867805221,0.434030079027782,203.999981613678,7.787648545909,9.49916881019542,1.00857986295593e-49,"qwen25_7b","first_token","semantic","valenced_minus_neutral_within_opposition","nonopposite",NA,8.06863890364744e-49
"valenced - neutral","opposite",8.44920688003583,0.440202762386387,203.999981569448,7.58127630952356,9.3171374505481,1.37276521297377e-47,"qwen25_7b","first_token","semantic","valenced_minus_neutral_within_opposition","opposite",NA,1.09821217037902e-46
"opposite - nonopposite",NA,-0.243507358157455,0.54051670802092,203.999981536709,-1.30922301205578,0.822208295740874,0.652822270070749,"qwen25_7b","first_token","semantic","opposite_minus_nonopposite_within_valence","neutral","neutral",1
"opposite - nonopposite",NA,-0.437709156173833,0.300003783082306,203.999981742108,-1.02921488229329,0.153796569945621,0.146099794185599,"qwen25_7b","first_token","semantic","opposite_minus_nonopposite_within_valence","valenced","valenced",0.804673001301652
"valenced - neutral","nonopposite",-1.26929558569675,0.303409500690837,203.999915050793,-1.8675162331962,-0.671074938197307,4.26425005702224e-05,"qwen25_7b","first_token","position","valenced_minus_neutral_within_opposition","nonopposite",NA,0.000127927501710667
"valenced - neutral","opposite",-1.28080854657555,0.307724525999572,203.99991490099,-1.88753696073721,-0.674080132413901,4.64685139034732e-05,"qwen25_7b","first_token","position","valenced_minus_neutral_within_opposition","opposite",NA,0.000232342569517366
"opposite - nonopposite",NA,-0.497525696037538,0.377849168571532,203.999914141708,-1.24251612570877,0.247464733633691,0.189406129296733,"qwen25_7b","first_token","position","opposite_minus_nonopposite_within_valence","neutral","neutral",0.568218387890198
"opposite - nonopposite",NA,-0.50903865691634,0.209718179519389,203.999917656353,-0.922531790286506,-0.0955455235461731,0.0160819466899126,"qwen25_7b","first_token","position","opposite_minus_nonopposite_within_valence","valenced","valenced",0.0964916801394758
"valenced - neutral","nonopposite",9.98174951649414,0.761838505356711,203.99999498774,8.4796623311517,11.4838367018366,7.35385388081427e-29,"qwen25_14b","sequence","semantic","valenced_minus_neutral_within_opposition","nonopposite",NA,3.67692694040714e-28
"valenced - neutral","opposite",9.20677834902236,0.772673210348802,203.999995021175,7.68332879959617,10.7302278984485,3.43755463356612e-25,"qwen25_14b","sequence","semantic","valenced_minus_neutral_within_opposition","opposite",NA,1.71877731678306e-24
"opposite - nonopposite",NA,0.313279489171255,0.94875092961617,203.999995163422,-1.55733561288844,2.18389459123095,0.741586157314343,"qwen25_14b","sequence","semantic","opposite_minus_nonopposite_within_valence","neutral","neutral",1
"opposite - nonopposite",NA,-0.46169167830052,0.52658662325141,203.999994476934,-1.49994192846365,0.576558571862607,0.381646662368618,"qwen25_14b","sequence","semantic","opposite_minus_nonopposite_within_valence","valenced","valenced",1
"valenced - neutral","nonopposite",-3.37680348535174,0.400903819711448,204.00000875676,-4.16724986692299,-2.58635710378049,6.51389857456487e-15,"qwen25_14b","sequence","position","valenced_minus_neutral_within_opposition","nonopposite",NA,3.90833914473892e-14
"valenced - neutral","opposite",-1.73124980937575,0.406605388464189,204.00000868851,-2.53293775106426,-0.929561867687242,3.14853699986182e-05,"qwen25_14b","sequence","position","valenced_minus_neutral_within_opposition","opposite",NA,0.000213099888970731
"opposite - nonopposite",NA,-1.14339255450922,0.499263123304354,204.000008587402,-2.12777012804765,-0.159014980970795,0.0230345808268717,"qwen25_14b","sequence","position","opposite_minus_nonopposite_within_valence","neutral","neutral",0.0921383233074869
"opposite - nonopposite",NA,0.502161121466762,0.277106745308959,204.000009132937,-0.0441994103278617,1.04852165326139,0.0714321778873988,"qwen25_14b","sequence","position","opposite_minus_nonopposite_within_valence","valenced","valenced",0.214296533662196
"valenced - neutral","nonopposite",9.97804200568941,0.761897308529679,203.999988206517,8.47583888013267,11.4802451312462,7.66971948887747e-29,"qwen25_14b","first_token","semantic","valenced_minus_neutral_within_opposition","nonopposite",NA,3.83485974443874e-28
"valenced - neutral","opposite",9.19481265959784,0.772732849807975,203.999988274812,7.67124552108186,10.7183797981138,3.86049248914168e-25,"qwen25_14b","first_token","semantic","valenced_minus_neutral_within_opposition","opposite",NA,1.93024624457084e-24
"opposite - nonopposite",NA,0.316548186196417,0.94882415978849,203.999988432342,-1.55421130129833,2.18730767369116,0.739007824512245,"qwen25_14b","first_token","semantic","opposite_minus_nonopposite_within_valence","neutral","neutral",1
"opposite - nonopposite",NA,-0.466681159895152,0.526627268301585,203.999987566726,-1.50501154852395,0.571649228733646,0.376569490087774,"qwen25_14b","first_token","semantic","opposite_minus_nonopposite_within_valence","valenced","valenced",1
"valenced - neutral","nonopposite",-3.38147804130059,0.400430300417261,203.999948434236,-4.1709908047924,-2.59196527780877,5.67923593972074e-15,"qwen25_14b","first_token","position","valenced_minus_neutral_within_opposition","nonopposite",NA,3.40754156383244e-14
"valenced - neutral","opposite",-1.74026712744623,0.406125134879433,203.999948448968,-2.54100817333584,-0.939526081556614,2.81467244173273e-05,"qwen25_14b","first_token","position","valenced_minus_neutral_within_opposition","opposite",NA,0.000197027070921291
"opposite - nonopposite",NA,-1.14196254712279,0.498673428943416,203.999948536899,-2.12517744508035,-0.158747649165226,0.0230440019181108,"qwen25_14b","first_token","position","opposite_minus_nonopposite_within_valence","neutral","neutral",0.0921760076724434
"opposite - nonopposite",NA,0.499248366731571,0.276779446380889,203.999948119699,-0.0464668435415151,1.04496357700466,0.0727415792682419,"qwen25_14b","first_token","position","opposite_minus_nonopposite_within_valence","valenced","valenced",0.218224737804726
"valenced - neutral","nonopposite",9.88819698307138,0.643031680861061,203.999980265838,8.62035656648034,11.1560373996624,6.06786651861461e-36,"qwen25_32b","sequence","semantic","valenced_minus_neutral_within_opposition","nonopposite",NA,4.24750656303022e-35
"valenced - neutral","opposite",10.5655213795955,0.652176740494711,203.99998025714,9.279650006582,11.8513927526091,1.71292030858769e-38,"qwen25_32b","sequence","semantic","valenced_minus_neutral_within_opposition","opposite",NA,1.19904421601138e-37
"opposite - nonopposite",NA,-0.272465845446954,0.800795576358968,203.999980276824,-1.85136316474445,1.30643147385054,0.734022919242819,"qwen25_32b","sequence","semantic","opposite_minus_nonopposite_within_valence","neutral","neutral",1
"opposite - nonopposite",NA,0.404858551077205,0.444466746019559,203.999980222183,-0.471479149237096,1.28119625139151,0.363430476601079,"qwen25_32b","sequence","semantic","opposite_minus_nonopposite_within_valence","valenced","valenced",1
"valenced - neutral","nonopposite",-3.53048968423406,0.305135126036106,203.999983196237,-4.13211267854592,-2.92886668992221,3.92820963872813e-24,"qwen25_32b","sequence","position","valenced_minus_neutral_within_opposition","nonopposite",NA,3.14256771098251e-23
"valenced - neutral","opposite",-0.742609025737975,0.309474692821035,203.999983227739,-1.35278817416066,-0.132429877315287,0.0173131399960429,"qwen25_32b","sequence","position","valenced_minus_neutral_within_opposition","opposite",NA,0.0346262799920857
"opposite - nonopposite",NA,-2.68646977786857,0.379998165555776,203.999983427344,-3.43569729933747,-1.93724225639967,2.42106199161772e-11,"qwen25_32b","sequence","position","opposite_minus_nonopposite_within_valence","neutral","neutral",1.93684959329418e-10
"opposite - nonopposite",NA,0.101410880627517,0.21091094047486,203.999982512295,-0.31443397208583,0.517255733340864,0.631157403305318,"qwen25_32b","sequence","position","opposite_minus_nonopposite_within_valence","valenced","valenced",0.631157403305318
"valenced - neutral","nonopposite",9.88498111407192,0.641968786800757,203.999931479058,8.61923636232416,11.1507258658197,5.24232699198537e-36,"qwen25_32b","first_token","semantic","valenced_minus_neutral_within_opposition","nonopposite",NA,3.66962889438976e-35
"valenced - neutral","opposite",10.5434185226748,0.651098730181422,203.999931494179,9.25967261860459,11.827164426745,1.80195791897803e-38,"qwen25_32b","first_token","semantic","valenced_minus_neutral_within_opposition","opposite",NA,1.26137054328462e-37
"opposite - nonopposite",NA,-0.27255180041684,0.799471907732735,203.999931582391,-1.84883929629704,1.30373569546336,0.733518573174788,"qwen25_32b","first_token","semantic","opposite_minus_nonopposite_within_valence","neutral","neutral",1
"opposite - nonopposite",NA,0.38588560818605,0.443732068275978,203.999931209625,-0.489003558008316,1.26077477438042,0.38552113899796,"qwen25_32b","first_token","semantic","opposite_minus_nonopposite_within_valence","valenced","valenced",1
"valenced - neutral","nonopposite",-3.52857830983156,0.304605083423172,203.999996416221,-4.12915623962097,-2.92800038004215,3.56317501516052e-24,"qwen25_32b","first_token","position","valenced_minus_neutral_within_opposition","nonopposite",NA,2.85054001212842e-23
"valenced - neutral","opposite",-0.762427838989717,0.308937112054931,203.999996344059,-1.37154706020672,-0.153308617772719,0.0144136754831994,"qwen25_32b","first_token","position","valenced_minus_neutral_within_opposition","opposite",NA,0.0288273509663989
"opposite - nonopposite",NA,-2.68776532001937,0.379338080225064,203.999995850265,-3.43569137678556,-1.93983926325318,2.21044495854265e-11,"qwen25_32b","first_token","position","opposite_minus_nonopposite_within_valence","neutral","neutral",1.76835596683412e-10
"opposite - nonopposite",NA,0.0783851508224718,0.210544572343344,203.999998082136,-0.336737347985377,0.49350764963032,0.710058067183799,"qwen25_32b","first_token","position","opposite_minus_nonopposite_within_valence","valenced","valenced",0.710058067183799
"valenced - neutral","nonopposite",5.54280899923754,0.440097535494285,204.000017556547,4.67508590138649,6.4105320970886,2.76367296592715e-27,"qwen25_72b","sequence","semantic","valenced_minus_neutral_within_opposition","nonopposite",NA,1.10546918637086e-26
"valenced - neutral","opposite",5.19173725368866,0.446356508926711,204.000017378265,4.31167358271426,6.07180092466306,2.55455784747404e-24,"qwen25_72b","sequence","semantic","valenced_minus_neutral_within_opposition","opposite",NA,1.02182313898962e-23
"opposite - nonopposite",NA,0.570908585215007,0.548072777873687,204.000016738307,-0.509705074985661,1.65152224541567,0.29879963323504,"qwen25_72b","sequence","semantic","opposite_minus_nonopposite_within_valence","neutral","neutral",1
"opposite - nonopposite",NA,0.219836839666123,0.304197639641079,204.000019862174,-0.379937748742047,0.819611428074293,0.470705619705556,"qwen25_72b","sequence","semantic","opposite_minus_nonopposite_within_valence","valenced","valenced",1
"valenced - neutral","nonopposite",-2.11738066306054,0.1922405372227,204.000032441357,-2.49641381131812,-1.73834751480295,1.92673574535451e-22,"qwen25_72b","sequence","position","valenced_minus_neutral_within_opposition","nonopposite",NA,1.34871502174815e-21
"valenced - neutral","opposite",-1.41635551837811,0.194974541206069,204.000032533272,-1.80077919535528,-1.03193184140095,7.78204710496674e-12,"qwen25_72b","sequence","position","valenced_minus_neutral_within_opposition","opposite",NA,6.22563768397339e-11
"opposite - nonopposite",NA,-1.00984670352931,0.239405578895691,204.000033163416,-1.48187331970666,-0.53782008735196,3.7033434857088e-05,"qwen25_72b","sequence","position","opposite_minus_nonopposite_within_valence","neutral","neutral",0.000259234043999616
"opposite - nonopposite",NA,-0.308821558846887,0.132877630411626,204.000030284558,-0.570811185586012,-0.0468319321077619,0.0211041626903291,"qwen25_72b","sequence","position","opposite_minus_nonopposite_within_valence","valenced","valenced",0.105520813451645
"valenced - neutral","nonopposite",5.54277496296864,0.439826572832422,204.000012069873,4.67558611146104,6.40996381447624,2.61639253048933e-27,"qwen25_72b","first_token","semantic","valenced_minus_neutral_within_opposition","nonopposite",NA,1.04655701219573e-26
"valenced - neutral","opposite",5.18872567534296,0.446081692691573,204.000012017389,4.30920384865299,6.06824750203294,2.54711050512911e-24,"qwen25_72b","first_token","semantic","valenced_minus_neutral_within_opposition","opposite",NA,1.01884420205165e-23
"opposite - nonopposite",NA,0.575980726737052,0.547735336177681,204.000012042812,-0.50396761301777,1.65592906649187,0.294242021198167,"qwen25_72b","first_token","semantic","opposite_minus_nonopposite_within_valence","neutral","neutral",1
"opposite - nonopposite",NA,0.221931439111378,0.304010348880455,204.000012047241,-0.37747387556634,0.821336753789097,0.466219826440888,"qwen25_72b","first_token","semantic","opposite_minus_nonopposite_within_valence","valenced","valenced",1
"valenced - neutral","nonopposite",-2.12002605957872,0.191341709197737,204.000017651001,-2.497287023938,-1.74276509521944,1.2202042356623e-22,"qwen25_72b","first_token","position","valenced_minus_neutral_within_opposition","nonopposite",NA,8.5414296496361e-22
"valenced - neutral","opposite",-1.41323266682133,0.194062930240337,204.000017551725,-1.79585895628032,-1.03060637736235,6.99915678676538e-12,"qwen25_72b","first_token","position","valenced_minus_neutral_within_opposition","opposite",NA,5.5993254294123e-11
"opposite - nonopposite",NA,-1.01177612761686,0.238286228904512,204.00001712073,-1.48159576541755,-0.541956489816158,3.30410518709872e-05,"qwen25_72b","first_token","position","opposite_minus_nonopposite_within_valence","neutral","neutral",0.000231287363096911
"opposite - nonopposite",NA,-0.304982734859471,0.132256355940438,204.000019129276,-0.565747419108287,-0.0442180506106539,0.0221155287059273,"qwen25_72b","first_token","position","opposite_minus_nonopposite_within_valence","valenced","valenced",0.110577643529636
"valenced - neutral","nonopposite",1.69862433513612,0.208705672747934,203.999977474039,1.28712752249239,2.11012114777984,3.88423190179817e-14,"llama3_8b","sequence","semantic","valenced_minus_neutral_within_opposition","nonopposite",NA,7.76846380359635e-14
"valenced - neutral","opposite",1.86876610328248,0.211673840382545,203.999977387935,1.45141707059522,2.28611513596973,4.85622910443057e-16,"llama3_8b","sequence","semantic","valenced_minus_neutral_within_opposition","opposite",NA,9.71245820886113e-16
"opposite - nonopposite",NA,0.107253257759027,0.259910334859038,203.999977094471,-0.405201784601115,0.61970830011917,0.680292870715792,"llama3_8b","sequence","semantic","opposite_minus_nonopposite_within_valence","neutral","neutral",1
"opposite - nonopposite",NA,0.27739502590539,0.14425841525861,203.999978543629,-0.00703364961887409,0.561823701429654,0.0558846783520733,"llama3_8b","sequence","semantic","opposite_minus_nonopposite_within_valence","valenced","valenced",0.447077426816586
"valenced - neutral","nonopposite",-0.164392416901715,0.0971976611466864,204.000009923714,-0.356033243879274,0.0272484100758444,0.0923026316134136,"llama3_8b","sequence","position","valenced_minus_neutral_within_opposition","nonopposite",NA,0.0923026316134136
"valenced - neutral","opposite",0.031731120461706,0.0985799855855811,204.000009975755,-0.162635181547526,0.226097422470939,0.747871698164808,"llama3_8b","sequence","position","valenced_minus_neutral_within_opposition","opposite",NA,0.747871698164808
"opposite - nonopposite",NA,-0.115195609779751,0.121044513661407,204.000010430433,-0.353854343180926,0.123463123621424,0.342385619680112,"llama3_8b","sequence","position","opposite_minus_nonopposite_within_valence","neutral","neutral",0.684771239360224
"opposite - nonopposite",NA,0.0809279275836697,0.0671835143685772,204.000008422123,-0.051535180082963,0.213391035250302,0.229761067463667,"llama3_8b","sequence","position","opposite_minus_nonopposite_within_valence","valenced","valenced",0.459522134927335
"valenced - neutral","nonopposite",1.69834188304688,0.205989582432777,203.999950846987,1.29220027913708,2.10448348695668,2.00271013942411e-14,"llama3_8b","first_token","semantic","valenced_minus_neutral_within_opposition","nonopposite",NA,4.00542027884822e-14
"valenced - neutral","opposite",1.85728787106858,0.208919122409308,203.99995098483,1.4453702077562,2.26920553438096,3.26140807801074e-16,"llama3_8b","first_token","semantic","valenced_minus_neutral_within_opposition","opposite",NA,6.52281615602147e-16
"opposite - nonopposite",NA,0.107005367074607,0.256527868373938,203.999951605103,-0.398780598779482,0.612791332928697,0.677022243342101,"llama3_8b","first_token","semantic","opposite_minus_nonopposite_within_valence","neutral","neutral",1
"opposite - nonopposite",NA,0.265951355096304,0.142381039912723,203.99994866257,-0.0147757731266236,0.546678483319231,0.063212131854662,"llama3_8b","first_token","semantic","opposite_minus_nonopposite_within_valence","valenced","valenced",0.505697054837296
"valenced - neutral","nonopposite",-0.163249854967685,0.0972352209034543,203.99998278162,-0.354964737200871,0.0284650272655002,0.0946992657193078,"llama3_8b","first_token","position","valenced_minus_neutral_within_opposition","nonopposite",NA,0.0946992657193078
"valenced - neutral","opposite",0.0199476534694973,0.0986180795092114,203.999982913169,-0.174493756992984,0.214389063931979,0.839905844829606,"llama3_8b","first_token","position","valenced_minus_neutral_within_opposition","opposite",NA,0.839905844829606
"opposite - nonopposite",NA,-0.115509977448527,0.121091288475096,203.999983379303,-0.354260935109355,0.123240980212301,0.341259030713143,"llama3_8b","first_token","position","opposite_minus_nonopposite_within_valence","neutral","neutral",0.682518061426285
"opposite - nonopposite",NA,0.0676875309886558,0.0672094758621857,203.999981143961,-0.0648267640452803,0.200201826022592,0.315073582437736,"llama3_8b","first_token","position","opposite_minus_nonopposite_within_valence","valenced","valenced",0.630147164875471
"valenced - neutral","nonopposite",4.21181783341428,0.385758585094238,204.999881721526,3.45125485456546,4.9723808122631,3.58508898368305e-22,"mistral_7b","sequence","semantic","valenced_minus_neutral_within_opposition","nonopposite",NA,1.07552669510491e-21
"valenced - neutral","opposite",3.5250940674853,0.39183389719236,204.999881698427,2.75255298200315,4.29763515296746,1.59139532265646e-16,"mistral_7b","sequence","semantic","valenced_minus_neutral_within_opposition","opposite",NA,4.77418596796939e-16
"opposite - nonopposite",NA,0.181359583734242,0.48112548647644,204.999881533586,-0.767229112243082,1.12994827971157,0.70660169768396,"mistral_7b","sequence","semantic","opposite_minus_nonopposite_within_valence","neutral","neutral",1
"opposite - nonopposite",NA,-0.50536418219474,0.266198713794171,204.999882237262,-1.0302024996013,0.0194741352118185,0.0590419043331031,"mistral_7b","sequence","semantic","opposite_minus_nonopposite_within_valence","valenced","valenced",0.447077426816586
"valenced - neutral","nonopposite",-1.70889942297077,0.266277360073455,205.000001606421,-2.23389279784208,-1.18390604809946,9.41719734894274e-10,"mistral_7b","sequence","position","valenced_minus_neutral_within_opposition","nonopposite",NA,4.70859867447137e-09
"valenced - neutral","opposite",-1.15370258495371,0.270470962314906,205.000001580471,-1.68696408067881,-0.620441089228615,3.04428412815331e-05,"mistral_7b","sequence","position","valenced_minus_neutral_within_opposition","opposite",NA,0.000213099888970731
"opposite - nonopposite",NA,-1.1907523618582,0.332106217083169,205.00000140926,-1.84553414156014,-0.53597058215625,0.00042062023948414,"mistral_7b","sequence","position","opposite_minus_nonopposite_within_valence","neutral","neutral",0.0021031011974207
"opposite - nonopposite",NA,-0.635555523841136,0.183748835419295,205.00000219564,-0.997835370716555,-0.273275676965716,0.000659793174732884,"mistral_7b","sequence","position","opposite_minus_nonopposite_within_valence","valenced","valenced",0.00527834539786308
"valenced - neutral","nonopposite",4.19122586227671,0.38213034254373,205.000006183108,3.43781634187727,4.94463538267614,2.53478842787045e-22,"mistral_7b","first_token","semantic","valenced_minus_neutral_within_opposition","nonopposite",NA,7.60436528361136e-22
"valenced - neutral","opposite",3.53807232547477,0.388148513448594,205.000006231237,2.77279735826333,4.30334729268621,7.3106856018224e-17,"mistral_7b","first_token","semantic","valenced_minus_neutral_within_opposition","opposite",NA,2.19320568054672e-16
"opposite - nonopposite",NA,0.179757407024857,0.476600272963069,205.000006466408,-0.759909358723547,1.11942417277326,0.706440414671368,"mistral_7b","first_token","semantic","opposite_minus_nonopposite_within_valence","neutral","neutral",1
"opposite - nonopposite",NA,-0.473396129777081,0.263694988569124,205.000005429113,-0.993298091896722,0.0465058323425612,0.0740882169092529,"mistral_7b","first_token","semantic","opposite_minus_nonopposite_within_valence","valenced","valenced",0.51861751836477
"valenced - neutral","nonopposite",-1.72814947307052,0.266350844052084,204.999980585883,-2.25328772953097,-1.20301121661006,6.39670558489786e-10,"mistral_7b","first_token","position","valenced_minus_neutral_within_opposition","nonopposite",NA,3.19835279244893e-09
"valenced - neutral","opposite",-1.14302167511963,0.270545603592742,204.999980672908,-1.67643033417232,-0.609613016066934,3.5961759209344e-05,"mistral_7b","first_token","position","valenced_minus_neutral_within_opposition","opposite",NA,0.000215770555256064
"opposite - nonopposite",NA,-1.18916200990229,0.332197867706982,204.99998108375,-1.84412448868045,-0.534199531124125,0.00042946380948278,"mistral_7b","first_token","position","opposite_minus_nonopposite_within_valence","neutral","neutral",0.0021473190474139
"opposite - nonopposite",NA,-0.604034211951397,0.183799544182115,204.999979150275,-0.966414036642926,-0.241654387259868,0.00119384769525326,"mistral_7b","first_token","position","opposite_minus_nonopposite_within_valence","valenced","valenced",0.00955078156202606
"valenced - neutral","nonopposite",2.74971673182612,0.354258881113412,204.999942335197,2.05125868101076,3.44817478264149,3.90069589160054e-13,"gemma2_9b","sequence","semantic","valenced_minus_neutral_within_opposition","nonopposite",NA,3.90069589160054e-13
"valenced - neutral","opposite",2.77786975933375,0.359838104361989,204.999942367559,2.06841169242061,3.4873278262469,5.04010617919337e-13,"gemma2_9b","sequence","semantic","valenced_minus_neutral_within_opposition","opposite",NA,5.04010617919337e-13
"opposite - nonopposite",NA,0.126319117519598,0.44183845311609,204.999942922881,-0.744811124193919,0.997449359233114,0.775247723800514,"gemma2_9b","sequence","semantic","opposite_minus_nonopposite_within_valence","neutral","neutral",1
"opposite - nonopposite",NA,0.154472145027227,0.244461852947525,204.999940483599,-0.327509700511701,0.636453990566154,0.528165076895482,"gemma2_9b","sequence","semantic","opposite_minus_nonopposite_within_valence","valenced","valenced",1
"valenced - neutral","nonopposite",-0.323720556621556,0.102634870384638,204.999982827422,-0.526075826319122,-0.121365286923989,0.00185181113783068,"gemma2_9b","sequence","position","valenced_minus_neutral_within_opposition","nonopposite",NA,0.00370362227566136
"valenced - neutral","opposite",-0.362199765986095,0.104251266995966,204.999982775631,-0.567741928900648,-0.156657603071541,0.000624904539186006,"gemma2_9b","sequence","position","valenced_minus_neutral_within_opposition","opposite",NA,0.00249961815674403
"opposite - nonopposite",NA,-0.107241691357414,0.128008173638423,204.999982664105,-0.359623054564119,0.145139671849291,0.403134321284595,"gemma2_9b","sequence","position","opposite_minus_nonopposite_within_valence","neutral","neutral",0.684771239360224
"opposite - nonopposite",NA,-0.145720900721953,0.0708247892400056,204.999983235434,-0.285359303090027,-0.00608249835387895,0.0409052300930779,"gemma2_9b","sequence","position","opposite_minus_nonopposite_within_valence","valenced","valenced",0.163620920372312
"valenced - neutral","nonopposite",2.74394740501147,0.354947086375761,204.99998502433,2.04413248715571,3.44376232286722,4.71965653362968e-13,"gemma2_9b","first_token","semantic","valenced_minus_neutral_within_opposition","nonopposite",NA,4.71965653362968e-13
"valenced - neutral","opposite",2.77307943876857,0.360537148169265,204.999984819787,2.06224313551064,3.48391574202649,5.98333011308077e-13,"gemma2_9b","first_token","semantic","valenced_minus_neutral_within_opposition","opposite",NA,5.98333011308077e-13
"opposite - nonopposite",NA,0.126567468225191,0.442696795883911,204.999984116589,-0.746255084054276,0.999390020504659,0.775242617728567,"gemma2_9b","first_token","semantic","opposite_minus_nonopposite_within_valence","neutral","neutral",1
"opposite - nonopposite",NA,0.155699501982289,0.244936759696838,204.999987564734,-0.327218670708452,0.638617674673029,0.525699038509201,"gemma2_9b","first_token","semantic","opposite_minus_nonopposite_within_valence","valenced","valenced",1
"valenced - neutral","nonopposite",-0.323726945780645,0.101878375566048,205.000037662467,-0.524590707326924,-0.122863184234367,0.00171470728502064,"gemma2_9b","first_token","position","valenced_minus_neutral_within_opposition","nonopposite",NA,0.00342941457004129
"valenced - neutral","opposite",-0.362381747491682,0.1034828581402,205.000037644329,-0.566408912492325,-0.15835458249104,0.0005669975022155,"gemma2_9b","first_token","position","valenced_minus_neutral_within_opposition","opposite",NA,0.002267990008862
"opposite - nonopposite",NA,-0.107881282051515,0.127064658829744,205.000037492814,-0.358402407761023,0.142639843657994,0.396856816761297,"gemma2_9b","first_token","position","opposite_minus_nonopposite_within_valence","neutral","neutral",0.682518061426285
"opposite - nonopposite",NA,-0.146536083762552,0.0703027582198754,205.000038170868,-0.285145247723553,-0.00792691980155069,0.038366598035677,"gemma2_9b","first_token","position","opposite_minus_nonopposite_within_valence","valenced","valenced",0.153466392142708
