model_name,target_layer,item_id,prompt_id,mode,statement_truth,a,b,correct,incorrect,primary_margin_slope,numeric_correct_margin_slope,assent_margin_slope,verification_correct_margin_slope,candidate_accuracy_slope
qwen25_72b,52,arith_000,arith_000::direct_numeric,direct_numeric,,23,21,44,45,-3.187501045790584,-3.187501045790584,,,5.2927805984958746e-17
qwen25_72b,52,arith_000,arith_000::verification_false,verification_false,False,23,21,44,45,22.016579140316363,,22.016579140316363,-22.016579140316363,-0.6363636363636364
qwen25_72b,52,arith_000,arith_000::verification_true,verification_true,True,23,21,44,45,19.33444952964783,,19.33444952964783,19.33444952964783,0.681818181818182
qwen25_72b,52,arith_001,arith_001::direct_numeric,direct_numeric,,7,33,40,35,0.8394814133644114,0.8394814133644114,,,5.2927805984958746e-17
qwen25_72b,52,arith_001,arith_001::verification_false,verification_false,False,7,33,40,35,16.244959013028584,,16.244959013028584,-16.244959013028584,-0.40909090909090906
qwen25_72b,52,arith_001,arith_001::verification_true,verification_true,True,7,33,40,35,16.874682074243374,,16.874682074243374,16.874682074243374,0.6363636363636366
qwen25_72b,52,arith_002,arith_002::direct_numeric,direct_numeric,,6,13,19,22,-1.0099431818181797,-1.0099431818181797,,,5.2927805984958746e-17
qwen25_72b,52,arith_002,arith_002::verification_false,verification_false,False,6,13,19,22,16.649281631816518,,16.649281631816518,-16.649281631816518,-0.40909090909090906
qwen25_72b,52,arith_002,arith_002::verification_true,verification_true,True,6,13,19,22,17.811595548282977,,17.811595548282977,17.811595548282977,0.681818181818182
qwen25_72b,52,arith_003,arith_003::direct_numeric,direct_numeric,,47,24,71,63,-0.3196022998202979,-0.3196022998202979,,,5.2927805984958746e-17
qwen25_72b,52,arith_003,arith_003::verification_false,verification_false,False,47,24,71,63,17.39515458453786,,17.39515458453786,-17.39515458453786,-0.40909090909090906
qwen25_72b,52,arith_003,arith_003::verification_true,verification_true,True,47,24,71,63,18.260702794248413,,18.260702794248413,18.260702794248413,0.681818181818182
qwen25_72b,52,arith_004,arith_004::direct_numeric,direct_numeric,,16,17,33,30,-0.9431823329492068,-0.9431823329492068,,,5.2927805984958746e-17
qwen25_72b,52,arith_004,arith_004::verification_false,verification_false,False,16,17,33,30,18.785151075233124,,18.785151075233124,-18.785151075233124,-0.40909090909090906
qwen25_72b,52,arith_004,arith_004::verification_true,verification_true,True,16,17,33,30,21.977049150250174,,21.977049150250174,21.977049150250174,0.6363636363636366
qwen25_72b,52,arith_005,arith_005::direct_numeric,direct_numeric,,37,21,58,55,-1.9715910445560105,-1.9715910445560105,,,5.2927805984958746e-17
qwen25_72b,52,arith_005,arith_005::verification_false,verification_false,False,37,21,58,55,19.583900906822908,,19.583900906822908,-19.583900906822908,-0.5454545454545455
qwen25_72b,52,arith_005,arith_005::verification_true,verification_true,True,37,21,58,55,19.914425784891307,,19.914425784891307,19.914425784891307,0.681818181818182
qwen25_72b,52,arith_006,arith_006::direct_numeric,direct_numeric,,30,7,37,46,-1.181817986748438,-1.181817986748438,,,5.2927805984958746e-17
qwen25_72b,52,arith_006,arith_006::verification_false,verification_false,False,30,7,37,46,18.095930359580304,,18.095930359580304,-18.095930359580304,-0.5454545454545455
qwen25_72b,52,arith_006,arith_006::verification_true,verification_true,True,30,7,37,46,14.44393842328679,,14.44393842328679,14.44393842328679,0.22727272727272732
qwen25_72b,52,arith_007,arith_007::direct_numeric,direct_numeric,,35,31,66,70,-1.649858220057055,-1.649858220057055,,,5.2927805984958746e-17
qwen25_72b,52,arith_007,arith_007::verification_false,verification_false,False,35,31,66,70,18.90819608081472,,18.90819608081472,-18.90819608081472,-0.5454545454545455
qwen25_72b,52,arith_007,arith_007::verification_true,verification_true,True,35,31,66,70,17.255077427083794,,17.255077427083794,17.255077427083794,0.681818181818182
qwen25_72b,52,arith_008,arith_008::direct_numeric,direct_numeric,,43,39,82,79,-1.0078131989999237,-1.0078131989999237,,,5.2927805984958746e-17
qwen25_72b,52,arith_008,arith_008::verification_false,verification_false,False,43,39,82,79,17.07408786903729,,17.07408786903729,-17.07408786903729,-0.6363636363636364
qwen25_72b,52,arith_008,arith_008::verification_true,verification_true,True,43,39,82,79,21.29030339284378,,21.29030339284378,21.29030339284378,0.681818181818182
qwen25_72b,52,arith_009,arith_009::direct_numeric,direct_numeric,,23,32,55,58,-2.3579547838731227,-2.3579547838731227,,,5.2927805984958746e-17
qwen25_72b,52,arith_009,arith_009::verification_false,verification_false,False,23,32,55,58,21.164570331573486,,21.164570331573486,-21.164570331573486,-0.6363636363636364
qwen25_72b,52,arith_009,arith_009::verification_true,verification_true,True,23,32,55,58,19.550744419748135,,19.550744419748135,19.550744419748135,0.6363636363636366
qwen25_72b,52,arith_010,arith_010::direct_numeric,direct_numeric,,5,43,48,39,0.19460224563424952,0.19460224563424952,,,5.2927805984958746e-17
qwen25_72b,52,arith_010,arith_010::verification_false,verification_false,False,5,43,48,39,15.800422841852363,,15.800422841852363,-15.800422841852363,-0.22727272727272732
qwen25_72b,52,arith_010,arith_010::verification_true,verification_true,True,5,43,48,39,17.179729071530435,,17.179729071530435,17.179729071530435,0.6363636363636366
qwen25_72b,52,arith_011,arith_011::direct_numeric,direct_numeric,,15,33,48,53,-0.8622160445560104,-0.8622160445560104,,,5.2927805984958746e-17
qwen25_72b,52,arith_011,arith_011::verification_false,verification_false,False,15,33,48,53,19.486443692987617,,19.486443692987617,-19.486443692987617,-0.5454545454545455
qwen25_72b,52,arith_011,arith_011::verification_true,verification_true,True,15,33,48,53,20.363814798268415,,20.363814798268415,20.363814798268415,0.681818181818182
qwen25_72b,52,arith_012,arith_012::direct_numeric,direct_numeric,,39,11,50,51,-1.3579545454545459,-1.3579545454545459,,,5.2927805984958746e-17
qwen25_72b,52,arith_012,arith_012::verification_false,verification_false,False,39,11,50,51,18.113154904408894,,18.113154904408894,-18.113154904408894,-0.5454545454545455
qwen25_72b,52,arith_012,arith_012::verification_true,verification_true,True,39,11,50,51,17.652727755633272,,17.652727755633272,17.652727755633272,0.681818181818182
qwen25_72b,52,arith_013,arith_013::direct_numeric,direct_numeric,,12,47,59,68,-0.08948866345665364,-0.08948866345665364,,,5.2927805984958746e-17
qwen25_72b,52,arith_013,arith_013::verification_false,verification_false,False,12,47,59,68,19.9614071358334,,19.9614071358334,-19.9614071358334,-0.6363636363636364
qwen25_72b,52,arith_013,arith_013::verification_true,verification_true,True,12,47,59,68,15.21469992941077,,15.21469992941077,15.21469992941077,0.681818181818182
qwen25_72b,52,arith_014,arith_014::direct_numeric,direct_numeric,,21,11,32,38,-1.5000001571395194,-1.5000001571395194,,,5.2927805984958746e-17
qwen25_72b,52,arith_014,arith_014::verification_false,verification_false,False,21,11,32,38,19.50488888133656,,19.50488888133656,-19.50488888133656,-0.5454545454545455
qwen25_72b,52,arith_014,arith_014::verification_true,verification_true,True,21,11,32,38,18.526639282703403,,18.526639282703403,18.526639282703403,0.6363636363636366
qwen25_72b,52,arith_015,arith_015::direct_numeric,direct_numeric,,22,29,51,45,-1.6392045996405846,-1.6392045996405846,,,5.2927805984958746e-17
qwen25_72b,52,arith_015,arith_015::verification_false,verification_false,False,22,29,51,45,18.282197421247318,,18.282197421247318,-18.282197421247318,-0.5454545454545455
qwen25_72b,52,arith_015,arith_015::verification_true,verification_true,True,22,29,51,45,18.15250560370359,,18.15250560370359,18.15250560370359,0.681818181818182
qwen25_72b,52,arith_016,arith_016::direct_numeric,direct_numeric,,4,29,33,39,-0.21590909090909297,-0.21590909090909297,,,5.2927805984958746e-17
qwen25_72b,52,arith_016,arith_016::verification_false,verification_false,False,4,29,33,39,17.807390711524274,,17.807390711524274,-17.807390711524274,-0.6363636363636364
qwen25_72b,52,arith_016,arith_016::verification_true,verification_true,True,4,29,33,39,19.579187696630306,,19.579187696630306,19.579187696630306,0.681818181818182
qwen25_72b,52,arith_017,arith_017::direct_numeric,direct_numeric,,48,8,56,60,-0.4034092588858172,-0.4034092588858172,,,5.2927805984958746e-17
qwen25_72b,52,arith_017,arith_017::verification_false,verification_false,False,48,8,56,60,15.465102109042085,,15.465102109042085,-15.465102109042085,-0.6363636363636364
qwen25_72b,52,arith_017,arith_017::verification_true,verification_true,True,48,8,56,60,16.636997905644506,,16.636997905644506,16.636997905644506,0.5454545454545455
qwen25_72b,52,arith_018,arith_018::direct_numeric,direct_numeric,,31,47,78,77,-0.7272727543657501,-0.7272727543657501,,,5.2927805984958746e-17
qwen25_72b,52,arith_018,arith_018::verification_false,verification_false,False,31,47,78,77,19.08482753146779,,19.08482753146779,-19.08482753146779,-0.6363636363636364
qwen25_72b,52,arith_018,arith_018::verification_true,verification_true,True,31,47,78,77,20.181320152499467,,20.181320152499467,20.181320152499467,0.681818181818182
qwen25_72b,52,arith_019,arith_019::direct_numeric,direct_numeric,,14,17,31,22,-0.5227273269133115,-0.5227273269133115,,,5.2927805984958746e-17
qwen25_72b,52,arith_019,arith_019::verification_false,verification_false,False,14,17,31,22,16.033921014178883,,16.033921014178883,-16.033921014178883,-0.22727272727272732
qwen25_72b,52,arith_019,arith_019::verification_true,verification_true,True,14,17,31,22,20.971340683373544,,20.971340683373544,20.971340683373544,0.681818181818182
qwen25_72b,52,arith_020,arith_020::direct_numeric,direct_numeric,,38,17,55,60,-2.4041194265538994,-2.4041194265538994,,,5.2927805984958746e-17
qwen25_72b,52,arith_020,arith_020::verification_false,verification_false,False,38,17,55,60,19.46320696310564,,19.46320696310564,-19.46320696310564,-0.5454545454545455
qwen25_72b,52,arith_020,arith_020::verification_true,verification_true,True,38,17,55,60,19.369449268687863,,19.369449268687863,19.369449268687863,0.681818181818182
qwen25_72b,52,arith_021,arith_021::direct_numeric,direct_numeric,,45,33,78,81,-3.0404854525219287,-3.0404854525219287,,,5.2927805984958746e-17
qwen25_72b,52,arith_021,arith_021::verification_false,verification_false,False,45,33,78,81,18.74312400817872,,18.74312400817872,-18.74312400817872,-0.5454545454545455
qwen25_72b,52,arith_021,arith_021::verification_true,verification_true,True,45,33,78,81,17.73241351951253,,17.73241351951253,17.73241351951253,0.681818181818182
qwen25_72b,52,arith_022,arith_022::direct_numeric,direct_numeric,,22,22,44,36,-1.4971603751182572,-1.4971603751182572,,,5.2927805984958746e-17
qwen25_72b,52,arith_022,arith_022::verification_false,verification_false,False,22,22,44,36,17.905729044567458,,17.905729044567458,-17.905729044567458,-0.40909090909090906
qwen25_72b,52,arith_022,arith_022::verification_true,verification_true,True,22,22,44,36,16.83672003312545,,16.83672003312545,16.83672003312545,0.4090909090909092
qwen25_72b,52,arith_023,arith_023::direct_numeric,direct_numeric,,23,43,66,75,-2.093752898953182,-2.093752898953182,,,5.2927805984958746e-17
qwen25_72b,52,arith_023,arith_023::verification_false,verification_false,False,23,43,66,75,20.755165441469718,,20.755165441469718,-20.755165441469718,-0.5454545454545455
qwen25_72b,52,arith_023,arith_023::verification_true,verification_true,True,23,43,66,75,21.2269710410725,,21.2269710410725,21.2269710410725,0.681818181818182
qwen25_72b,52,arith_024,arith_024::direct_numeric,direct_numeric,,39,22,61,60,-1.1250000000000009,-1.1250000000000009,,,5.2927805984958746e-17
qwen25_72b,52,arith_024,arith_024::verification_false,verification_false,False,39,22,61,60,19.559999460523787,,19.559999460523787,-19.559999460523787,-0.5454545454545455
qwen25_72b,52,arith_024,arith_024::verification_true,verification_true,True,39,22,61,60,20.07884297587655,,20.07884297587655,20.07884297587655,0.6363636363636366
qwen25_72b,52,arith_025,arith_025::direct_numeric,direct_numeric,,43,12,55,62,-1.7031251083720824,-1.7031251083720824,,,5.2927805984958746e-17
qwen25_72b,52,arith_025,arith_025::verification_false,verification_false,False,43,12,55,62,18.925589772787962,,18.925589772787962,-18.925589772787962,-0.6363636363636364
qwen25_72b,52,arith_025,arith_025::verification_true,verification_true,True,43,12,55,62,20.454033802856102,,20.454033802856102,20.454033802856102,0.681818181818182
qwen25_72b,52,arith_026,arith_026::direct_numeric,direct_numeric,,9,16,25,29,-1.2897727814587703,-1.2897727814587703,,,5.2927805984958746e-17
qwen25_72b,52,arith_026,arith_026::verification_false,verification_false,False,9,16,25,29,18.0501384084875,,18.0501384084875,-18.0501384084875,-0.40909090909090906
qwen25_72b,52,arith_026,arith_026::verification_true,verification_true,True,9,16,25,29,16.074716015295554,,16.074716015295554,16.074716015295554,0.681818181818182
qwen25_72b,52,arith_027,arith_027::direct_numeric,direct_numeric,,12,36,48,40,-1.5284090909090944,-1.5284090909090944,,,5.2927805984958746e-17
qwen25_72b,52,arith_027,arith_027::verification_false,verification_false,False,12,36,48,40,17.293660684065387,,17.293660684065387,-17.293660684065387,-0.40909090909090906
qwen25_72b,52,arith_027,arith_027::verification_true,verification_true,True,12,36,48,40,18.25577363100919,,18.25577363100919,18.25577363100919,0.5454545454545455
qwen25_72b,52,arith_028,arith_028::direct_numeric,direct_numeric,,5,42,47,51,-0.5170454816384756,-0.5170454816384756,,,5.2927805984958746e-17
qwen25_72b,52,arith_028,arith_028::verification_false,verification_false,False,5,42,47,51,19.199083057316873,,19.199083057316873,-19.199083057316873,-0.6818181818181818
qwen25_72b,52,arith_028,arith_028::verification_true,verification_true,True,5,42,47,51,19.17659760063345,,19.17659760063345,19.17659760063345,0.5454545454545455
qwen25_72b,52,arith_029,arith_029::direct_numeric,direct_numeric,,48,3,51,54,-1.5113636363636356,-1.5113636363636356,,,5.2927805984958746e-17
qwen25_72b,52,arith_029,arith_029::verification_false,verification_false,False,48,3,51,54,18.403950891711496,,18.403950891711496,-18.403950891711496,-0.5454545454545455
qwen25_72b,52,arith_029,arith_029::verification_true,verification_true,True,48,3,51,54,16.25508284568787,,16.25508284568787,16.25508284568787,0.4090909090909092
qwen25_72b,52,arith_030,arith_030::direct_numeric,direct_numeric,,42,14,56,51,-2.3750002817674116,-2.3750002817674116,,,5.2927805984958746e-17
qwen25_72b,52,arith_030,arith_030::verification_false,verification_false,False,42,14,56,51,17.046362611380495,,17.046362611380495,-17.046362611380495,-0.40909090909090906
qwen25_72b,52,arith_030,arith_030::verification_true,verification_true,True,42,14,56,51,17.52187612381849,,17.52187612381849,17.52187612381849,0.5454545454545455
qwen25_72b,52,arith_031,arith_031::direct_numeric,direct_numeric,,23,8,31,29,0.8380683010274724,0.8380683010274724,,,5.2927805984958746e-17
qwen25_72b,52,arith_031,arith_031::verification_false,verification_false,False,23,8,31,29,16.38084827228026,,16.38084827228026,-16.38084827228026,-0.5454545454545457
qwen25_72b,52,arith_031,arith_031::verification_true,verification_true,True,23,8,31,29,16.159740913998,,16.159740913998,16.159740913998,0.5454545454545455
qwen25_72b,52,arith_032,arith_032::direct_numeric,direct_numeric,,42,3,45,41,1.7045454274524336,1.7045454274524336,,,5.2927805984958746e-17
qwen25_72b,52,arith_032,arith_032::verification_false,verification_false,False,42,3,45,41,16.827259453860197,,16.827259453860197,-16.827259453860197,-0.40909090909090906
qwen25_72b,52,arith_032,arith_032::verification_true,verification_true,True,42,3,45,41,18.25622239979831,,18.25622239979831,18.25622239979831,0.5454545454545455
qwen25_72b,52,arith_033,arith_033::direct_numeric,direct_numeric,,22,37,59,62,-1.3139207200570528,-1.3139207200570528,,,5.2927805984958746e-17
qwen25_72b,52,arith_033,arith_033::verification_false,verification_false,False,22,37,59,62,18.470985342155807,,18.470985342155807,-18.470985342155807,-0.6363636363636364
qwen25_72b,52,arith_033,arith_033::verification_true,verification_true,True,22,37,59,62,17.523068249225624,,17.523068249225624,17.523068249225624,0.6363636363636366
qwen25_72b,52,arith_034,arith_034::direct_numeric,direct_numeric,,9,40,49,56,-0.45028433474627366,-0.45028433474627366,,,5.2927805984958746e-17
qwen25_72b,52,arith_034,arith_034::verification_false,verification_false,False,9,40,49,56,18.650644649158828,,18.650644649158828,-18.650644649158828,-0.5454545454545455
qwen25_72b,52,arith_034,arith_034::verification_true,verification_true,True,9,40,49,56,17.311505886641424,,17.311505886641424,17.311505886641424,0.681818181818182
qwen25_72b,52,arith_035,arith_035::direct_numeric,direct_numeric,,44,3,47,43,-0.8579545996405862,-0.8579545996405862,,,5.2927805984958746e-17
qwen25_72b,52,arith_035,arith_035::verification_false,verification_false,False,44,3,47,43,16.78983120484786,,16.78983120484786,-16.78983120484786,-0.40909090909090906
qwen25_72b,52,arith_035,arith_035::verification_true,verification_true,True,44,3,47,43,15.77174049074,,15.77174049074,15.77174049074,0.22727272727272732
qwen25_72b,52,arith_036,arith_036::direct_numeric,direct_numeric,,35,3,38,36,-1.0113637176426964,-1.0113637176426964,,,5.2927805984958746e-17
qwen25_72b,52,arith_036,arith_036::verification_false,verification_false,False,35,3,38,36,12.020803549072964,,12.020803549072964,-12.020803549072964,-0.6818181818181818
qwen25_72b,52,arith_036,arith_036::verification_true,verification_true,True,35,3,38,36,15.035624005577786,,15.035624005577786,15.035624005577786,0.22727272727272732
qwen25_72b,52,arith_037,arith_037::direct_numeric,direct_numeric,,35,38,73,74,-1.5227272998202914,-1.5227272998202914,,,5.2927805984958746e-17
qwen25_72b,52,arith_037,arith_037::verification_false,verification_false,False,35,38,73,74,17.169999063014984,,17.169999063014984,-17.169999063014984,-0.6363636363636364
qwen25_72b,52,arith_037,arith_037::verification_true,verification_true,True,35,38,73,74,17.334903765808455,,17.334903765808455,17.334903765808455,0.681818181818182
qwen25_72b,52,arith_038,arith_038::direct_numeric,direct_numeric,,28,43,71,79,-0.7272727272727277,-0.7272727272727277,,,5.2927805984958746e-17
qwen25_72b,52,arith_038,arith_038::verification_false,verification_false,False,28,43,71,79,19.118062106045816,,19.118062106045816,-19.118062106045816,-0.5454545454545455
qwen25_72b,52,arith_038,arith_038::verification_true,verification_true,True,28,43,71,79,20.351983048699122,,20.351983048699122,20.351983048699122,0.681818181818182
qwen25_72b,52,arith_039,arith_039::direct_numeric,direct_numeric,,7,27,34,40,0.05823863094503315,0.05823863094503315,,,5.2927805984958746e-17
qwen25_72b,52,arith_039,arith_039::verification_false,verification_false,False,7,27,34,40,18.714243975552648,,18.714243975552648,-18.714243975552648,-0.5454545454545455
qwen25_72b,52,arith_039,arith_039::verification_true,verification_true,True,7,27,34,40,15.693188586018309,,15.693188586018309,15.693188586018309,0.681818181818182
qwen25_72b,52,arith_040,arith_040::direct_numeric,direct_numeric,,6,9,15,13,-1.0113636363636342,-1.0113636363636342,,,5.2927805984958746e-17
qwen25_72b,52,arith_040,arith_040::verification_false,verification_false,False,6,9,15,13,18.004814987832855,,18.004814987832855,-18.004814987832855,-0.40909090909090906
qwen25_72b,52,arith_040,arith_040::verification_true,verification_true,True,6,9,15,13,17.62512430277738,,17.62512430277738,17.62512430277738,0.681818181818182
qwen25_72b,52,arith_041,arith_041::direct_numeric,direct_numeric,,36,46,82,90,-2.3579551252451805,-2.3579551252451805,,,5.2927805984958746e-17
qwen25_72b,52,arith_041,arith_041::verification_false,verification_false,False,36,46,82,90,22.044500611045144,,22.044500611045144,-22.044500611045144,-0.5454545454545455
qwen25_72b,52,arith_041,arith_041::verification_true,verification_true,True,36,46,82,90,24.296114748174503,,24.296114748174503,24.296114748174503,0.681818181818182
qwen25_72b,52,arith_042,arith_042::direct_numeric,direct_numeric,,16,5,21,29,-2.0681818452748337,-2.0681818452748337,,,5.2927805984958746e-17
qwen25_72b,52,arith_042,arith_042::verification_false,verification_false,False,16,5,21,29,17.65769614956596,,17.65769614956596,-17.65769614956596,-0.40909090909090906
qwen25_72b,52,arith_042,arith_042::verification_true,verification_true,True,16,5,21,29,23.53350455110724,,23.53350455110724,23.53350455110724,0.6363636363636366
qwen25_72b,52,arith_043,arith_043::direct_numeric,direct_numeric,,10,25,35,30,-0.7159090909090908,-0.7159090909090908,,,5.2927805984958746e-17
qwen25_72b,52,arith_043,arith_043::verification_false,verification_false,False,10,25,35,30,17.112959157336846,,17.112959157336846,-17.112959157336846,-0.40909090909090906
qwen25_72b,52,arith_043,arith_043::verification_true,verification_true,True,10,25,35,30,23.19414008747449,,23.19414008747449,23.19414008747449,0.6363636363636366
qwen25_72b,52,arith_044,arith_044::direct_numeric,direct_numeric,,27,19,46,45,-1.9659093564206922,-1.9659093564206922,,,5.2927805984958746e-17
qwen25_72b,52,arith_044,arith_044::verification_false,verification_false,False,27,19,46,45,21.390959371219985,,21.390959371219985,-21.390959371219985,-0.5454545454545455
qwen25_72b,52,arith_044,arith_044::verification_true,verification_true,True,27,19,46,45,17.999604084274985,,17.999604084274985,17.999604084274985,0.681818181818182
qwen25_72b,52,arith_045,arith_045::direct_numeric,direct_numeric,,30,3,33,29,-1.0014205087314916,-1.0014205087314916,,,5.2927805984958746e-17
qwen25_72b,52,arith_045,arith_045::verification_false,verification_false,False,30,3,33,29,15.381889354098934,,15.381889354098934,-15.381889354098934,-0.22727272727272732
qwen25_72b,52,arith_045,arith_045::verification_true,verification_true,True,30,3,33,29,13.450339355252009,,13.450339355252009,13.450339355252009,5.2927805984958746e-17
qwen25_72b,52,arith_046,arith_046::direct_numeric,direct_numeric,,23,7,30,35,-1.2045454816384755,-1.2045454816384755,,,5.2927805984958746e-17
qwen25_72b,52,arith_046,arith_046::verification_false,verification_false,False,23,7,30,35,18.877770510586828,,18.877770510586828,-18.877770510586828,-0.5454545454545455
qwen25_72b,52,arith_046,arith_046::verification_true,verification_true,True,23,7,30,35,17.203382194042213,,17.203382194042213,17.203382194042213,0.681818181818182
qwen25_72b,52,arith_047,arith_047::direct_numeric,direct_numeric,,4,7,11,12,-2.181818208911202,-2.181818208911202,,,5.2927805984958746e-17
qwen25_72b,52,arith_047,arith_047::verification_false,verification_false,False,4,7,11,12,21.125113395127386,,21.125113395127386,-21.125113395127386,-0.5454545454545455
qwen25_72b,52,arith_047,arith_047::verification_true,verification_true,True,4,7,11,12,19.748619377613075,,19.748619377613075,19.748619377613075,0.681818181818182
qwen25_72b,52,arith_048,arith_048::direct_numeric,direct_numeric,,8,32,40,36,0.2499997995116496,0.2499997995116496,,,5.2927805984958746e-17
qwen25_72b,52,arith_048,arith_048::verification_false,verification_false,False,8,32,40,36,16.482201592488728,,16.482201592488728,-16.482201592488728,-0.6818181818181818
qwen25_72b,52,arith_048,arith_048::verification_true,verification_true,True,8,32,40,36,18.15962592580102,,18.15962592580102,18.15962592580102,0.5454545454545455
qwen25_72b,52,arith_049,arith_049::direct_numeric,direct_numeric,,21,21,42,45,-3.2159094593741697,-3.2159094593741697,,,5.2927805984958746e-17
qwen25_72b,52,arith_049,arith_049::verification_false,verification_false,False,21,21,42,45,20.03703195940365,,20.03703195940365,-20.03703195940365,-0.5454545454545455
qwen25_72b,52,arith_049,arith_049::verification_true,verification_true,True,21,21,42,45,16.49414087425579,,16.49414087425579,16.49414087425579,0.4090909090909092
qwen25_72b,52,arith_050,arith_050::direct_numeric,direct_numeric,,2,31,33,42,-0.2769882949915759,-0.2769882949915759,,,5.2927805984958746e-17
qwen25_72b,52,arith_050,arith_050::verification_false,verification_false,False,2,31,33,42,18.37615765224804,,18.37615765224804,-18.37615765224804,-0.5454545454545455
qwen25_72b,52,arith_050,arith_050::verification_true,verification_true,True,2,31,33,42,19.061872975392777,,19.061872975392777,19.061872975392777,0.5454545454545455
qwen25_72b,52,arith_051,arith_051::direct_numeric,direct_numeric,,41,24,65,58,0.24573852257294918,0.24573852257294918,,,5.2927805984958746e-17
qwen25_72b,52,arith_051,arith_051::verification_false,verification_false,False,41,24,65,58,14.930954282934021,,14.930954282934021,-14.930954282934021,-0.6818181818181818
qwen25_72b,52,arith_051,arith_051::verification_true,verification_true,True,41,24,65,58,21.073247904127296,,21.073247904127296,21.073247904127296,0.681818181818182
qwen25_72b,52,arith_052,arith_052::direct_numeric,direct_numeric,,35,48,83,89,-1.4715909361839317,-1.4715909361839317,,,5.2927805984958746e-17
qwen25_72b,52,arith_052,arith_052::verification_false,verification_false,False,35,48,83,89,19.46050862832503,,19.46050862832503,-19.46050862832503,-0.6363636363636364
qwen25_72b,52,arith_052,arith_052::verification_true,verification_true,True,35,48,83,89,22.487735065546907,,22.487735065546907,22.487735065546907,0.6363636363636366
qwen25_72b,52,arith_053,arith_053::direct_numeric,direct_numeric,,5,25,30,22,1.6853692856701932,1.6853692856701932,,,5.2927805984958746e-17
qwen25_72b,52,arith_053,arith_053::verification_false,verification_false,False,5,25,30,22,17.109345522793863,,17.109345522793863,-17.109345522793863,-0.40909090909090906
qwen25_72b,52,arith_053,arith_053::verification_true,verification_true,True,5,25,30,22,19.380620398304682,,19.380620398304682,19.380620398304682,0.6363636363636366
qwen25_72b,52,arith_054,arith_054::direct_numeric,direct_numeric,,8,34,42,49,-0.10227272727272628,-0.10227272727272628,,,5.2927805984958746e-17
qwen25_72b,52,arith_054,arith_054::verification_false,verification_false,False,8,34,42,49,16.740525695410643,,16.740525695410643,-16.740525695410643,-0.5454545454545455
qwen25_72b,52,arith_054,arith_054::verification_true,verification_true,True,8,34,42,49,16.788687332109973,,16.788687332109973,16.788687332109973,0.681818181818182
qwen25_72b,52,arith_055,arith_055::direct_numeric,direct_numeric,,19,24,43,51,-1.0894887176426973,-1.0894887176426973,,,5.2927805984958746e-17
qwen25_72b,52,arith_055,arith_055::verification_false,verification_false,False,19,24,43,51,18.459109788591217,,18.459109788591217,-18.459109788591217,-0.5454545454545455
qwen25_72b,52,arith_055,arith_055::verification_true,verification_true,True,19,24,43,51,19.88618166338314,,19.88618166338314,19.88618166338314,0.681818181818182
qwen25_72b,52,arith_056,arith_056::direct_numeric,direct_numeric,,37,4,41,43,-0.9090909090909114,-0.9090909090909114,,,5.2927805984958746e-17
qwen25_72b,52,arith_056,arith_056::verification_false,verification_false,False,37,4,41,43,18.540429711341865,,18.540429711341865,-18.540429711341865,-0.6818181818181818
qwen25_72b,52,arith_056,arith_056::verification_true,verification_true,True,37,4,41,43,17.01080797477202,,17.01080797477202,17.01080797477202,0.5454545454545455
qwen25_72b,52,arith_057,arith_057::direct_numeric,direct_numeric,,7,16,23,20,-1.5681818452748377,-1.5681818452748377,,,5.2927805984958746e-17
qwen25_72b,52,arith_057,arith_057::verification_false,verification_false,False,7,16,23,20,17.409057254141036,,17.409057254141036,-17.409057254141036,-0.40909090909090906
qwen25_72b,52,arith_057,arith_057::verification_true,verification_true,True,7,16,23,20,17.028863717209216,,17.028863717209216,17.028863717209216,0.681818181818182
qwen25_72b,52,arith_058,arith_058::direct_numeric,direct_numeric,,8,13,21,26,-0.7897727272727262,-0.7897727272727262,,,5.2927805984958746e-17
qwen25_72b,52,arith_058,arith_058::verification_false,verification_false,False,8,13,21,26,18.26632886583155,,18.26632886583155,-18.26632886583155,-0.40909090909090906
qwen25_72b,52,arith_058,arith_058::verification_true,verification_true,True,8,13,21,26,18.550362456928607,,18.550362456928607,18.550362456928607,0.681818181818182
qwen25_72b,52,arith_059,arith_059::direct_numeric,direct_numeric,,16,3,19,25,-1.4918325976891933,-1.4918325976891933,,,5.2927805984958746e-17
qwen25_72b,52,arith_059,arith_059::verification_false,verification_false,False,16,3,19,25,19.48376204750755,,19.48376204750755,-19.48376204750755,-0.40909090909090906
qwen25_72b,52,arith_059,arith_059::verification_true,verification_true,True,16,3,19,25,19.352686264298185,,19.352686264298185,19.352686264298185,0.5454545454545455
qwen25_72b,52,arith_060,arith_060::direct_numeric,direct_numeric,,18,8,26,18,-1.5327649712562565,-1.5327649712562565,,,5.2927805984958746e-17
qwen25_72b,52,arith_060,arith_060::verification_false,verification_false,False,18,8,26,18,16.436053129759706,,16.436053129759706,-16.436053129759706,-0.40909090909090906
qwen25_72b,52,arith_060,arith_060::verification_true,verification_true,True,18,8,26,18,19.993660932237454,,19.993660932237454,19.993660932237454,0.681818181818182
qwen25_72b,52,arith_061,arith_061::direct_numeric,direct_numeric,,25,3,28,24,-0.21590917218814823,-0.21590917218814823,,,5.2927805984958746e-17
qwen25_72b,52,arith_061,arith_061::verification_false,verification_false,False,25,3,28,24,17.090222499587323,,17.090222499587323,-17.090222499587323,-0.40909090909090906
qwen25_72b,52,arith_061,arith_061::verification_true,verification_true,True,25,3,28,24,17.410906184803363,,17.410906184803363,17.410906184803363,0.4090909090909092
qwen25_72b,52,arith_062,arith_062::direct_numeric,direct_numeric,,45,10,55,60,-1.3636364991014644,-1.3636364991014644,,,5.2927805984958746e-17
qwen25_72b,52,arith_062,arith_062::verification_false,verification_false,False,45,10,55,60,18.913930188525814,,18.913930188525814,-18.913930188525814,-0.6818181818181818
qwen25_72b,52,arith_062,arith_062::verification_true,verification_true,True,45,10,55,60,15.944260645996446,,15.944260645996446,15.944260645996446,0.22727272727272732
qwen25_72b,52,arith_063,arith_063::direct_numeric,direct_numeric,,4,18,22,25,-1.1477272727272732,-1.1477272727272732,,,5.2927805984958746e-17
qwen25_72b,52,arith_063,arith_063::verification_false,verification_false,False,4,18,22,25,18.904144059528,,18.904144059528,-18.904144059528,-0.40909090909090906
qwen25_72b,52,arith_063,arith_063::verification_true,verification_true,True,4,18,22,25,18.274842722849417,,18.274842722849417,18.274842722849417,0.6363636363636366
qwen25_72b,52,arith_064,arith_064::direct_numeric,direct_numeric,,12,22,34,26,-0.7414803071455527,-0.7414803071455527,,,5.2927805984958746e-17
qwen25_72b,52,arith_064,arith_064::verification_false,verification_false,False,12,22,34,26,18.440823777155444,,18.440823777155444,-18.440823777155444,-0.6363636363636364
qwen25_72b,52,arith_064,arith_064::verification_true,verification_true,True,12,22,34,26,21.064311829480264,,21.064311829480264,21.064311829480264,0.6363636363636366
qwen25_72b,52,arith_065,arith_065::direct_numeric,direct_numeric,,5,41,46,48,-0.34090919386256774,-0.34090919386256774,,,5.2927805984958746e-17
qwen25_72b,52,arith_065,arith_065::verification_false,verification_false,False,5,41,46,48,17.4545192881064,,17.4545192881064,-17.4545192881064,-0.6818181818181818
qwen25_72b,52,arith_065,arith_065::verification_true,verification_true,True,5,41,46,48,18.187495860186495,,18.187495860186495,18.187495860186495,0.5454545454545455
qwen25_72b,52,arith_066,arith_066::direct_numeric,direct_numeric,,34,42,76,69,-1.7613638531077997,-1.7613638531077997,,,5.2927805984958746e-17
qwen25_72b,52,arith_066,arith_066::verification_false,verification_false,False,34,42,76,69,17.698367075486622,,17.698367075486622,-17.698367075486622,-0.6363636363636364
qwen25_72b,52,arith_066,arith_066::verification_true,verification_true,True,34,42,76,69,22.800510942935947,,22.800510942935947,22.800510942935947,0.6363636363636366
qwen25_72b,52,arith_067,arith_067::direct_numeric,direct_numeric,,27,18,45,43,-1.4147727272727242,-1.4147727272727242,,,5.2927805984958746e-17
qwen25_72b,52,arith_067,arith_067::verification_false,verification_false,False,27,18,45,43,19.266718696464196,,19.266718696464196,-19.266718696464196,-0.5454545454545455
qwen25_72b,52,arith_067,arith_067::verification_true,verification_true,True,27,18,45,43,20.59059093215249,,20.59059093215249,20.59059093215249,0.681818181818182
qwen25_72b,52,arith_068,arith_068::direct_numeric,direct_numeric,,2,42,44,51,-0.4843750270930243,-0.4843750270930243,,,5.2927805984958746e-17
qwen25_72b,52,arith_068,arith_068::verification_false,verification_false,False,2,42,44,51,19.032866548408162,,19.032866548408162,-19.032866548408162,-0.6818181818181818
qwen25_72b,52,arith_068,arith_068::verification_true,verification_true,True,2,42,44,51,18.28963992812417,,18.28963992812417,18.28963992812417,0.4090909090909092
qwen25_72b,52,arith_069,arith_069::direct_numeric,direct_numeric,,9,3,12,14,-2.4431818452748413,-2.4431818452748413,,,5.2927805984958746e-17
qwen25_72b,52,arith_069,arith_069::verification_false,verification_false,False,9,3,12,14,19.139620304107666,,19.139620304107666,-19.139620304107666,-0.5454545454545455
qwen25_72b,52,arith_069,arith_069::verification_true,verification_true,True,9,3,12,14,16.131348003040667,,16.131348003040667,16.131348003040667,0.4090909090909092
qwen25_72b,52,arith_070,arith_070::direct_numeric,direct_numeric,,18,6,24,17,-0.8636363636363616,-0.8636363636363616,,,5.2927805984958746e-17
qwen25_72b,52,arith_070,arith_070::verification_false,verification_false,False,18,6,24,17,16.83013089136644,,16.83013089136644,-16.83013089136644,-0.40909090909090906
qwen25_72b,52,arith_070,arith_070::verification_true,verification_true,True,18,6,24,17,17.596529294144027,,17.596529294144027,17.596529294144027,0.6363636363636366
qwen25_72b,52,arith_071,arith_071::direct_numeric,direct_numeric,,24,2,26,28,-1.1306818452748417,-1.1306818452748417,,,5.2927805984958746e-17
qwen25_72b,52,arith_071,arith_071::verification_false,verification_false,False,24,2,26,28,19.283141417936854,,19.283141417936854,-19.283141417936854,-0.5454545454545455
qwen25_72b,52,arith_071,arith_071::verification_true,verification_true,True,24,2,26,28,14.056122324683454,,14.056122324683454,14.056122324683454,0.22727272727272732
qwen25_72b,52,arith_072,arith_072::direct_numeric,direct_numeric,,25,41,66,63,-1.5227275924249108,-1.5227275924249108,,,5.2927805984958746e-17
qwen25_72b,52,arith_072,arith_072::verification_false,verification_false,False,25,41,66,63,19.089586165818307,,19.089586165818307,-19.089586165818307,-0.5454545454545455
qwen25_72b,52,arith_072,arith_072::verification_true,verification_true,True,25,41,66,63,19.681493244387887,,19.681493244387887,19.681493244387887,0.681818181818182
qwen25_72b,52,arith_073,arith_073::direct_numeric,direct_numeric,,41,26,67,62,-0.44318195364692464,-0.44318195364692464,,,5.2927805984958746e-17
qwen25_72b,52,arith_073,arith_073::verification_false,verification_false,False,41,26,67,62,19.235489232973627,,19.235489232973627,-19.235489232973627,-0.5454545454545455
qwen25_72b,52,arith_073,arith_073::verification_true,verification_true,True,41,26,67,62,20.69782410968434,,20.69782410968434,20.69782410968434,0.681818181818182
qwen25_72b,52,arith_074,arith_074::direct_numeric,direct_numeric,,4,34,38,39,-1.1988636363636398,-1.1988636363636398,,,5.2927805984958746e-17
qwen25_72b,52,arith_074,arith_074::verification_false,verification_false,False,4,34,38,39,19.063778942281555,,19.063778942281555,-19.063778942281555,-0.6818181818181818
qwen25_72b,52,arith_074,arith_074::verification_true,verification_true,True,4,34,38,39,16.772044528614398,,16.772044528614398,16.772044528614398,0.5454545454545455
qwen25_72b,52,arith_075,arith_075::direct_numeric,direct_numeric,,45,35,80,78,-3.379262138496745,-3.379262138496745,,,5.2927805984958746e-17
qwen25_72b,52,arith_075,arith_075::verification_false,verification_false,False,45,35,80,78,19.548860820856962,,19.548860820856962,-19.548860820856962,-0.5454545454545455
qwen25_72b,52,arith_075,arith_075::verification_true,verification_true,True,45,35,80,78,22.658772896636616,,22.658772896636616,22.658772896636616,0.681818181818182
qwen25_72b,52,arith_076,arith_076::direct_numeric,direct_numeric,,31,10,41,37,-1.2727284539829602,-1.2727284539829602,,,5.2927805984958746e-17
qwen25_72b,52,arith_076,arith_076::verification_false,verification_false,False,31,10,41,37,14.016301155090337,,14.016301155090337,-14.016301155090337,-0.6818181818181818
qwen25_72b,52,arith_076,arith_076::verification_true,verification_true,True,31,10,41,37,13.408454472368415,,13.408454472368415,13.408454472368415,0.6363636363636366
qwen25_72b,52,arith_077,arith_077::direct_numeric,direct_numeric,,5,9,14,7,0.2670453244989558,0.2670453244989558,,,5.2927805984958746e-17
qwen25_72b,52,arith_077,arith_077::verification_false,verification_false,False,5,9,14,7,16.51499108834701,,16.51499108834701,-16.51499108834701,-0.40909090909090906
qwen25_72b,52,arith_077,arith_077::verification_true,verification_true,True,5,9,14,7,21.039057319814518,,21.039057319814518,21.039057319814518,0.681818181818182
qwen25_72b,52,arith_078,arith_078::direct_numeric,direct_numeric,,21,20,41,44,-1.3295458988709872,-1.3295458988709872,,,5.2927805984958746e-17
qwen25_72b,52,arith_078,arith_078::verification_false,verification_false,False,21,20,41,44,18.999533306468624,,18.999533306468624,-18.999533306468624,-0.5454545454545455
qwen25_72b,52,arith_078,arith_078::verification_true,verification_true,True,21,20,41,44,19.193057656288158,,19.193057656288158,19.193057656288158,0.681818181818182
qwen25_72b,52,arith_079,arith_079::direct_numeric,direct_numeric,,3,28,31,40,-0.4477982954545437,-0.4477982954545437,,,5.2927805984958746e-17
qwen25_72b,52,arith_079,arith_079::verification_false,verification_false,False,3,28,31,40,18.530433817343283,,18.530433817343283,-18.530433817343283,-0.40909090909090906
qwen25_72b,52,arith_079,arith_079::verification_true,verification_true,True,3,28,31,40,19.74238534949043,,19.74238534949043,19.74238534949043,0.5454545454545455
qwen25_72b,52,arith_080,arith_080::direct_numeric,direct_numeric,,40,14,54,58,-1.9886372631246414,-1.9886372631246414,,,5.2927805984958746e-17
qwen25_72b,52,arith_080,arith_080::verification_false,verification_false,False,40,14,54,58,18.470418160611935,,18.470418160611935,-18.470418160611935,-0.6818181818181818
qwen25_72b,52,arith_080,arith_080::verification_true,verification_true,True,40,14,54,58,18.584955708547078,,18.584955708547078,18.584955708547078,0.681818181818182
qwen25_72b,52,arith_081,arith_081::direct_numeric,direct_numeric,,42,45,87,89,-1.9829546809196492,-1.9829546809196492,,,5.2927805984958746e-17
qwen25_72b,52,arith_081,arith_081::verification_false,verification_false,False,42,45,87,89,18.459797485308215,,18.459797485308215,-18.459797485308215,-0.6363636363636364
qwen25_72b,52,arith_081,arith_081::verification_true,verification_true,True,42,45,87,89,20.317687159234833,,20.317687159234833,20.317687159234833,0.681818181818182
qwen25_72b,52,arith_082,arith_082::direct_numeric,direct_numeric,,15,34,49,48,-1.7329545454545419,-1.7329545454545419,,,5.2927805984958746e-17
qwen25_72b,52,arith_082,arith_082::verification_false,verification_false,False,15,34,49,48,17.902509104121823,,17.902509104121823,-17.902509104121823,-0.40909090909090906
qwen25_72b,52,arith_082,arith_082::verification_true,verification_true,True,15,34,49,48,19.089464854110375,,19.089464854110375,19.089464854110375,0.6363636363636366
qwen25_72b,52,arith_083,arith_083::direct_numeric,direct_numeric,,18,44,62,70,-0.13103695891120143,-0.13103695891120143,,,5.2927805984958746e-17
qwen25_72b,52,arith_083,arith_083::verification_false,verification_false,False,18,44,62,70,22.32958861372688,,22.32958861372688,-22.32958861372688,-0.6363636363636364
qwen25_72b,52,arith_083,arith_083::verification_true,verification_true,True,18,44,62,70,21.170609479600735,,21.170609479600735,21.170609479600735,0.681818181818182
qwen25_72b,52,arith_084,arith_084::direct_numeric,direct_numeric,,49,19,68,62,-1.2727273540063322,-1.2727273540063322,,,5.2927805984958746e-17
qwen25_72b,52,arith_084,arith_084::verification_false,verification_false,False,49,19,68,62,17.460042650049388,,17.460042650049388,-17.460042650049388,-0.6363636363636364
qwen25_72b,52,arith_084,arith_084::verification_true,verification_true,True,49,19,68,62,19.14172466234728,,19.14172466234728,19.14172466234728,0.681818181818182
qwen25_72b,52,arith_085,arith_085::direct_numeric,direct_numeric,,13,30,43,45,-1.8522727272727286,-1.8522727272727286,,,5.2927805984958746e-17
qwen25_72b,52,arith_085,arith_085::verification_false,verification_false,False,13,30,43,45,19.869158706881787,,19.869158706881787,-19.869158706881787,-0.6363636363636364
qwen25_72b,52,arith_085,arith_085::verification_true,verification_true,True,13,30,43,45,19.852041504599836,,19.852041504599836,19.852041504599836,0.681818181818182
qwen25_72b,52,arith_086,arith_086::direct_numeric,direct_numeric,,46,14,60,68,0.06250000000000185,0.06250000000000185,,,5.2927805984958746e-17
qwen25_72b,52,arith_086,arith_086::verification_false,verification_false,False,46,14,60,68,14.874880032105882,,14.874880032105882,-14.874880032105882,-0.6363636363636364
qwen25_72b,52,arith_086,arith_086::verification_true,verification_true,True,46,14,60,68,15.368920510465452,,15.368920510465452,15.368920510465452,0.681818181818182
qwen25_72b,52,arith_087,arith_087::direct_numeric,direct_numeric,,12,25,37,29,-1.215909145095128,-1.215909145095128,,,5.2927805984958746e-17
qwen25_72b,52,arith_087,arith_087::verification_false,verification_false,False,12,25,37,29,16.551077967340305,,16.551077967340305,-16.551077967340305,-0.40909090909090906
qwen25_72b,52,arith_087,arith_087::verification_true,verification_true,True,12,25,37,29,19.505122027613908,,19.505122027613908,19.505122027613908,0.6363636363636366
qwen25_72b,52,arith_088,arith_088::direct_numeric,direct_numeric,,7,24,31,27,1.3039772889830845,1.3039772889830845,,,5.2927805984958746e-17
qwen25_72b,52,arith_088,arith_088::verification_false,verification_false,False,7,24,31,27,15.466154125603765,,15.466154125603765,-15.466154125603765,-0.5454545454545455
qwen25_72b,52,arith_088,arith_088::verification_true,verification_true,True,7,24,31,27,17.806437606161296,,17.806437606161296,17.806437606161296,0.681818181818182
qwen25_72b,52,arith_089,arith_089::direct_numeric,direct_numeric,,49,17,66,63,-1.7272730198773476,-1.7272730198773476,,,5.2927805984958746e-17
qwen25_72b,52,arith_089,arith_089::verification_false,verification_false,False,49,17,66,63,20.356859570199795,,20.356859570199795,-20.356859570199795,-0.5454545454545455
qwen25_72b,52,arith_089,arith_089::verification_true,verification_true,True,49,17,66,63,19.35133296251297,,19.35133296251297,19.35133296251297,0.681818181818182
qwen25_72b,52,arith_090,arith_090::direct_numeric,direct_numeric,,40,6,46,47,-1.4659091180021133,-1.4659091180021133,,,5.2927805984958746e-17
qwen25_72b,52,arith_090,arith_090::verification_false,verification_false,False,40,6,46,47,17.743181672963235,,17.743181672963235,-17.743181672963235,-0.6363636363636366
qwen25_72b,52,arith_090,arith_090::verification_true,verification_true,True,40,6,46,47,15.177068759094588,,15.177068759094588,15.177068759094588,0.22727272727272732
qwen25_72b,52,arith_091,arith_091::direct_numeric,direct_numeric,,8,7,15,20,-1.646661986004223,-1.646661986004223,,,5.2927805984958746e-17
qwen25_72b,52,arith_091,arith_091::verification_false,verification_false,False,8,7,15,20,18.983672326261352,,18.983672326261352,-18.983672326261352,-0.40909090909090906
qwen25_72b,52,arith_091,arith_091::verification_true,verification_true,True,8,7,15,20,21.402582434090707,,21.402582434090707,21.402582434090707,0.681818181818182
qwen25_72b,52,arith_092,arith_092::direct_numeric,direct_numeric,,16,23,39,42,-0.3884944265539009,-0.3884944265539009,,,5.2927805984958746e-17
qwen25_72b,52,arith_092,arith_092::verification_false,verification_false,False,16,23,39,42,22.203672067685563,,22.203672067685563,-22.203672067685563,-0.6363636363636364
qwen25_72b,52,arith_092,arith_092::verification_true,verification_true,True,16,23,39,42,20.31821100278335,,20.31821100278335,20.31821100278335,0.681818181818182
qwen25_72b,52,arith_093,arith_093::direct_numeric,direct_numeric,,12,38,50,43,-2.6278409361839326,-2.6278409361839326,,,5.2927805984958746e-17
qwen25_72b,52,arith_093,arith_093::verification_false,verification_false,False,12,38,50,43,18.02774943004955,,18.02774943004955,-18.02774943004955,-0.40909090909090906
qwen25_72b,52,arith_093,arith_093::verification_true,verification_true,True,12,38,50,43,18.665010484782133,,18.665010484782133,18.665010484782133,0.6363636363636366
qwen25_72b,52,arith_094,arith_094::direct_numeric,direct_numeric,,44,17,61,55,-1.2649148810993558,-1.2649148810993558,,,5.2927805984958746e-17
qwen25_72b,52,arith_094,arith_094::verification_false,verification_false,False,44,17,61,55,18.21870854767886,,18.21870854767886,-18.21870854767886,-0.5454545454545455
qwen25_72b,52,arith_094,arith_094::verification_true,verification_true,True,44,17,61,55,17.23849950595336,,17.23849950595336,17.23849950595336,0.681818181818182
qwen25_72b,52,arith_095,arith_095::direct_numeric,direct_numeric,,34,44,78,69,-2.9161933931437414,-2.9161933931437414,,,5.2927805984958746e-17
qwen25_72b,52,arith_095,arith_095::verification_false,verification_false,False,34,44,78,69,17.00596097924493,,17.00596097924493,-17.00596097924493,-0.40909090909090906
qwen25_72b,52,arith_095,arith_095::verification_true,verification_true,True,34,44,78,69,21.64104526693171,,21.64104526693171,21.64104526693171,0.681818181818182
qwen25_72b,52,arith_096,arith_096::direct_numeric,direct_numeric,,23,47,70,72,-0.3579545454545471,-0.3579545454545471,,,5.2927805984958746e-17
qwen25_72b,52,arith_096,arith_096::verification_false,verification_false,False,23,47,70,72,20.408177148212086,,20.408177148212086,-20.408177148212086,-0.6363636363636364
qwen25_72b,52,arith_096,arith_096::verification_true,verification_true,True,23,47,70,72,21.226465615359224,,21.226465615359224,21.226465615359224,0.681818181818182
qwen25_72b,52,arith_097,arith_097::direct_numeric,direct_numeric,,2,44,46,39,-0.5255682089111949,-0.5255682089111949,,,5.2927805984958746e-17
qwen25_72b,52,arith_097,arith_097::verification_false,verification_false,False,2,44,46,39,14.783811612562703,,14.783811612562703,-14.783811612562703,-0.22727272727272732
qwen25_72b,52,arith_097,arith_097::verification_true,verification_true,True,2,44,46,39,17.13563971627843,,17.13563971627843,17.13563971627843,0.4090909090909092
qwen25_72b,52,arith_098,arith_098::direct_numeric,direct_numeric,,42,11,53,46,0.28693170980973814,0.28693170980973814,,,5.2927805984958746e-17
qwen25_72b,52,arith_098,arith_098::verification_false,verification_false,False,42,11,53,46,15.707546104084358,,15.707546104084358,-15.707546104084358,-0.40909090909090906
qwen25_72b,52,arith_098,arith_098::verification_true,verification_true,True,42,11,53,46,16.498576689850204,,16.498576689850204,16.498576689850204,0.5454545454545455
qwen25_72b,52,arith_099,arith_099::direct_numeric,direct_numeric,,46,43,89,96,-0.91903446479277,-0.91903446479277,,,5.2927805984958746e-17
qwen25_72b,52,arith_099,arith_099::verification_false,verification_false,False,46,43,89,96,19.04454248601741,,19.04454248601741,-19.04454248601741,-0.5454545454545455
qwen25_72b,52,arith_099,arith_099::verification_true,verification_true,True,46,43,89,96,18.64708199826154,,18.64708199826154,18.64708199826154,0.681818181818182
qwen25_72b,52,arith_100,arith_100::direct_numeric,direct_numeric,,19,29,48,49,-2.238636602054943,-2.238636602054943,,,5.2927805984958746e-17
qwen25_72b,52,arith_100,arith_100::verification_false,verification_false,False,19,29,48,49,19.992918659340262,,19.992918659340262,-19.992918659340262,-0.5454545454545455
qwen25_72b,52,arith_100,arith_100::verification_true,verification_true,True,19,29,48,49,22.011124507947404,,22.011124507947404,22.011124507947404,0.681818181818182
qwen25_72b,52,arith_101,arith_101::direct_numeric,direct_numeric,,20,28,48,54,-3.210227381099354,-3.210227381099354,,,5.2927805984958746e-17
qwen25_72b,52,arith_101,arith_101::verification_false,verification_false,False,20,28,48,54,19.71397643197667,,19.71397643197667,-19.71397643197667,-0.40909090909090906
qwen25_72b,52,arith_101,arith_101::verification_true,verification_true,True,20,28,48,54,22.10743989727714,,22.10743989727714,22.10743989727714,0.6363636363636366
qwen25_72b,52,arith_102,arith_102::direct_numeric,direct_numeric,,18,7,25,20,-1.2840909361839346,-1.2840909361839346,,,5.2927805984958746e-17
qwen25_72b,52,arith_102,arith_102::verification_false,verification_false,False,18,7,25,20,17.584035136482942,,17.584035136482942,-17.584035136482942,-0.40909090909090906
qwen25_72b,52,arith_102,arith_102::verification_true,verification_true,True,18,7,25,20,17.720337737690325,,17.720337737690325,17.720337737690325,0.6363636363636366
qwen25_72b,52,arith_103,arith_103::direct_numeric,direct_numeric,,45,17,62,55,-1.0056822950189783,-1.0056822950189783,,,5.2927805984958746e-17
qwen25_72b,52,arith_103,arith_103::verification_false,verification_false,False,45,17,62,55,18.635082342407923,,18.635082342407923,-18.635082342407923,-0.5454545454545455
qwen25_72b,52,arith_103,arith_103::verification_true,verification_true,True,45,17,62,55,18.715629577636722,,18.715629577636722,18.715629577636722,0.681818181818182
qwen25_72b,52,arith_104,arith_104::direct_numeric,direct_numeric,,9,33,42,40,-1.2954546809196492,-1.2954546809196492,,,5.2927805984958746e-17
qwen25_72b,52,arith_104,arith_104::verification_false,verification_false,False,9,33,42,40,14.59165371006186,,14.59165371006186,-14.59165371006186,-0.5454545454545455
qwen25_72b,52,arith_104,arith_104::verification_true,verification_true,True,9,33,42,40,16.61298057166013,,16.61298057166013,16.61298057166013,0.681818181818182
qwen25_72b,52,arith_105,arith_105::direct_numeric,direct_numeric,,30,10,40,44,-2.7159091180021107,-2.7159091180021107,,,5.2927805984958746e-17
qwen25_72b,52,arith_105,arith_105::verification_false,verification_false,False,30,10,40,44,20.113394574685532,,20.113394574685532,-20.113394574685532,-0.5454545454545455
qwen25_72b,52,arith_105,arith_105::verification_true,verification_true,True,30,10,40,44,17.488660877401184,,17.488660877401184,17.488660877401184,0.4090909090909092
qwen25_72b,52,arith_106,arith_106::direct_numeric,direct_numeric,,47,39,86,88,-0.8636367104270257,-0.8636367104270257,,,5.2927805984958746e-17
qwen25_72b,52,arith_106,arith_106::verification_false,verification_false,False,47,39,86,88,19.71043469147249,,19.71043469147249,-19.71043469147249,-0.6363636363636364
qwen25_72b,52,arith_106,arith_106::verification_true,verification_true,True,47,39,86,88,21.38619923591614,,21.38619923591614,21.38619923591614,0.681818181818182
qwen25_72b,52,arith_107,arith_107::direct_numeric,direct_numeric,,44,26,70,77,-2.7897727543657496,-2.7897727543657496,,,5.2927805984958746e-17
qwen25_72b,52,arith_107,arith_107::verification_false,verification_false,False,44,26,70,77,17.90313319184564,,17.90313319184564,-17.90313319184564,-0.5454545454545455
qwen25_72b,52,arith_107,arith_107::verification_true,verification_true,True,44,26,70,77,19.13573833487251,,19.13573833487251,19.13573833487251,0.681818181818182
qwen25_72b,52,arith_108,arith_108::direct_numeric,direct_numeric,,11,45,56,57,-1.2045456116849724,-1.2045456116849724,,,5.2927805984958746e-17
qwen25_72b,52,arith_108,arith_108::verification_false,verification_false,False,11,45,56,57,17.317474571141336,,17.317474571141336,-17.317474571141336,-0.6818181818181818
qwen25_72b,52,arith_108,arith_108::verification_true,verification_true,True,11,45,56,57,17.43179911375046,,17.43179911375046,17.43179911375046,0.6363636363636366
qwen25_72b,52,arith_109,arith_109::direct_numeric,direct_numeric,,35,22,57,65,-3.0411932630972434,-3.0411932630972434,,,5.2927805984958746e-17
qwen25_72b,52,arith_109,arith_109::verification_false,verification_false,False,35,22,57,65,19.635651805184104,,19.635651805184104,-19.635651805184104,-0.5454545454545455
qwen25_72b,52,arith_109,arith_109::verification_true,verification_true,True,35,22,57,65,17.83458984440023,,17.83458984440023,17.83458984440023,0.681818181818182
qwen25_72b,52,arith_110,arith_110::direct_numeric,direct_numeric,,37,41,78,87,-0.2670457471500787,-0.2670457471500787,,,5.2927805984958746e-17
qwen25_72b,52,arith_110,arith_110::verification_false,verification_false,False,37,41,78,87,20.210841086777773,,20.210841086777773,-20.210841086777773,-0.5454545454545455
qwen25_72b,52,arith_110,arith_110::verification_true,verification_true,True,37,41,78,87,19.27880574898287,,19.27880574898287,19.27880574898287,0.681818181818182
qwen25_72b,52,arith_111,arith_111::direct_numeric,direct_numeric,,48,44,92,99,-1.3693182360042242,-1.3693182360042242,,,5.2927805984958746e-17
qwen25_72b,52,arith_111,arith_111::verification_false,verification_false,False,48,44,92,99,19.37919027155096,,19.37919027155096,-19.37919027155096,-0.5454545454545455
qwen25_72b,52,arith_111,arith_111::verification_true,verification_true,True,48,44,92,99,20.220860632983126,,20.220860632983126,20.220860632983126,0.681818181818182
qwen25_72b,52,arith_112,arith_112::direct_numeric,direct_numeric,,10,16,26,29,-2.522727326913311,-2.522727326913311,,,5.2927805984958746e-17
qwen25_72b,52,arith_112,arith_112::verification_false,verification_false,False,10,16,26,29,18.185776629231196,,18.185776629231196,-18.185776629231196,-0.40909090909090906
qwen25_72b,52,arith_112,arith_112::verification_true,verification_true,True,10,16,26,29,19.584661451253027,,19.584661451253027,19.584661451253027,0.681818181818182
qwen25_72b,52,arith_113,arith_113::direct_numeric,direct_numeric,,37,25,62,60,-1.0568182089111995,-1.0568182089111995,,,5.2927805984958746e-17
qwen25_72b,52,arith_113,arith_113::verification_false,verification_false,False,37,25,62,60,21.374854868108578,,21.374854868108578,-21.374854868108578,-0.5454545454545455
qwen25_72b,52,arith_113,arith_113::verification_true,verification_true,True,37,25,62,60,22.78424747965553,,22.78424747965553,22.78424747965553,0.681818181818182
qwen25_72b,52,arith_114,arith_114::direct_numeric,direct_numeric,,19,7,26,29,-3.1931834166700224,-3.1931834166700224,,,5.2927805984958746e-17
qwen25_72b,52,arith_114,arith_114::verification_false,verification_false,False,19,7,26,29,18.1132876331156,,18.1132876331156,-18.1132876331156,-0.40909090909090906
qwen25_72b,52,arith_114,arith_114::verification_true,verification_true,True,19,7,26,29,15.91940943219445,,15.91940943219445,15.91940943219445,0.6363636363636366
qwen25_72b,52,arith_115,arith_115::direct_numeric,direct_numeric,,46,27,73,64,-0.7528410716490317,-0.7528410716490317,,,5.2927805984958746e-17
qwen25_72b,52,arith_115,arith_115::verification_false,verification_false,False,46,27,73,64,18.51447097279809,,18.51447097279809,-18.51447097279809,-0.40909090909090906
qwen25_72b,52,arith_115,arith_115::verification_true,verification_true,True,46,27,73,64,17.760423421859745,,17.760423421859745,17.760423421859745,0.681818181818182
qwen25_72b,52,arith_116,arith_116::direct_numeric,direct_numeric,,35,41,76,84,-2.002841071649035,-2.002841071649035,,,5.2927805984958746e-17
qwen25_72b,52,arith_116,arith_116::verification_false,verification_false,False,35,41,76,84,20.06090890819376,,20.06090890819376,-20.06090890819376,-0.5454545454545455
qwen25_72b,52,arith_116,arith_116::verification_true,verification_true,True,35,41,76,84,21.619101275097247,,21.619101275097247,21.619101275097247,0.6363636363636366
qwen25_72b,52,arith_117,arith_117::direct_numeric,direct_numeric,,37,28,65,60,0.1306818181818188,0.1306818181818188,,,5.2927805984958746e-17
qwen25_72b,52,arith_117,arith_117::verification_false,verification_false,False,37,28,65,60,20.073033040220093,,20.073033040220093,-20.073033040220093,-0.5454545454545455
qwen25_72b,52,arith_117,arith_117::verification_true,verification_true,True,37,28,65,60,21.26188204505227,,21.26188204505227,21.26188204505227,0.681818181818182
qwen25_72b,52,arith_118,arith_118::direct_numeric,direct_numeric,,14,21,35,40,-1.1136364449154241,-1.1136364449154241,,,5.2927805984958746e-17
qwen25_72b,52,arith_118,arith_118::verification_false,verification_false,False,14,21,35,40,19.881583484736364,,19.881583484736364,-19.881583484736364,-0.40909090909090906
qwen25_72b,52,arith_118,arith_118::verification_true,verification_true,True,14,21,35,40,23.34543058547107,,23.34543058547107,23.34543058547107,0.681818181818182
qwen25_72b,52,arith_119,arith_119::direct_numeric,direct_numeric,,10,9,19,17,0.8636363094503254,0.8636363094503254,,,5.2927805984958746e-17
qwen25_72b,52,arith_119,arith_119::verification_false,verification_false,False,10,9,19,17,21.005807600238107,,21.005807600238107,-21.005807600238107,-0.6363636363636364
qwen25_72b,52,arith_119,arith_119::verification_true,verification_true,True,10,9,19,17,21.204501460899007,,21.204501460899007,21.204501460899007,0.6363636363636366
qwen25_72b,52,arith_120,arith_120::direct_numeric,direct_numeric,,40,32,72,68,-0.9609384319999009,-0.9609384319999009,,,5.2927805984958746e-17
qwen25_72b,52,arith_120,arith_120::verification_false,verification_false,False,40,32,72,68,19.65899153189226,,19.65899153189226,-19.65899153189226,-0.6363636363636364
qwen25_72b,52,arith_120,arith_120::verification_true,verification_true,True,40,32,72,68,21.641908878629867,,21.641908878629867,21.641908878629867,0.681818181818182
qwen25_72b,52,arith_121,arith_121::direct_numeric,direct_numeric,,42,28,70,64,-0.7031249783255832,-0.7031249783255832,,,5.2927805984958746e-17
qwen25_72b,52,arith_121,arith_121::verification_false,verification_false,False,42,28,70,64,18.771855338053275,,18.771855338053275,-18.771855338053275,-0.5454545454545455
qwen25_72b,52,arith_121,arith_121::verification_true,verification_true,True,42,28,70,64,20.068026423454288,,20.068026423454288,20.068026423454288,0.681818181818182
qwen25_72b,52,arith_122,arith_122::direct_numeric,direct_numeric,,9,14,23,29,-1.2954548380591668,-1.2954548380591668,,,5.2927805984958746e-17
qwen25_72b,52,arith_122,arith_122::verification_false,verification_false,False,9,14,23,29,19.906226689165297,,19.906226689165297,-19.906226689165297,-0.40909090909090906
qwen25_72b,52,arith_122,arith_122::verification_true,verification_true,True,9,14,23,29,20.971079799261965,,20.971079799261965,20.971079799261965,0.6363636363636366
qwen25_72b,52,arith_123,arith_123::direct_numeric,direct_numeric,,48,27,75,70,0.10227272727272797,0.10227272727272797,,,5.2927805984958746e-17
qwen25_72b,52,arith_123,arith_123::verification_false,verification_false,False,48,27,75,70,19.35009842569178,,19.35009842569178,-19.35009842569178,-0.5454545454545455
qwen25_72b,52,arith_123,arith_123::verification_true,verification_true,True,48,27,75,70,19.851686228405356,,19.851686228405356,19.851686228405356,0.681818181818182
qwen25_72b,52,arith_124,arith_124::direct_numeric,direct_numeric,,20,39,59,60,-1.8955080021511423,-1.8955080021511423,,,5.2927805984958746e-17
qwen25_72b,52,arith_124,arith_124::verification_false,verification_false,False,20,39,59,60,18.875491787086844,,18.875491787086844,-18.875491787086844,-0.40909090909090906
qwen25_72b,52,arith_124,arith_124::verification_true,verification_true,True,20,39,59,60,18.868718347766194,,18.868718347766194,18.868718347766194,0.681818181818182
qwen25_72b,52,arith_125,arith_125::direct_numeric,direct_numeric,,4,8,12,21,-1.877840909090907,-1.877840909090907,,,5.2927805984958746e-17
qwen25_72b,52,arith_125,arith_125::verification_false,verification_false,False,4,8,12,21,16.772283640774813,,16.772283640774813,-16.772283640774813,-0.40909090909090906
qwen25_72b,52,arith_125,arith_125::verification_true,verification_true,True,4,8,12,21,19.533080160617832,,19.533080160617832,19.533080160617832,0.681818181818182
qwen25_72b,52,arith_126,arith_126::direct_numeric,direct_numeric,,38,49,87,94,-1.9105115532875097,-1.9105115532875097,,,5.2927805984958746e-17
qwen25_72b,52,arith_126,arith_126::verification_false,verification_false,False,38,49,87,94,20.15325699069284,,20.15325699069284,-20.15325699069284,-0.5454545454545455
qwen25_72b,52,arith_126,arith_126::verification_true,verification_true,True,38,49,87,94,22.692510837858382,,22.692510837858382,22.692510837858382,0.6363636363636366
qwen25_72b,52,arith_127,arith_127::direct_numeric,direct_numeric,,41,27,68,71,0.21803975105285225,0.21803975105285225,,,5.2927805984958746e-17
qwen25_72b,52,arith_127,arith_127::verification_false,verification_false,False,41,27,68,71,18.278105345639315,,18.278105345639315,-18.278105345639315,-0.6363636363636364
qwen25_72b,52,arith_127,arith_127::verification_true,verification_true,True,41,27,68,71,17.545212843201384,,17.545212843201384,17.545212843201384,0.681818181818182
qwen25_72b,52,arith_128,arith_128::direct_numeric,direct_numeric,,15,13,28,20,-1.25568189946088,-1.25568189946088,,,5.2927805984958746e-17
qwen25_72b,52,arith_128,arith_128::verification_false,verification_false,False,15,13,28,20,18.236320560628716,,18.236320560628716,-18.236320560628716,-0.40909090909090906
qwen25_72b,52,arith_128,arith_128::verification_true,verification_true,True,15,13,28,20,19.0171444145116,,19.0171444145116,19.0171444145116,0.6363636363636366
qwen25_72b,52,arith_129,arith_129::direct_numeric,direct_numeric,,48,28,76,75,-1.4034092263741957,-1.4034092263741957,,,5.2927805984958746e-17
qwen25_72b,52,arith_129,arith_129::verification_false,verification_false,False,48,28,76,75,19.365958934480496,,19.365958934480496,-19.365958934480496,-0.40909090909090906
qwen25_72b,52,arith_129,arith_129::verification_true,verification_true,True,48,28,76,75,17.948329448699955,,17.948329448699955,17.948329448699955,0.681818181818182
qwen25_72b,52,arith_130,arith_130::direct_numeric,direct_numeric,,12,15,27,30,-0.27010833675211054,-0.27010833675211054,,,5.2927805984958746e-17
qwen25_72b,52,arith_130,arith_130::verification_false,verification_false,False,12,15,27,30,19.737925448200922,,19.737925448200922,-19.737925448200922,-0.40909090909090906
qwen25_72b,52,arith_130,arith_130::verification_true,verification_true,True,12,15,27,30,20.101540126583796,,20.101540126583796,20.101540126583796,0.5454545454545455
qwen25_72b,52,arith_131,arith_131::direct_numeric,direct_numeric,,46,41,87,79,-0.5568186098879038,-0.5568186098879038,,,5.2927805984958746e-17
qwen25_72b,52,arith_131,arith_131::verification_false,verification_false,False,46,41,87,79,17.122298657894135,,17.122298657894135,-17.122298657894135,-0.5454545454545455
qwen25_72b,52,arith_131,arith_131::verification_true,verification_true,True,46,41,87,79,20.681377654725864,,20.681377654725864,20.681377654725864,0.681818181818182
qwen25_72b,52,arith_132,arith_132::direct_numeric,direct_numeric,,43,21,64,59,-1.4701716358011414,-1.4701716358011414,,,5.2927805984958746e-17
qwen25_72b,52,arith_132,arith_132::verification_false,verification_false,False,43,21,64,59,17.98667086254467,,17.98667086254467,-17.98667086254467,-0.6363636363636364
qwen25_72b,52,arith_132,arith_132::verification_true,verification_true,True,43,21,64,59,21.38012714277615,,21.38012714277615,21.38012714277615,0.6363636363636366
qwen25_72b,52,arith_133,arith_133::direct_numeric,direct_numeric,,38,33,71,69,-2.949573944915427,-2.949573944915427,,,5.2927805984958746e-17
qwen25_72b,52,arith_133,arith_133::verification_false,verification_false,False,38,33,71,69,13.42493251237003,,13.42493251237003,-13.42493251237003,-0.5454545454545455
qwen25_72b,52,arith_133,arith_133::verification_true,verification_true,True,38,33,71,69,19.06717481396415,,19.06717481396415,19.06717481396415,0.681818181818182
qwen25_72b,52,arith_134,arith_134::direct_numeric,direct_numeric,,8,37,45,37,-2.4115546670827017,-2.4115546670827017,,,5.2927805984958746e-17
qwen25_72b,52,arith_134,arith_134::verification_false,verification_false,False,8,37,45,37,15.97309399734844,,15.97309399734844,-15.97309399734844,-0.22727272727272732
qwen25_72b,52,arith_134,arith_134::verification_true,verification_true,True,8,37,45,37,17.19274737618187,,17.19274737618187,17.19274737618187,0.6363636363636366
qwen25_72b,52,arith_135,arith_135::direct_numeric,direct_numeric,,45,31,76,78,-1.4602276682853679,-1.4602276682853679,,,5.2927805984958746e-17
qwen25_72b,52,arith_135,arith_135::verification_false,verification_false,False,45,31,76,78,19.25564989176664,,19.25564989176664,-19.25564989176664,-0.6818181818181818
qwen25_72b,52,arith_135,arith_135::verification_true,verification_true,True,45,31,76,78,19.61297880519521,,19.61297880519521,19.61297880519521,0.681818181818182
qwen25_72b,52,arith_136,arith_136::direct_numeric,direct_numeric,,39,16,55,54,-2.7840910174629934,-2.7840910174629934,,,5.2927805984958746e-17
qwen25_72b,52,arith_136,arith_136::verification_false,verification_false,False,39,16,55,54,20.34098172187806,,20.34098172187806,-20.34098172187806,-0.6363636363636364
qwen25_72b,52,arith_136,arith_136::verification_true,verification_true,True,39,16,55,54,18.08431021733718,,18.08431021733718,18.08431021733718,0.681818181818182
qwen25_72b,52,arith_137,arith_137::direct_numeric,direct_numeric,,21,7,28,31,-1.4595172351056915,-1.4595172351056915,,,5.2927805984958746e-17
qwen25_72b,52,arith_137,arith_137::verification_false,verification_false,False,21,7,28,31,19.839502941478386,,19.839502941478386,-19.839502941478386,-0.5454545454545455
qwen25_72b,52,arith_137,arith_137::verification_true,verification_true,True,21,7,28,31,16.494921250776812,,16.494921250776812,16.494921250776812,0.4090909090909092
qwen25_72b,52,arith_138,arith_138::direct_numeric,direct_numeric,,46,10,56,53,-2.4431819211352988,-2.4431819211352988,,,5.2927805984958746e-17
qwen25_72b,52,arith_138,arith_138::verification_false,verification_false,False,46,10,56,53,15.874374552206563,,15.874374552206563,-15.874374552206563,-0.6363636363636364
qwen25_72b,52,arith_138,arith_138::verification_true,verification_true,True,46,10,56,53,16.30609477650036,,16.30609477650036,16.30609477650036,0.4090909090909092
qwen25_72b,52,arith_139,arith_139::direct_numeric,direct_numeric,,28,44,72,66,-2.4353693723678616,-2.4353693723678616,,,5.2927805984958746e-17
qwen25_72b,52,arith_139,arith_139::verification_false,verification_false,False,28,44,72,66,16.72685337608511,,16.72685337608511,-16.72685337608511,-0.6363636363636364
qwen25_72b,52,arith_139,arith_139::verification_true,verification_true,True,28,44,72,66,19.97151058370417,,19.97151058370417,19.97151058370417,0.681818181818182
qwen25_72b,52,arith_140,arith_140::direct_numeric,direct_numeric,,9,17,26,18,-1.0106537558815676,-1.0106537558815676,,,5.2927805984958746e-17
qwen25_72b,52,arith_140,arith_140::verification_false,verification_false,False,9,17,26,18,16.61344638737766,,16.61344638737766,-16.61344638737766,-0.40909090909090906
qwen25_72b,52,arith_140,arith_140::verification_true,verification_true,True,9,17,26,18,19.873378943313252,,19.873378943313252,19.873378943313252,0.681818181818182
qwen25_72b,52,arith_141,arith_141::direct_numeric,direct_numeric,,11,29,40,37,-2.6164778525179084,-2.6164778525179084,,,5.2927805984958746e-17
qwen25_72b,52,arith_141,arith_141::verification_false,verification_false,False,11,29,40,37,16.198782362721186,,16.198782362721186,-16.198782362721186,-0.6363636363636364
qwen25_72b,52,arith_141,arith_141::verification_true,verification_true,True,11,29,40,37,17.668546963821765,,17.668546963821765,17.668546963821765,0.681818181818182
qwen25_72b,52,arith_142,arith_142::direct_numeric,direct_numeric,,16,43,59,66,0.00568176399577376,0.00568176399577376,,,5.2927805984958746e-17
qwen25_72b,52,arith_142,arith_142::verification_false,verification_false,False,16,43,59,66,19.708460482684057,,19.708460482684057,-19.708460482684057,-0.6363636363636364
qwen25_72b,52,arith_142,arith_142::verification_true,verification_true,True,16,43,59,66,18.454147263006735,,18.454147263006735,18.454147263006735,0.6363636363636366
qwen25_72b,52,arith_143,arith_143::direct_numeric,direct_numeric,,36,25,61,54,-1.4872213493693973,-1.4872213493693973,,,5.2927805984958746e-17
qwen25_72b,52,arith_143,arith_143::verification_false,verification_false,False,36,25,61,54,20.35514828291806,,20.35514828291806,-20.35514828291806,-0.5454545454545455
qwen25_72b,52,arith_143,arith_143::verification_true,verification_true,True,36,25,61,54,18.186097367243338,,18.186097367243338,18.186097367243338,0.681818181818182
qwen25_72b,52,arith_144,arith_144::direct_numeric,direct_numeric,,45,20,65,61,-1.9886363907293882,-1.9886363907293882,,,5.2927805984958746e-17
qwen25_72b,52,arith_144,arith_144::verification_false,verification_false,False,45,20,65,61,18.5747918215665,,18.5747918215665,-18.5747918215665,-0.5454545454545455
qwen25_72b,52,arith_144,arith_144::verification_true,verification_true,True,45,20,65,61,19.13643461465836,,19.13643461465836,19.13643461465836,0.6363636363636366
qwen25_72b,52,arith_145,arith_145::direct_numeric,direct_numeric,,25,15,40,39,-2.3068183172832835,-2.3068183172832835,,,5.2927805984958746e-17
qwen25_72b,52,arith_145,arith_145::verification_false,verification_false,False,25,15,40,39,19.003709240393206,,19.003709240393206,-19.003709240393206,-0.5454545454545455
qwen25_72b,52,arith_145,arith_145::verification_true,verification_true,True,25,15,40,39,19.232638375325642,,19.232638375325642,19.232638375325642,0.5454545454545455
qwen25_72b,52,arith_146,arith_146::direct_numeric,direct_numeric,,44,16,60,61,-2.0227272998202928,-2.0227272998202928,,,5.2927805984958746e-17
qwen25_72b,52,arith_146,arith_146::verification_false,verification_false,False,44,16,60,61,18.85825956951488,,18.85825956951488,-18.85825956951488,-0.40909090909090906
qwen25_72b,52,arith_146,arith_146::verification_true,verification_true,True,44,16,60,61,16.618497886440977,,16.618497886440977,16.618497886440977,0.681818181818182
qwen25_72b,52,arith_147,arith_147::direct_numeric,direct_numeric,,31,22,53,49,-1.998582325198433,-1.998582325198433,,,5.2927805984958746e-17
qwen25_72b,52,arith_147,arith_147::verification_false,verification_false,False,31,22,53,49,18.08306986635382,,18.08306986635382,-18.08306986635382,-0.5454545454545455
qwen25_72b,52,arith_147,arith_147::verification_true,verification_true,True,31,22,53,49,21.198307091539565,,21.198307091539565,21.198307091539565,0.681818181818182
qwen25_72b,52,arith_148,arith_148::direct_numeric,direct_numeric,,3,15,18,14,0.18181815472516127,0.18181815472516127,,,5.2927805984958746e-17
qwen25_72b,52,arith_148,arith_148::verification_false,verification_false,False,3,15,18,14,17.46715179356662,,17.46715179356662,-17.46715179356662,-0.40909090909090906
qwen25_72b,52,arith_148,arith_148::verification_true,verification_true,True,3,15,18,14,18.18617482076992,,18.18617482076992,18.18617482076992,0.5454545454545455
qwen25_72b,52,arith_149,arith_149::direct_numeric,direct_numeric,,9,20,29,38,0.4609371803023607,0.4609371803023607,,,5.2927805984958746e-17
qwen25_72b,52,arith_149,arith_149::verification_false,verification_false,False,9,20,29,38,17.769621204246178,,17.769621204246178,-17.769621204246178,-0.40909090909090906
qwen25_72b,52,arith_149,arith_149::verification_true,verification_true,True,9,20,29,38,18.18690372055227,,18.18690372055227,18.18690372055227,0.681818181818182
