model_name,target_layer,pair_id,pair_class,domain,valence_status,opposition_status,word_A,word_B,template_name,alpha_raw,alpha_norm,vaa_projection_AB,vaa_projection_BA,vaa_projection_delta,abs_vaa_projection_delta,vaa_projection_unit_AB,vaa_projection_unit_BA,vaa_projection_unit_delta,abs_vaa_projection_unit_delta,vaa_projection_cosine_AB,vaa_projection_cosine_BA,vaa_projection_cosine_delta,abs_vaa_projection_cosine_delta,activation_norm_AB,activation_norm_BA
qwen25_14b,28,neutral_nonopposite::neutral::000,neutral_nonopposite,neutral_nonopposite,neutral,nonopposite,apple,banana,preference_control,0.0,0.0,-4.2548675537109375,-3.944015264511109,-0.3108522891998291,0.3108522891998291,-4.2548675537109375,-3.944015264511109,-0.3108522891998291,0.3108522891998291,-0.0382542423903942,-0.0358573012053966,-0.0023969411849975,0.0023969411849975,111.22603607177734,109.9919662475586
qwen25_14b,28,neutral_nonopposite::neutral::001,neutral_nonopposite,neutral_nonopposite,neutral,nonopposite,pear,plum,preference_control,0.0,0.0,-3.887583494186402,-5.7633562088012695,1.875772714614868,1.875772714614868,-3.887583494186402,-5.7633562088012695,1.875772714614868,1.875772714614868,-0.0351280532777309,-0.0521558038890361,0.0170277506113052,0.0170277506113052,110.66891479492188,110.502685546875
qwen25_14b,28,neutral_nonopposite::neutral::002,neutral_nonopposite,neutral_nonopposite,neutral,nonopposite,grape,melon,preference_control,0.0,0.0,-6.588212490081787,-4.876570701599121,-1.711641788482666,1.711641788482666,-6.588212490081787,-4.876570701599121,-1.711641788482666,1.711641788482666,-0.0596017092466354,-0.0446061976253986,-0.0149955116212368,0.0149955116212368,110.5373077392578,109.32495880126952
qwen25_14b,28,neutral_nonopposite::neutral::003,neutral_nonopposite,neutral_nonopposite,neutral,nonopposite,cat,dog,preference_control,0.0,0.0,-8.974128723144531,-8.927434921264648,-0.0466938018798828,0.0466938018798828,-8.974128723144531,-8.927434921264648,-0.0466938018798828,0.0466938018798828,-0.0805317685008049,-0.0800197720527648,-0.00051199644804,0.00051199644804,111.43588256835938,111.56536102294922
qwen25_14b,28,neutral_nonopposite::neutral::004,neutral_nonopposite,neutral_nonopposite,neutral,nonopposite,horse,goat,preference_control,0.0,0.0,-8.048521041870117,-9.842979431152344,1.7944583892822266,1.7944583892822266,-8.048521041870117,-9.842979431152344,1.7944583892822266,1.7944583892822266,-0.0732858404517173,-0.0890007391571998,0.0157148987054824,0.0157148987054824,109.8236846923828,110.59435272216795
qwen25_14b,28,neutral_nonopposite::neutral::005,neutral_nonopposite,neutral_nonopposite,neutral,nonopposite,sheep,deer,preference_control,0.0,0.0,-8.737520217895508,-8.490299224853516,-0.2472209930419922,0.2472209930419922,-8.737520217895508,-8.490299224853516,-0.2472209930419922,0.2472209930419922,-0.0779575109481811,-0.0770870521664619,-0.0008704587817192,0.0008704587817192,112.0805435180664,110.13910675048828
qwen25_14b,28,neutral_nonopposite::neutral::006,neutral_nonopposite,neutral_nonopposite,neutral,nonopposite,robin,sparrow,preference_control,0.0,0.0,-5.945596218109131,-5.547997951507568,-0.3975982666015625,0.3975982666015625,-5.945596218109131,-5.547997951507568,-0.3975982666015625,0.3975982666015625,-0.0540850050747394,-0.050208244472742,-0.0038767606019973,0.0038767606019973,109.93058776855467,110.49974060058594
qwen25_14b,28,neutral_nonopposite::neutral::007,neutral_nonopposite,neutral_nonopposite,neutral,nonopposite,table,chair,preference_control,0.0,0.0,-4.976112842559815,-7.447210788726807,2.471097946166992,2.471097946166992,-4.976112842559815,-7.447210788726807,2.471097946166992,2.471097946166992,-0.0447379387915134,-0.0677837207913398,0.0230457819998264,0.0230457819998264,111.22803497314452,109.86724853515624
qwen25_14b,28,neutral_nonopposite::neutral::008,neutral_nonopposite,neutral_nonopposite,neutral,nonopposite,fork,spoon,preference_control,0.0,0.0,-6.153265953063965,-3.3891563415527344,-2.7641096115112305,2.7641096115112305,-6.153265953063965,-3.3891563415527344,-2.7641096115112305,2.7641096115112305,-0.0555685125291347,-0.0309279337525367,-0.0246405787765979,0.0246405787765979,110.73296356201172,109.5823745727539
qwen25_14b,28,neutral_nonopposite::neutral::009,neutral_nonopposite,neutral_nonopposite,neutral,nonopposite,cup,bowl,preference_control,0.0,0.0,-4.644614219665527,-5.272530555725098,0.6279163360595703,0.6279163360595703,-4.644614219665527,-5.272530555725098,0.6279163360595703,0.6279163360595703,-0.0427622348070144,-0.0484230443835258,0.0056608095765113,0.0056608095765113,108.61486053466795,108.8847427368164
qwen25_14b,28,neutral_nonopposite::neutral::010,neutral_nonopposite,neutral_nonopposite,neutral,nonopposite,clock,lamp,preference_control,0.0,0.0,-5.406550407409668,-6.601923942565918,1.19537353515625,1.19537353515625,-5.406550407409668,-6.601923942565918,1.19537353515625,1.19537353515625,-0.0488333068788051,-0.0592471547424793,0.0104138478636741,0.0104138478636741,110.7144012451172,111.43022918701172
qwen25_14b,28,neutral_nonopposite::neutral::011,neutral_nonopposite,neutral_nonopposite,neutral,nonopposite,door,window,preference_control,0.0,0.0,-7.360546112060547,-9.322881698608398,1.962335586547852,1.962335586547852,-7.360546112060547,-9.322881698608398,1.962335586547852,1.962335586547852,-0.0671147778630256,-0.0850541815161705,0.0179394036531448,0.0179394036531448,109.6710205078125,109.61109161376952
qwen25_14b,28,neutral_nonopposite::neutral::012,neutral_nonopposite,neutral_nonopposite,neutral,nonopposite,river,lake,preference_control,0.0,0.0,-10.708218574523926,-8.759502410888672,-1.948716163635254,1.948716163635254,-10.708218574523926,-8.759502410888672,-1.948716163635254,1.948716163635254,-0.0957443863153457,-0.0788896530866622,-0.0168547332286834,0.0168547332286834,111.84173583984376,111.0348663330078
qwen25_14b,28,neutral_nonopposite::neutral::013,neutral_nonopposite,neutral_nonopposite,neutral,nonopposite,ocean,mountain,preference_control,0.0,0.0,-4.24494743347168,-7.366026401519775,3.121078968048096,3.121078968048096,-4.24494743347168,-7.366026401519775,3.121078968048096,3.121078968048096,-0.0384538620710372,-0.0666240230202674,0.0281701609492301,0.0281701609492301,110.3906707763672,110.56111907958984
qwen25_14b,28,neutral_nonopposite::neutral::014,neutral_nonopposite,neutral_nonopposite,neutral,nonopposite,island,valley,preference_control,0.0,0.0,-10.105700492858888,-10.12950325012207,0.0238027572631835,0.0238027572631835,-10.105700492858888,-10.12950325012207,0.0238027572631835,0.0238027572631835,-0.0900480598211288,-0.0908411368727684,0.0007930770516395,0.0007930770516395,112.2256317138672,111.50788879394533
qwen25_14b,28,neutral_nonopposite::neutral::015,neutral_nonopposite,neutral_nonopposite,neutral,nonopposite,algebra,geometry,preference_control,0.0,0.0,-2.530579090118408,-1.9801435470581052,-0.5504355430603027,0.5504355430603027,-2.530579090118408,-1.9801435470581052,-0.5504355430603027,0.5504355430603027,-0.0231418311595916,-0.018304580822587,-0.0048372503370046,0.0048372503370046,109.35086059570312,108.177490234375
qwen25_14b,28,neutral_nonopposite::neutral::016,neutral_nonopposite,neutral_nonopposite,neutral,nonopposite,physics,chemistry,preference_control,0.0,0.0,-4.858988761901856,-4.63848352432251,-0.2205052375793457,0.2205052375793457,-4.858988761901856,-4.63848352432251,-0.2205052375793457,0.2205052375793457,-0.0444277301430702,-0.0424095839262008,-0.0020181462168693,0.0020181462168693,109.36837768554688,109.37347412109376
qwen25_14b,28,neutral_nonopposite::neutral::017,neutral_nonopposite,neutral_nonopposite,neutral,nonopposite,history,geography,preference_control,0.0,0.0,-3.0922951698303223,-1.7900619506835938,-1.3022332191467283,1.3022332191467283,-3.0922951698303223,-1.7900619506835938,-1.3022332191467283,1.3022332191467283,-0.0282381810247898,-0.0163102000951766,-0.0119279809296131,0.0119279809296131,109.5075912475586,109.75106811523438
qwen25_14b,28,neutral_nonopposite::neutral::018,neutral_nonopposite,neutral_nonopposite,neutral,nonopposite,soccer,basketball,preference_control,0.0,0.0,-4.104632377624512,-3.8570396900177,-0.2475926876068115,0.2475926876068115,-4.104632377624512,-3.8570396900177,-0.2475926876068115,0.2475926876068115,-0.0377865098416805,-0.0359667688608169,-0.0018197409808635,0.0018197409808635,108.62692260742188,107.23898315429688
qwen25_14b,28,neutral_nonopposite::neutral::019,neutral_nonopposite,neutral_nonopposite,neutral,nonopposite,tennis,baseball,preference_control,0.0,0.0,-4.468654632568359,-4.732643127441406,0.2639884948730469,0.2639884948730469,-4.468654632568359,-4.732643127441406,0.2639884948730469,0.2639884948730469,-0.0407916903495788,-0.0430793091654777,0.0022876188158988,0.0022876188158988,109.54815673828124,109.8588409423828
qwen25_14b,28,neutral_nonopposite::neutral::020,neutral_nonopposite,neutral_nonopposite,neutral,nonopposite,train,airplane,preference_control,0.0,0.0,-6.8855695724487305,-4.411581993103027,-2.473987579345703,2.473987579345703,-6.8855695724487305,-4.411581993103027,-2.473987579345703,2.473987579345703,-0.062518410384655,-0.040359441190958,-0.0221589691936969,0.0221589691936969,110.1366729736328,109.30731201171876
qwen25_14b,28,neutral_nonopposite::neutral::021,neutral_nonopposite,neutral_nonopposite,neutral,nonopposite,bus,tram,preference_control,0.0,0.0,-6.507308483123779,-5.115520000457764,-1.3917884826660156,1.3917884826660156,-6.507308483123779,-5.115520000457764,-1.3917884826660156,1.3917884826660156,-0.0585299022495746,-0.0464409776031971,-0.0120889246463775,0.0120889246463775,111.17921447753906,110.15099334716795
qwen25_14b,28,neutral_nonopposite::neutral::022,neutral_nonopposite,neutral_nonopposite,neutral,nonopposite,tea,coffee,preference_control,0.0,0.0,-3.186617136001587,-2.05618953704834,-1.130427598953247,1.130427598953247,-3.186617136001587,-2.05618953704834,-1.130427598953247,1.130427598953247,-0.0289597250521183,-0.0186878405511379,-0.0102718845009803,0.0102718845009803,110.03616333007812,110.02820587158205
qwen25_14b,28,neutral_nonopposite::neutral::023,neutral_nonopposite,neutral_nonopposite,neutral,nonopposite,red,blue,preference_control,0.0,0.0,-4.734365463256836,-4.823596000671387,0.0892305374145507,0.0892305374145507,-4.734365463256836,-4.823596000671387,0.0892305374145507,0.0892305374145507,-0.0432120487093925,-0.0440408699214458,0.0008288212120532,0.0008288212120532,109.5612335205078,109.52544403076172
qwen25_14b,28,neutral_nonopposite::neutral::024,neutral_nonopposite,neutral_nonopposite,neutral,nonopposite,green,yellow,preference_control,0.0,0.0,-6.346973419189453,-6.892944812774658,0.5459713935852051,0.5459713935852051,-6.346973419189453,-6.892944812774658,0.5459713935852051,0.5459713935852051,-0.0571118667721748,-0.0619150064885616,0.0048031397163867,0.0048031397163867,111.13230895996094,111.3291473388672
qwen25_14b,28,neutral_opposite::neutral::000,neutral_opposite,neutral_opposite,neutral,opposite,convex,concave,preference_control,0.0,0.0,-10.826809883117676,-9.842792510986328,-0.9840173721313475,0.9840173721313475,-10.826809883117676,-9.842792510986328,-0.9840173721313475,0.9840173721313475,-0.0972727462649345,-0.0898103788495063,-0.0074623674154281,0.0074623674154281,111.30363464355467,109.59526824951172
qwen25_14b,28,neutral_opposite::neutral::001,neutral_opposite,neutral_opposite,neutral,opposite,interior,exterior,preference_control,0.0,0.0,-8.955483436584473,-9.238346099853516,0.2828626632690429,0.2828626632690429,-8.955483436584473,-9.238346099853516,0.2828626632690429,0.2828626632690429,-0.083004429936409,-0.086522176861763,0.003517746925354,0.003517746925354,107.89163208007812,106.7743148803711
qwen25_14b,28,neutral_opposite::neutral::002,neutral_opposite,neutral_opposite,neutral,opposite,clockwise,counterclockwise,preference_control,0.0,0.0,-6.81545352935791,-8.519166946411133,1.7037134170532229,1.7037134170532229,-6.81545352935791,-8.519166946411133,1.7037134170532229,1.7037134170532229,-0.0647222027182579,-0.0812587291002273,0.0165365263819694,0.0165365263819694,105.3031768798828,104.84001922607422
qwen25_14b,28,neutral_opposite::neutral::003,neutral_opposite,neutral_opposite,neutral,opposite,proximal,distal,preference_control,0.0,0.0,-10.576556205749512,-8.260113716125488,-2.3164424896240234,2.3164424896240234,-10.576556205749512,-8.260113716125488,-2.3164424896240234,2.3164424896240234,-0.097793698310852,-0.0765355750918388,-0.0212581232190132,0.0212581232190132,108.15171813964844,107.92515563964844
qwen25_14b,28,neutral_opposite::neutral::004,neutral_opposite,neutral_opposite,neutral,opposite,horizontal,vertical,preference_control,0.0,0.0,-7.03514575958252,-7.962265968322754,0.9271202087402344,0.9271202087402344,-7.03514575958252,-7.962265968322754,0.9271202087402344,0.9271202087402344,-0.0653933957219123,-0.0744460970163345,0.0090527012944221,0.0090527012944221,107.58189392089844,106.95343780517578
qwen25_14b,28,neutral_opposite::neutral::005,neutral_opposite,neutral_opposite,neutral,opposite,dorsal,ventral,preference_control,0.0,0.0,-7.13432502746582,-7.2514967918396,0.1171717643737793,0.1171717643737793,-7.13432502746582,-7.2514967918396,0.1171717643737793,0.1171717643737793,-0.0666402727365493,-0.0680286213755607,0.0013883486390113,0.0013883486390113,107.05726623535156,106.59479522705078
qwen25_14b,28,neutral_opposite::neutral::006,neutral_opposite,neutral_opposite,neutral,opposite,anterior,posterior,preference_control,0.0,0.0,-9.033669471740724,-8.980016708374023,-0.0536527633666992,0.0536527633666992,-9.033669471740724,-8.980016708374023,-0.0536527633666992,0.0536527633666992,-0.0837443470954895,-0.0843123421072959,0.0005679950118064,0.0005679950118064,107.87199401855467,106.50891876220705
qwen25_14b,28,neutral_opposite::neutral::007,neutral_opposite,neutral_opposite,neutral,opposite,medial,lateral,preference_control,0.0,0.0,-9.916857719421388,-10.123767852783203,0.2069101333618164,0.2069101333618164,-9.916857719421388,-10.123767852783203,0.2069101333618164,0.2069101333618164,-0.0907421186566352,-0.0931414142251014,0.0023992955684661,0.0023992955684661,109.28616333007812,108.69244384765624
qwen25_14b,28,neutral_opposite::neutral::008,neutral_opposite,neutral_opposite,neutral,opposite,numerator,denominator,preference_control,0.0,0.0,-8.271825790405273,-11.57732391357422,3.3054981231689453,3.3054981231689453,-8.271825790405273,-11.57732391357422,3.3054981231689453,3.3054981231689453,-0.0768124535679817,-0.1069453954696655,0.0301329419016838,0.0301329419016838,107.68860626220705,108.25453186035156
qwen25_14b,28,neutral_opposite::neutral::009,neutral_opposite,neutral_opposite,neutral,opposite,prefix,suffix,preference_control,0.0,0.0,-10.332719802856444,-9.079089164733888,-1.2536306381225586,1.2536306381225586,-10.332719802856444,-9.079089164733888,-1.2536306381225586,1.2536306381225586,-0.0947168841958046,-0.0847332179546356,-0.0099836662411689,0.0099836662411689,109.09058380126952,107.14911651611328
qwen25_14b,28,neutral_opposite::neutral::010,neutral_opposite,neutral_opposite,neutral,opposite,singular,plural,preference_control,0.0,0.0,-10.539331436157228,-10.149866104125977,-0.38946533203125,0.38946533203125,-10.539331436157228,-10.149866104125977,-0.38946533203125,0.38946533203125,-0.0993272587656974,-0.0953537002205848,-0.0039735585451126,0.0039735585451126,106.10713958740234,106.44438934326172
qwen25_14b,28,neutral_opposite::neutral::011,neutral_opposite,neutral_opposite,neutral,opposite,odd,even,preference_control,0.0,0.0,-8.918206214904785,-9.971546173095703,1.053339958190918,1.053339958190918,-8.918206214904785,-9.971546173095703,1.053339958190918,1.053339958190918,-0.0798181518912315,-0.0888753309845924,0.0090571790933609,0.0090571790933609,111.73155975341795,112.19700622558594
qwen25_14b,28,neutral_opposite::neutral::012,neutral_opposite,neutral_opposite,neutral,opposite,input,output,preference_control,0.0,0.0,-9.66112995147705,-9.48320198059082,-0.1779279708862304,0.1779279708862304,-9.66112995147705,-9.48320198059082,-0.1779279708862304,0.1779279708862304,-0.0877920687198638,-0.0862381383776664,-0.0015539303421974,0.0015539303421974,110.04559326171876,109.96529388427734
qwen25_14b,28,neutral_opposite::neutral::013,neutral_opposite,neutral_opposite,neutral,opposite,inbound,outbound,preference_control,0.0,0.0,-10.251203536987305,-10.789301872253418,0.5380983352661133,0.5380983352661133,-10.251203536987305,-10.789301872253418,0.5380983352661133,0.5380983352661133,-0.0940703302621841,-0.0993194878101348,0.0052491575479507,0.0052491575479507,108.97382354736328,108.6322784423828
qwen25_14b,28,neutral_opposite::neutral::014,neutral_opposite,neutral_opposite,neutral,opposite,inhale,exhale,preference_control,0.0,0.0,-3.994598627090454,-5.1992902755737305,1.2046916484832764,1.2046916484832764,-3.994598627090454,-5.1992902755737305,1.2046916484832764,1.2046916484832764,-0.0370253175497055,-0.048603568226099,0.0115782506763935,0.0115782506763935,107.88829803466795,106.97342681884766
qwen25_14b,28,neutral_opposite::neutral::015,neutral_opposite,neutral_opposite,neutral,opposite,ascending,descending,preference_control,0.0,0.0,-9.25434112548828,-9.282999038696287,0.0286579132080078,0.0286579132080078,-9.25434112548828,-9.282999038696287,0.0286579132080078,0.0286579132080078,-0.0859457030892372,-0.0864187702536583,0.000473067164421,0.000473067164421,107.67659759521484,107.41877746582033
qwen25_14b,28,neutral_opposite::neutral::016,neutral_opposite,neutral_opposite,neutral,opposite,upstream,downstream,preference_control,0.0,0.0,-8.897119522094727,-7.637167930603027,-1.2599515914916992,1.2599515914916992,-8.897119522094727,-7.637167930603027,-1.2599515914916992,1.2599515914916992,-0.0825151801109314,-0.0713629648089408,-0.0111522153019905,0.0111522153019905,107.82403564453124,107.01864624023438
qwen25_14b,28,neutral_opposite::neutral::017,neutral_opposite,neutral_opposite,neutral,opposite,north,south,preference_control,0.0,0.0,-7.830713748931885,-7.65228271484375,-0.1784310340881347,0.1784310340881347,-7.830713748931885,-7.65228271484375,-0.1784310340881347,0.1784310340881347,-0.0716754496097564,-0.0703882351517677,-0.0012872144579887,0.0012872144579887,109.25238800048828,108.71537017822266
qwen25_14b,28,neutral_opposite::neutral::018,neutral_opposite,neutral_opposite,neutral,opposite,east,west,preference_control,0.0,0.0,-5.485008239746094,-7.506231307983398,2.0212230682373047,2.0212230682373047,-5.485008239746094,-7.506231307983398,2.0212230682373047,2.0212230682373047,-0.0514702908694744,-0.0691123455762863,0.0176420547068119,0.0176420547068119,106.56649017333984,108.60912322998048
qwen25_14b,28,neutral_opposite::neutral::019,neutral_opposite,neutral_opposite,neutral,opposite,solid,liquid,preference_control,0.0,0.0,-11.155424118041992,-9.872557640075684,-1.2828664779663086,1.2828664779663086,-11.155424118041992,-9.872557640075684,-1.2828664779663086,1.2828664779663086,-0.1002944707870483,-0.0894126892089843,-0.0108817815780639,0.0108817815780639,111.2267074584961,110.41561889648438
qwen25_14b,28,neutral_opposite::neutral::020,neutral_opposite,neutral_opposite,neutral,opposite,internal,external,preference_control,0.0,0.0,-10.308130264282228,-10.433331489562988,0.1252012252807617,0.1252012252807617,-10.308130264282228,-10.433331489562988,0.1252012252807617,0.1252012252807617,-0.094091884791851,-0.095463253557682,0.0013713687658309,0.0013713687658309,109.55387115478516,109.29159545898438
qwen25_14b,28,neutral_opposite::neutral::021,neutral_opposite,neutral_opposite,neutral,opposite,central,peripheral,preference_control,0.0,0.0,-10.658609390258787,-8.991414070129395,-1.6671953201293943,1.6671953201293943,-10.658609390258787,-8.991414070129395,-1.6671953201293943,1.6671953201293943,-0.0966509729623794,-0.0821222737431526,-0.0145286992192268,0.0145286992192268,110.27938079833984,109.48812866210938
qwen25_14b,28,neutral_opposite::neutral::022,neutral_opposite,neutral_opposite,neutral,opposite,binary,decimal,preference_control,0.0,0.0,-8.938871383666992,-10.048492431640623,1.1096210479736328,1.1096210479736328,-8.938871383666992,-10.048492431640623,1.1096210479736328,1.1096210479736328,-0.082713708281517,-0.0919060781598091,0.009192369878292,0.009192369878292,108.07000732421876,109.33436584472656
qwen25_14b,28,neutral_opposite::neutral::023,neutral_opposite,neutral_opposite,neutral,opposite,linear,circular,preference_control,0.0,0.0,-7.297643661499023,-7.798271656036377,0.5006279945373535,0.5006279945373535,-7.297643661499023,-7.798271656036377,0.5006279945373535,0.5006279945373535,-0.0675822347402572,-0.0727591812610626,0.0051769465208053,0.0051769465208053,107.981689453125,107.17921447753906
qwen25_14b,28,valenced_nonopposite::affective::000,valenced_nonopposite,affective,valenced,nonopposite,Positive,Apathetic,preference_control,0.0,0.0,-10.037313461303713,-10.967336654663086,0.930023193359375,0.930023193359375,-10.037313461303713,-10.967336654663086,0.930023193359375,0.930023193359375,-0.0927405133843422,-0.1035430952906608,0.0108025819063186,0.0108025819063186,108.23008728027344,105.92050170898438
qwen25_14b,28,valenced_nonopposite::affective::001,valenced_nonopposite,affective,valenced,nonopposite,Like,Sad,preference_control,0.0,0.0,-11.22833251953125,-10.706259727478027,-0.5220727920532227,0.5220727920532227,-11.22833251953125,-10.706259727478027,-0.5220727920532227,0.5220727920532227,-0.1024684682488441,-0.0996567159891128,-0.0028117522597312,0.0028117522597312,109.5784149169922,107.43138885498048
qwen25_14b,28,valenced_nonopposite::affective::002,valenced_nonopposite,affective,valenced,nonopposite,Optimistic,Discontent,preference_control,0.0,0.0,-3.036778926849365,-7.594440460205078,4.557661533355713,4.557661533355713,-3.036778926849365,-7.594440460205078,4.557661533355713,4.557661533355713,-0.0285485256463289,-0.0708481445908546,0.0422996189445257,0.0422996189445257,106.37252807617188,107.1932144165039
qwen25_14b,28,valenced_nonopposite::affective::003,valenced_nonopposite,affective,valenced,nonopposite,Support,Hate,preference_control,0.0,0.0,-9.519662857055664,-13.538490295410156,4.018827438354492,4.018827438354492,-9.519662857055664,-13.538490295410156,4.018827438354492,4.018827438354492,-0.0886737033724784,-0.1251330226659774,0.0364593192934989,0.0364593192934989,107.3561019897461,108.19277954101562
qwen25_14b,28,valenced_nonopposite::affective::004,valenced_nonopposite,affective,valenced,nonopposite,Favorable,Resentful,preference_control,0.0,0.0,-7.819604873657227,-11.797477722167969,3.977872848510742,3.977872848510742,-7.819604873657227,-11.797477722167969,3.977872848510742,3.977872848510742,-0.07394690066576,-0.1096696332097053,0.0357227325439453,0.0357227325439453,105.7462158203125,107.5728759765625
qwen25_14b,28,valenced_nonopposite::affective::005,valenced_nonopposite,affective,valenced,nonopposite,Excited,Suspicious,preference_control,0.0,0.0,-9.494808197021484,-8.476117134094238,-1.018691062927246,1.018691062927246,-9.494808197021484,-8.476117134094238,-1.018691062927246,1.018691062927246,-0.0880773589015007,-0.0781760141253471,-0.0099013447761535,0.0099013447761535,107.80078125,108.42350006103516
qwen25_14b,28,valenced_nonopposite::affective::006,valenced_nonopposite,affective,valenced,nonopposite,Satisfied,Insecure,preference_control,0.0,0.0,-9.463418006896973,-10.447002410888672,0.9835844039916992,0.9835844039916992,-9.463418006896973,-10.447002410888672,0.9835844039916992,0.9835844039916992,-0.0880823284387588,-0.0981153473258018,0.010033018887043,0.010033018887043,107.43832397460938,106.47673797607422
qwen25_14b,28,valenced_nonopposite::affective::007,valenced_nonopposite,affective,valenced,nonopposite,Enthusiastic,Uneasy,preference_control,0.0,0.0,-5.579867362976074,-8.279690742492676,2.6998233795166016,2.6998233795166016,-5.579867362976074,-8.279690742492676,2.6998233795166016,2.6998233795166016,-0.0536953322589397,-0.0780406519770622,0.0243453197181224,0.0243453197181224,103.91717529296876,106.09458923339844
qwen25_14b,28,valenced_nonopposite::affective::008,valenced_nonopposite,affective,valenced,nonopposite,Happy,Indifferent,preference_control,0.0,0.0,-7.047600746154785,-11.932750701904297,4.885149955749512,4.885149955749512,-7.047600746154785,-11.932750701904297,4.885149955749512,4.885149955749512,-0.0647608786821365,-0.1092738434672355,0.044512964785099,0.044512964785099,108.8249740600586,109.20043182373048
qwen25_14b,28,valenced_nonopposite::affective::009,valenced_nonopposite,affective,valenced,nonopposite,Content,Tense,preference_control,0.0,0.0,-2.8346993923187256,-4.801579475402832,1.9668800830841064,1.9668800830841064,-2.8346993923187256,-4.801579475402832,1.9668800830841064,1.9668800830841064,-0.0264142695814371,-0.0454566553235054,0.0190423857420682,0.0190423857420682,107.31697082519533,105.62984466552734
qwen25_14b,28,valenced_nonopposite::affective::010,valenced_nonopposite,affective,valenced,nonopposite,Love,Weary,preference_control,0.0,0.0,-2.8453261852264404,-4.995038986206055,2.1497128009796143,2.1497128009796143,-2.8453261852264404,-4.995038986206055,2.1497128009796143,2.1497128009796143,-0.0260252617299556,-0.0463313683867454,0.0203061066567897,0.0203061066567897,109.32939910888672,107.81116485595705
qwen25_14b,28,valenced_nonopposite::affective::011,valenced_nonopposite,affective,valenced,nonopposite,Grateful,Angry,preference_control,0.0,0.0,-9.844717025756836,-11.999978065490724,2.1552610397338867,2.1552610397338867,-9.844717025756836,-11.999978065490724,2.1552610397338867,2.1552610397338867,-0.0908098369836807,-0.1115366220474243,0.0207267850637435,0.0207267850637435,108.41024780273438,107.58778381347656
qwen25_14b,28,valenced_nonopposite::affective::012,valenced_nonopposite,affective,valenced,nonopposite,Trusting,Despairing,preference_control,0.0,0.0,-4.8978142738342285,-10.007970809936523,5.110156536102295,5.110156536102295,-4.8978142738342285,-10.007970809936523,5.110156536102295,5.110156536102295,-0.0459085591137409,-0.0932466387748718,0.0473380796611309,0.0473380796611309,106.6863021850586,107.32794952392578
qwen25_14b,28,valenced_nonopposite::affective::013,valenced_nonopposite,affective,valenced,nonopposite,Confident,Negative,preference_control,0.0,0.0,-11.319059371948242,-11.471299171447754,0.1522397994995117,0.1522397994995117,-11.319059371948242,-11.471299171447754,0.1522397994995117,0.1522397994995117,-0.1050689071416854,-0.1053237169981002,0.0002548098564147,0.0002548098564147,107.72986602783205,108.91468048095705
qwen25_14b,28,valenced_nonopposite::affective::014,valenced_nonopposite,affective,valenced,nonopposite,Assured,Dislike,preference_control,0.0,0.0,-10.464471817016602,-8.649136543273926,-1.815335273742676,1.815335273742676,-10.464471817016602,-8.649136543273926,-1.815335273742676,1.815335273742676,-0.0977175682783126,-0.0808213353157043,-0.0168962329626083,0.0168962329626083,107.08895111083984,107.01551055908205
qwen25_14b,28,valenced_nonopposite::affective::015,valenced_nonopposite,affective,valenced,nonopposite,Moved,Pessimistic,preference_control,0.0,0.0,-5.140447616577148,-8.946477890014648,3.8060302734375,3.8060302734375,-5.140447616577148,-8.946477890014648,3.8060302734375,3.8060302734375,-0.0477035604417324,-0.0858932733535766,0.0381897129118442,0.0381897129118442,107.7581558227539,104.15807342529295
qwen25_14b,28,valenced_nonopposite::affective::016,valenced_nonopposite,affective,valenced,nonopposite,Relaxed,Oppose,preference_control,0.0,0.0,-10.174203872680664,-7.025088310241699,-3.149115562438965,3.149115562438965,-10.174203872680664,-7.025088310241699,-3.149115562438965,3.149115562438965,-0.0945942848920822,-0.0658259615302085,-0.0287683233618736,0.0287683233618736,107.55622100830078,106.72215270996094
qwen25_14b,28,valenced_nonopposite::affective::017,valenced_nonopposite,affective,valenced,nonopposite,Expectant,Unfavorable,preference_control,0.0,0.0,-8.138227462768555,-7.269907474517822,-0.8683199882507324,0.8683199882507324,-8.138227462768555,-7.269907474517822,-0.8683199882507324,0.8683199882507324,-0.0747801065444946,-0.067893236875534,-0.0068868696689605,0.0068868696689605,108.82878112792967,107.07852172851562
qwen25_14b,28,valenced_nonopposite::affective::018,valenced_nonopposite,affective,valenced,nonopposite,Joyful,Bored,preference_control,0.0,0.0,-5.390092849731445,-9.16618537902832,3.776092529296875,3.776092529296875,-5.390092849731445,-9.16618537902832,3.776092529296875,3.776092529296875,-0.0502103045582771,-0.0854882076382637,0.0352779030799865,0.0352779030799865,107.35033416748048,107.2216339111328
qwen25_14b,28,valenced_nonopposite::affective::019,valenced_nonopposite,affective,valenced,nonopposite,Hopeful,Disappointed,preference_control,0.0,0.0,-8.053860664367676,-7.531633377075195,-0.5222272872924805,0.5222272872924805,-8.053860664367676,-7.531633377075195,-0.5222272872924805,0.5222272872924805,-0.0748333260416984,-0.0706369876861572,-0.0041963383555412,0.0041963383555412,107.62398529052734,106.62449645996094
qwen25_14b,28,valenced_nonopposite::deontic::000,valenced_nonopposite,deontic,valenced,nonopposite,Moral,Irresponsible,preference_control,0.0,0.0,-9.325170516967772,-11.267391204833984,1.942220687866211,1.942220687866211,-9.325170516967772,-11.267391204833984,1.942220687866211,1.942220687866211,-0.0864108130335807,-0.1052246540784835,0.0188138410449028,0.0188138410449028,107.91670989990234,107.07938385009766
qwen25_14b,28,valenced_nonopposite::deontic::001,valenced_nonopposite,deontic,valenced,nonopposite,Fair,Treacherous,preference_control,0.0,0.0,-7.597988605499268,-10.32807159423828,2.7300829887390137,2.7300829887390137,-7.597988605499268,-10.32807159423828,2.7300829887390137,2.7300829887390137,-0.0702579542994499,-0.0957866460084915,0.0255286917090415,0.0255286917090415,108.14418029785156,107.8237075805664
qwen25_14b,28,valenced_nonopposite::deontic::002,valenced_nonopposite,deontic,valenced,nonopposite,Good,Insulting,preference_control,0.0,0.0,-11.271449089050291,-11.798555374145508,0.5271062850952148,0.5271062850952148,-11.271449089050291,-11.798555374145508,0.5271062850952148,0.5271062850952148,-0.1069126054644584,-0.114168994128704,0.0072563886642456,0.0072563886642456,105.4267578125,103.34290313720705
qwen25_14b,28,valenced_nonopposite::deontic::003,valenced_nonopposite,deontic,valenced,nonopposite,Legal,Cruel,preference_control,0.0,0.0,-10.194141387939451,-11.664957046508787,1.470815658569336,1.470815658569336,-10.194141387939451,-11.664957046508787,1.470815658569336,1.470815658569336,-0.0947831943631172,-0.1076334044337272,0.01285021007061,0.01285021007061,107.5522003173828,108.37673950195312
qwen25_14b,28,valenced_nonopposite::deontic::004,valenced_nonopposite,deontic,valenced,nonopposite,Reasonable,Untrustworthy,preference_control,0.0,0.0,-11.13563060760498,-12.370610237121582,1.2349796295166016,1.2349796295166016,-11.13563060760498,-12.370610237121582,1.2349796295166016,1.2349796295166016,-0.1046073958277702,-0.1155971065163612,0.010989710688591,0.010989710688591,106.45166015625,107.01487731933594
qwen25_14b,28,valenced_nonopposite::deontic::005,valenced_nonopposite,deontic,valenced,nonopposite,Honest,Dishonorable,preference_control,0.0,0.0,-10.64043426513672,-10.412176132202148,-0.2282581329345703,0.2282581329345703,-10.64043426513672,-10.412176132202148,-0.2282581329345703,0.2282581329345703,-0.0993289500474929,-0.0983227789402008,-0.0010061711072921,0.0010061711072921,107.1231918334961,105.8979034423828
qwen25_14b,28,valenced_nonopposite::deontic::006,valenced_nonopposite,deontic,valenced,nonopposite,Righteous,Shameful,preference_control,0.0,0.0,-11.667802810668944,-10.56362533569336,-1.104177474975586,1.104177474975586,-11.667802810668944,-10.56362533569336,-1.104177474975586,1.104177474975586,-0.107652373611927,-0.098177894949913,-0.009474478662014,0.009474478662014,108.38407135009766,107.5967788696289
qwen25_14b,28,valenced_nonopposite::deontic::007,valenced_nonopposite,deontic,valenced,nonopposite,Responsible,Indulgent,preference_control,0.0,0.0,-7.00337553024292,-8.306556701660156,1.3031811714172363,1.3031811714172363,-7.00337553024292,-8.306556701660156,1.3031811714172363,1.3031811714172363,-0.0659372061491012,-0.0783480629324913,0.01241085678339,0.01241085678339,106.21280670166016,106.0212173461914
qwen25_14b,28,valenced_nonopposite::deontic::008,valenced_nonopposite,deontic,valenced,nonopposite,Loyal,Insincere,preference_control,0.0,0.0,-9.623310089111328,-10.086185455322266,0.4628753662109375,0.4628753662109375,-9.623310089111328,-10.086185455322266,0.4628753662109375,0.4628753662109375,-0.0896539539098739,-0.0940740928053855,0.0044201388955116,0.0044201388955116,107.33837890625,107.21533203125
qwen25_14b,28,valenced_nonopposite::deontic::009,valenced_nonopposite,deontic,valenced,nonopposite,Respectful,Malicious,preference_control,0.0,0.0,-9.40483856201172,-13.603713989257812,4.198875427246094,4.198875427246094,-9.40483856201172,-13.603713989257812,4.198875427246094,4.198875427246094,-0.0891283005475997,-0.1262650340795517,0.0371367335319519,0.0371367335319519,105.52022552490234,107.73936462402344
qwen25_14b,28,valenced_nonopposite::deontic::010,valenced_nonopposite,deontic,valenced,nonopposite,Kind,Harsh,preference_control,0.0,0.0,-7.223718643188477,-12.108882904052734,4.885164260864258,4.885164260864258,-7.223718643188477,-12.108882904052734,4.885164260864258,4.885164260864258,-0.0686309486627578,-0.1139020025730133,0.0452710539102554,0.0452710539102554,105.2545394897461,106.30965423583984
qwen25_14b,28,valenced_nonopposite::deontic::011,valenced_nonopposite,deontic,valenced,nonopposite,Trustworthy,Self-serving,preference_control,0.0,0.0,-8.587839126586914,-7.531736373901367,-1.0561027526855469,1.0561027526855469,-8.587839126586914,-7.531736373901367,-1.0561027526855469,1.0561027526855469,-0.0814178958535194,-0.071313701570034,-0.0101041942834854,0.0101041942834854,105.478515625,105.61415100097656
qwen25_14b,28,valenced_nonopposite::deontic::012,valenced_nonopposite,deontic,valenced,nonopposite,Upright,Biased,preference_control,0.0,0.0,-9.12636375427246,-11.36798858642578,2.2416248321533203,2.2416248321533203,-9.12636375427246,-11.36798858642578,2.2416248321533203,2.2416248321533203,-0.0852735638618469,-0.1053198501467704,0.0200462862849235,0.0200462862849235,107.0245361328125,107.93775939941406
qwen25_14b,28,valenced_nonopposite::deontic::013,valenced_nonopposite,deontic,valenced,nonopposite,Honorable,Immoral,preference_control,0.0,0.0,-12.996450424194336,-13.08466911315918,0.0882186889648437,0.0882186889648437,-12.996450424194336,-13.08466911315918,0.0882186889648437,0.0882186889648437,-0.1201218739151954,-0.1215124055743217,0.0013905316591262,0.0013905316591262,108.1938705444336,107.68175506591795
qwen25_14b,28,valenced_nonopposite::deontic::014,valenced_nonopposite,deontic,valenced,nonopposite,Disciplined,Unfair,preference_control,0.0,0.0,-8.004600524902344,-6.718598365783691,-1.2860021591186523,1.2860021591186523,-8.004600524902344,-6.718598365783691,-1.2860021591186523,1.2860021591186523,-0.0744337514042854,-0.0616210587322711,-0.0128126926720142,0.0128126926720142,107.53993225097656,109.0308837890625
qwen25_14b,28,valenced_nonopposite::deontic::015,valenced_nonopposite,deontic,valenced,nonopposite,Sincere,Evil,preference_control,0.0,0.0,-9.905624389648438,-12.307525634765623,2.4019012451171875,2.4019012451171875,-9.905624389648438,-12.307525634765623,2.4019012451171875,2.4019012451171875,-0.093838632106781,-0.1161440312862396,0.0223053991794586,0.0223053991794586,105.56019592285156,105.96778106689452
qwen25_14b,28,valenced_nonopposite::deontic::016,valenced_nonopposite,deontic,valenced,nonopposite,Well-intentioned,Illegal,preference_control,0.0,0.0,-12.597457885742188,-12.041969299316406,-0.5554885864257812,0.5554885864257812,-12.597457885742188,-12.041969299316406,-0.5554885864257812,0.5554885864257812,-0.1155555993318557,-0.112351156771183,-0.0032044425606727,0.0032044425606727,109.01641845703124,107.18153381347656
qwen25_14b,28,valenced_nonopposite::deontic::017,valenced_nonopposite,deontic,valenced,nonopposite,Tolerant,Unreasonable,preference_control,0.0,0.0,-12.192062377929688,-12.31881332397461,0.1267509460449218,0.1267509460449218,-12.192062377929688,-12.31881332397461,0.1267509460449218,0.1267509460449218,-0.1130553260445594,-0.1134540736675262,0.0003987476229667,0.0003987476229667,107.84156036376952,108.5797348022461
qwen25_14b,28,valenced_nonopposite::deontic::018,valenced_nonopposite,deontic,valenced,nonopposite,Public-minded,Deceptive,preference_control,0.0,0.0,-5.447523593902588,-10.570018768310549,5.122495174407959,5.122495174407959,-5.447523593902588,-10.570018768310549,5.122495174407959,5.122495174407959,-0.0516721867024898,-0.0994618311524391,0.0477896444499492,0.0477896444499492,105.42467498779295,106.27210998535156
qwen25_14b,28,valenced_nonopposite::deontic::019,valenced_nonopposite,deontic,valenced,nonopposite,Impartial,Wicked,preference_control,0.0,0.0,-10.460832595825195,-11.727529525756836,1.2666969299316406,1.2666969299316406,-10.460832595825195,-11.727529525756836,1.2666969299316406,1.2666969299316406,-0.0977186858654022,-0.1088336035609245,0.0111149176955223,0.0111149176955223,107.05048370361328,107.75651550292967
qwen25_14b,28,valenced_nonopposite::epistemic::000,valenced_nonopposite,epistemic,valenced,nonopposite,Correct,Counterfeit,preference_control,0.0,0.0,-13.16285514831543,-12.466812133789062,-0.6960430145263672,0.6960430145263672,-13.16285514831543,-12.466812133789062,-0.6960430145263672,0.6960430145263672,-0.1196245402097702,-0.1167737916111946,-0.0028507485985755,0.0028507485985755,110.03473663330078,106.76036071777344
qwen25_14b,28,valenced_nonopposite::epistemic::001,valenced_nonopposite,epistemic,valenced,nonopposite,True,Nonsensical,preference_control,0.0,0.0,-13.793373107910156,-11.17626953125,-2.617103576660156,2.617103576660156,-13.793373107910156,-11.17626953125,-2.617103576660156,2.617103576660156,-0.1274673789739608,-0.1037237420678138,-0.023743636906147,0.023743636906147,108.21099853515624,107.75035095214844
qwen25_14b,28,valenced_nonopposite::epistemic::002,valenced_nonopposite,epistemic,valenced,nonopposite,Logical,Biased,preference_control,0.0,0.0,-7.276195526123047,-12.135337829589844,4.859142303466797,4.859142303466797,-7.276195526123047,-12.135337829589844,4.859142303466797,4.859142303466797,-0.0669830814003944,-0.1123968735337257,0.0454137921333313,0.0454137921333313,108.62736511230467,107.96864318847656
qwen25_14b,28,valenced_nonopposite::epistemic::003,valenced_nonopposite,epistemic,valenced,nonopposite,Certain,Vague,preference_control,0.0,0.0,-8.581756591796875,-6.635313034057617,-1.9464435577392576,1.9464435577392576,-8.581756591796875,-6.635313034057617,-1.9464435577392576,1.9464435577392576,-0.0797867551445961,-0.0632924437522888,-0.0164943113923072,0.0164943113923072,107.55866241455078,104.83578491210938
qwen25_14b,28,valenced_nonopposite::epistemic::004,valenced_nonopposite,epistemic,valenced,nonopposite,Valid,Careless,preference_control,0.0,0.0,-13.69573974609375,-14.551628112792969,0.8558883666992188,0.8558883666992188,-13.69573974609375,-14.551628112792969,0.8558883666992188,0.8558883666992188,-0.1231596320867538,-0.1299365609884262,0.0067769289016723,0.0067769289016723,111.20315551757812,111.99024963378906
qwen25_14b,28,valenced_nonopposite::epistemic::005,valenced_nonopposite,epistemic,valenced,nonopposite,Accurate,Unscientific,preference_control,0.0,0.0,-13.927583694458008,-8.907751083374023,-5.019832611083984,5.019832611083984,-13.927583694458008,-8.907751083374023,-5.019832611083984,5.019832611083984,-0.1288593113422393,-0.0818873196840286,-0.0469719916582107,0.0469719916582107,108.0836410522461,108.78059387207033
qwen25_14b,28,valenced_nonopposite::epistemic::006,valenced_nonopposite,epistemic,valenced,nonopposite,Reliable,Contradictory,preference_control,0.0,0.0,-12.588318824768066,-13.530540466308594,0.9422216415405272,0.9422216415405272,-12.588318824768066,-13.530540466308594,0.9422216415405272,0.9422216415405272,-0.1168501749634742,-0.1252537220716476,0.0084035471081733,0.0084035471081733,107.7304229736328,108.02505493164062
qwen25_14b,28,valenced_nonopposite::epistemic::007,valenced_nonopposite,epistemic,valenced,nonopposite,Authentic,Unverifiable,preference_control,0.0,0.0,-13.139625549316406,-9.832511901855469,-3.307113647460937,3.307113647460937,-13.139625549316406,-9.832511901855469,-3.307113647460937,3.307113647460937,-0.1216310262680053,-0.0909613445401191,-0.0306696817278862,0.0306696817278862,108.028564453125,108.09549713134766
qwen25_14b,28,valenced_nonopposite::epistemic::008,valenced_nonopposite,epistemic,valenced,nonopposite,Sensible,Unpredictable,preference_control,0.0,0.0,-10.752290725708008,-8.020674705505371,-2.7316160202026367,2.7316160202026367,-10.752290725708008,-8.020674705505371,-2.7316160202026367,2.7316160202026367,-0.0993755906820297,-0.0749354287981987,-0.024440161883831,0.024440161883831,108.1985092163086,107.03447723388672
qwen25_14b,28,valenced_nonopposite::epistemic::009,valenced_nonopposite,epistemic,valenced,nonopposite,Objective,Ambiguous,preference_control,0.0,0.0,-7.563019752502441,-8.982338905334473,1.4193191528320312,1.4193191528320312,-7.563019752502441,-8.982338905334473,1.4193191528320312,1.4193191528320312,-0.0691357180476188,-0.085350789129734,0.0162150710821151,0.0162150710821151,109.39381408691406,105.2402572631836
qwen25_14b,28,valenced_nonopposite::epistemic::010,valenced_nonopposite,epistemic,valenced,nonopposite,Clear,Fake,preference_control,0.0,0.0,-11.095019340515137,-12.89549732208252,1.8004779815673828,1.8004779815673828,-11.095019340515137,-12.89549732208252,1.8004779815673828,1.8004779815673828,-0.1021060347557067,-0.1187635138630867,0.0166574791073799,0.0166574791073799,108.6617431640625,108.58130645751952
qwen25_14b,28,valenced_nonopposite::epistemic::011,valenced_nonopposite,epistemic,valenced,nonopposite,Rigorous,Accidental,preference_control,0.0,0.0,-5.117379188537598,-6.587690353393555,1.470311164855957,1.470311164855957,-5.117379188537598,-6.587690353393555,1.470311164855957,1.470311164855957,-0.0483861193060874,-0.061985570937395,0.0135994516313076,0.0135994516313076,105.76130676269533,106.27780151367188
qwen25_14b,28,valenced_nonopposite::epistemic::012,valenced_nonopposite,epistemic,valenced,nonopposite,Scientific,Fallacious reasoning,preference_control,0.0,0.0,-7.8151350021362305,-8.525403022766113,0.7102680206298828,0.7102680206298828,-7.8151350021362305,-8.525403022766113,0.7102680206298828,0.7102680206298828,-0.0722491592168808,-0.0796408802270889,0.0073917210102081,0.0073917210102081,108.1692123413086,107.04808044433594
qwen25_14b,28,valenced_nonopposite::epistemic::013,valenced_nonopposite,epistemic,valenced,nonopposite,Consistent,Incorrect,preference_control,0.0,0.0,-12.906721115112305,-10.960403442382812,-1.946317672729492,1.946317672729492,-12.906721115112305,-10.960403442382812,-1.946317672729492,1.946317672729492,-0.1179887801408767,-0.1036140769720077,-0.014374703168869,0.014374703168869,109.38939666748048,105.7810287475586
qwen25_14b,28,valenced_nonopposite::epistemic::014,valenced_nonopposite,epistemic,valenced,nonopposite,Verifiable,False,preference_control,0.0,0.0,-13.667974472045898,-12.430975914001465,-1.2369985580444336,1.2369985580444336,-13.667974472045898,-12.430975914001465,-1.2369985580444336,1.2369985580444336,-0.1263771504163742,-0.1151299998164177,-0.0112471505999565,0.0112471505999565,108.15225982666016,107.973388671875
qwen25_14b,28,valenced_nonopposite::epistemic::015,valenced_nonopposite,epistemic,valenced,nonopposite,Predictable,Illogical,preference_control,0.0,0.0,-9.093347549438477,-10.404045104980469,1.3106975555419922,1.3106975555419922,-9.093347549438477,-10.404045104980469,1.3106975555419922,1.3106975555419922,-0.084526427090168,-0.0944834351539611,0.0099570080637931,0.0099570080637931,107.5799331665039,110.1150131225586
qwen25_14b,28,valenced_nonopposite::epistemic::016,valenced_nonopposite,epistemic,valenced,nonopposite,Lucid,Uncertain,preference_control,0.0,0.0,-9.253616333007812,-6.905429363250732,-2.34818696975708,2.34818696975708,-9.253616333007812,-6.905429363250732,-2.34818696975708,2.34818696975708,-0.0865975767374038,-0.0652704611420631,-0.0213271155953407,0.0213271155953407,106.85768127441406,105.79715728759766
qwen25_14b,28,valenced_nonopposite::epistemic::017,valenced_nonopposite,epistemic,valenced,nonopposite,Real,Invalid,preference_control,0.0,0.0,-13.912141799926758,-9.558218955993652,-4.3539228439331055,4.3539228439331055,-13.912141799926758,-9.558218955993652,-4.3539228439331055,4.3539228439331055,-0.1279110014438629,-0.0882011950016021,-0.0397098064422607,0.0397098064422607,108.76422882080078,108.3683624267578
qwen25_14b,28,valenced_nonopposite::epistemic::019,valenced_nonopposite,epistemic,valenced,nonopposite,Sound reasoning,Unreliable,preference_control,0.0,0.0,-9.442001342773438,-10.714207649230955,1.2722063064575195,1.2722063064575195,-9.442001342773438,-10.714207649230955,1.2722063064575195,1.2722063064575195,-0.0887746140360832,-0.0995296612381935,0.0107550472021102,0.0107550472021102,106.3592529296875,107.6483917236328
qwen25_14b,28,valenced_nonopposite::utilitarian::000,valenced_nonopposite,utilitarian,valenced,nonopposite,Effective,Inconvenient,preference_control,0.0,0.0,-8.394758224487305,-8.260238647460938,-0.1345195770263672,0.1345195770263672,-8.394758224487305,-8.260238647460938,-0.1345195770263672,0.1345195770263672,-0.0777728855609893,-0.0776605829596519,-0.0001123026013374,0.0001123026013374,107.93939971923828,106.36333465576172
qwen25_14b,28,valenced_nonopposite::utilitarian::001,valenced_nonopposite,utilitarian,valenced,nonopposite,Beneficial,Unprofitable,preference_control,0.0,0.0,-8.152185440063477,-7.351091384887695,-0.8010940551757812,0.8010940551757812,-8.152185440063477,-7.351091384887695,-0.8010940551757812,0.8010940551757812,-0.0764970034360885,-0.06907819211483,-0.0074188113212585,0.0074188113212585,106.56868743896484,106.41696166992188
qwen25_14b,28,valenced_nonopposite::utilitarian::002,valenced_nonopposite,utilitarian,valenced,nonopposite,Gain,Unsuccessful,preference_control,0.0,0.0,-6.892614364624023,-6.854061126708984,-0.038553237915039,0.038553237915039,-6.892614364624023,-6.854061126708984,-0.038553237915039,0.038553237915039,-0.0629782304167747,-0.0635836347937583,0.0006054043769836,0.0006054043769836,109.44439697265624,107.7959976196289
qwen25_14b,28,valenced_nonopposite::utilitarian::003,valenced_nonopposite,utilitarian,valenced,nonopposite,Advantage,Short-lived,preference_control,0.0,0.0,-3.4634737968444824,-4.746018409729004,1.2825446128845217,1.2825446128845217,-3.4634737968444824,-4.746018409729004,1.2825446128845217,1.2825446128845217,-0.0326249301433563,-0.04507677257061,0.0124518424272537,0.0124518424272537,106.16034698486328,105.2874526977539
qwen25_14b,28,valenced_nonopposite::utilitarian::004,valenced_nonopposite,utilitarian,valenced,nonopposite,Feasible,Dangerous,preference_control,0.0,0.0,-10.109649658203123,-9.110422134399414,-0.9992275238037108,0.9992275238037108,-10.109649658203123,-9.110422134399414,-0.9992275238037108,0.9992275238037108,-0.094057060778141,-0.0861060321331024,-0.0079510286450386,0.0079510286450386,107.48422241210938,105.8046875
qwen25_14b,28,valenced_nonopposite::utilitarian::005,valenced_nonopposite,utilitarian,valenced,nonopposite,Efficient,Unstable,preference_control,0.0,0.0,-11.001047134399414,-7.578560829162598,-3.4224863052368164,3.4224863052368164,-11.001047134399414,-7.578560829162598,-3.4224863052368164,3.4224863052368164,-0.1008063629269599,-0.0703283473849296,-0.0304780155420303,0.0304780155420303,109.13048553466795,107.75968933105467
qwen25_14b,28,valenced_nonopposite::utilitarian::006,valenced_nonopposite,utilitarian,valenced,nonopposite,Saving,Impractical,preference_control,0.0,0.0,-5.499923706054688,-7.554760932922363,2.054837226867676,2.054837226867676,-5.499923706054688,-7.554760932922363,2.054837226867676,2.054837226867676,-0.051166046410799,-0.0717670619487762,0.0206010155379772,0.0206010155379772,107.49166870117188,105.26780700683594
qwen25_14b,28,valenced_nonopposite::utilitarian::007,valenced_nonopposite,utilitarian,valenced,nonopposite,Convenient,Wasteful,preference_control,0.0,0.0,-4.46011209487915,-8.589876174926758,4.129764080047607,4.129764080047607,-4.46011209487915,-8.589876174926758,4.129764080047607,4.129764080047607,-0.0420515015721321,-0.0797183886170387,0.0376668870449066,0.0376668870449066,106.0630874633789,107.75276184082033
qwen25_14b,28,valenced_nonopposite::utilitarian::008,valenced_nonopposite,utilitarian,valenced,nonopposite,Profitable,Inferior,preference_control,0.0,0.0,-8.58486270904541,-10.576234817504885,1.9913721084594729,1.9913721084594729,-8.58486270904541,-10.576234817504885,1.9913721084594729,1.9913721084594729,-0.0791632533073425,-0.0989089459180831,0.0197456926107406,0.0197456926107406,108.4450454711914,106.9290008544922
qwen25_14b,28,valenced_nonopposite::utilitarian::009,valenced_nonopposite,utilitarian,valenced,nonopposite,Successful,Declining,preference_control,0.0,0.0,-7.358493328094482,-7.81002140045166,0.4515280723571777,0.4515280723571777,-7.358493328094482,-7.81002140045166,0.4515280723571777,0.4515280723571777,-0.068109281361103,-0.0724613070487976,0.0043520256876945,0.0043520256876945,108.03951263427734,107.7819595336914
qwen25_14b,28,valenced_nonopposite::utilitarian::010,valenced_nonopposite,utilitarian,valenced,nonopposite,Durable,Depressed,preference_control,0.0,0.0,-6.057779312133789,-9.29319190979004,3.23541259765625,3.23541259765625,-6.057779312133789,-9.29319190979004,3.23541259765625,3.23541259765625,-0.0556648187339305,-0.0870602130889892,0.0313953943550586,0.0313953943550586,108.82599639892578,106.74441528320312
qwen25_14b,28,valenced_nonopposite::utilitarian::011,valenced_nonopposite,utilitarian,valenced,nonopposite,Safe,Unhealthy,preference_control,0.0,0.0,-13.288211822509766,-9.835498809814451,-3.4527130126953125,3.4527130126953125,-13.288211822509766,-9.835498809814451,-3.4527130126953125,3.4527130126953125,-0.1223114356398582,-0.0904928520321846,-0.0318185836076736,0.0318185836076736,108.6424331665039,108.68812561035156
qwen25_14b,28,valenced_nonopposite::utilitarian::012,valenced_nonopposite,utilitarian,valenced,nonopposite,Stable,Deteriorating,preference_control,0.0,0.0,-8.950401306152344,-8.872003555297852,-0.0783977508544921,0.0783977508544921,-8.950401306152344,-8.872003555297852,-0.0783977508544921,0.0783977508544921,-0.0836816132068634,-0.0821142271161079,-0.0015673860907554,0.0015673860907554,106.95780181884766,108.04466247558594
qwen25_14b,28,valenced_nonopposite::utilitarian::013,valenced_nonopposite,utilitarian,valenced,nonopposite,Practical,Ineffective,preference_control,0.0,0.0,-9.051259994506836,-7.482458114624023,-1.5688018798828125,1.5688018798828125,-9.051259994506836,-7.482458114624023,-1.5688018798828125,1.5688018798828125,-0.084505558013916,-0.0704406574368476,-0.0140649005770683,0.0140649005770683,107.10845947265624,106.22357177734376
qwen25_14b,28,valenced_nonopposite::utilitarian::014,valenced_nonopposite,utilitarian,valenced,nonopposite,Thrifty,Harmful,preference_control,0.0,0.0,-5.9984636306762695,-10.314051628112791,4.315587997436523,4.315587997436523,-5.9984636306762695,-10.314051628112791,4.315587997436523,4.315587997436523,-0.0563216544687747,-0.0965855047106742,0.0402638502418994,0.0402638502418994,106.5036849975586,106.7867431640625
qwen25_14b,28,valenced_nonopposite::utilitarian::015,valenced_nonopposite,utilitarian,valenced,nonopposite,Optimized,Loss,preference_control,0.0,0.0,-4.732651710510254,-5.1385602951049805,0.4059085845947265,0.4059085845947265,-4.732651710510254,-5.1385602951049805,0.4059085845947265,0.4059085845947265,-0.0433034524321556,-0.0471264757215976,0.003823023289442,0.003823023289442,109.29039764404295,109.03765106201172
qwen25_14b,28,valenced_nonopposite::utilitarian::016,valenced_nonopposite,utilitarian,valenced,nonopposite,Growing,Disadvantage,preference_control,0.0,0.0,-3.691627979278565,-5.746090888977051,2.0544629096984863,2.0544629096984863,-3.691627979278565,-5.746090888977051,2.0544629096984863,2.0544629096984863,-0.034952312707901,-0.0537532083690166,0.0188008956611156,0.0188008956611156,105.61898803710938,106.89763641357422
qwen25_14b,28,valenced_nonopposite::utilitarian::017,valenced_nonopposite,utilitarian,valenced,nonopposite,Prosperous,Infeasible,preference_control,0.0,0.0,-8.309126853942871,-9.46469497680664,1.1555681228637695,1.1555681228637695,-8.309126853942871,-9.46469497680664,1.1555681228637695,1.1555681228637695,-0.0777817815542221,-0.0875075757503509,0.0097257941961288,0.0097257941961288,106.82613372802734,108.15857696533205
qwen25_14b,28,valenced_nonopposite::utilitarian::018,valenced_nonopposite,utilitarian,valenced,nonopposite,Healthy,Inefficient,preference_control,0.0,0.0,-12.676542282104492,-9.664648056030272,-3.0118942260742188,3.0118942260742188,-12.676542282104492,-9.664648056030272,-3.0118942260742188,3.0118942260742188,-0.1150452569127082,-0.089542880654335,-0.0255023762583732,0.0255023762583732,110.18743896484376,107.93318176269533
qwen25_14b,28,valenced_nonopposite::utilitarian::019,valenced_nonopposite,utilitarian,valenced,nonopposite,Improving,Wasteful,preference_control,0.0,0.0,-6.730670928955078,-9.68655014038086,2.955879211425781,2.955879211425781,-6.730670928955078,-9.68655014038086,2.955879211425781,2.955879211425781,-0.0625874325633049,-0.0900948271155357,0.0275073945522308,0.0275073945522308,107.54029846191406,107.51505279541016
qwen25_14b,28,valenced_opposite::affective::000,valenced_opposite,affective,valenced,opposite,Positive,Negative,preference_control,0.0,0.0,-13.783084869384766,-15.182559967041016,1.39947509765625,1.39947509765625,-13.783084869384766,-15.182559967041016,1.39947509765625,1.39947509765625,-0.1237605512142181,-0.1343476921319961,0.010587140917778,0.010587140917778,111.36896514892578,113.00945281982422
qwen25_14b,28,valenced_opposite::affective::001,valenced_opposite,affective,valenced,opposite,Like,Dislike,preference_control,0.0,0.0,-11.399075508117676,-12.471704483032228,1.0726289749145508,1.0726289749145508,-11.399075508117676,-12.471704483032228,1.0726289749145508,1.0726289749145508,-0.1056554093956947,-0.1157810688018798,0.0101256594061851,0.0101256594061851,107.8891830444336,107.7179946899414
qwen25_14b,28,valenced_opposite::affective::002,valenced_opposite,affective,valenced,opposite,Optimistic,Pessimistic,preference_control,0.0,0.0,-3.959770917892456,-9.89055347442627,5.9307825565338135,5.9307825565338135,-3.959770917892456,-9.89055347442627,5.9307825565338135,5.9307825565338135,-0.0373220108449459,-0.0933611541986465,0.0560391433537006,0.0560391433537006,106.09746551513672,105.93863677978516
qwen25_14b,28,valenced_opposite::affective::003,valenced_opposite,affective,valenced,opposite,Support,Oppose,preference_control,0.0,0.0,-11.094877243041992,-11.805753707885742,0.71087646484375,0.71087646484375,-11.094877243041992,-11.805753707885742,0.71087646484375,0.71087646484375,-0.1029208749532699,-0.1092922911047935,0.0063714161515235,0.0063714161515235,107.80006408691406,108.02000427246094
qwen25_14b,28,valenced_opposite::affective::004,valenced_opposite,affective,valenced,opposite,Favorable,Unfavorable,preference_control,0.0,0.0,-9.769481658935549,-9.803232192993164,0.0337505340576171,0.0337505340576171,-9.769481658935549,-9.803232192993164,0.0337505340576171,0.0337505340576171,-0.0908291265368461,-0.0907457172870636,-8.340924978256226e-05,8.340924978256226e-05,107.55890655517578,108.02969360351562
qwen25_14b,28,valenced_opposite::affective::005,valenced_opposite,affective,valenced,opposite,Excited,Bored,preference_control,0.0,0.0,-8.215959548950195,-9.028164863586426,0.8122053146362305,0.8122053146362305,-8.215959548950195,-9.028164863586426,0.8122053146362305,0.8122053146362305,-0.0757286101579666,-0.0840574726462364,0.0083288624882698,0.0083288624882698,108.49214935302734,107.40467071533205
qwen25_14b,28,valenced_opposite::affective::006,valenced_opposite,affective,valenced,opposite,Satisfied,Disappointed,preference_control,0.0,0.0,-11.31418800354004,-11.04336929321289,-0.2708187103271484,0.2708187103271484,-11.31418800354004,-11.04336929321289,-0.2708187103271484,0.2708187103271484,-0.105052649974823,-0.102597177028656,-0.0024554729461669,0.0024554729461669,107.70016479492188,107.6381378173828
qwen25_14b,28,valenced_opposite::affective::007,valenced_opposite,affective,valenced,opposite,Enthusiastic,Apathetic,preference_control,0.0,0.0,-8.350435256958008,-8.454269409179688,0.1038341522216796,0.1038341522216796,-8.350435256958008,-8.454269409179688,0.1038341522216796,0.1038341522216796,-0.0791933834552764,-0.081042431294918,0.0018490478396415,0.0018490478396415,105.44359588623048,104.3190460205078
qwen25_14b,28,valenced_opposite::affective::008,valenced_opposite,affective,valenced,opposite,Happy,Sad,preference_control,0.0,0.0,-11.386388778686523,-13.40371322631836,2.017324447631836,2.017324447631836,-11.386388778686523,-13.40371322631836,2.017324447631836,2.017324447631836,-0.1036317199468612,-0.1197750121355056,0.0161432921886444,0.0161432921886444,109.87358856201172,111.9074249267578
qwen25_14b,28,valenced_opposite::affective::009,valenced_opposite,affective,valenced,opposite,Content,Discontent,preference_control,0.0,0.0,-5.810856819152832,-7.814408302307129,2.003551483154297,2.003551483154297,-5.810856819152832,-7.814408302307129,2.003551483154297,2.003551483154297,-0.0544810816645622,-0.0734665542840957,0.0189854726195335,0.0189854726195335,106.6582489013672,106.36688232421876
qwen25_14b,28,valenced_opposite::affective::010,valenced_opposite,affective,valenced,opposite,Love,Hate,preference_control,0.0,0.0,-8.80725383758545,-11.430962562561035,2.623708724975586,2.623708724975586,-8.80725383758545,-11.430962562561035,2.623708724975586,2.623708724975586,-0.0824305936694145,-0.1067311540246009,0.0243005603551864,0.0243005603551864,106.84447479248048,107.10052490234376
qwen25_14b,28,valenced_opposite::affective::011,valenced_opposite,affective,valenced,opposite,Grateful,Resentful,preference_control,0.0,0.0,-6.788329601287842,-9.83492660522461,3.046597003936768,3.046597003936768,-6.788329601287842,-9.83492660522461,3.046597003936768,3.046597003936768,-0.064045749604702,-0.0913366749882698,0.0272909253835678,0.0272909253835678,105.99188232421876,107.677734375
qwen25_14b,28,valenced_opposite::affective::012,valenced_opposite,affective,valenced,opposite,Trusting,Suspicious,preference_control,0.0,0.0,-7.100414752960205,-6.786113739013672,-0.3143010139465332,0.3143010139465332,-7.100414752960205,-6.786113739013672,-0.3143010139465332,0.3143010139465332,-0.0673198997974395,-0.0641577169299125,-0.003162182867527,0.003162182867527,105.47274780273438,105.77236938476562
qwen25_14b,28,valenced_opposite::affective::013,valenced_opposite,affective,valenced,opposite,Confident,Insecure,preference_control,0.0,0.0,-7.807209014892578,-9.998964309692385,2.1917552947998047,2.1917552947998047,-7.807209014892578,-9.998964309692385,2.1917552947998047,2.1917552947998047,-0.0734452158212661,-0.0932252779603004,0.0197800621390342,0.0197800621390342,106.29976654052734,107.25593566894533
qwen25_14b,28,valenced_opposite::affective::014,valenced_opposite,affective,valenced,opposite,Assured,Uneasy,preference_control,0.0,0.0,-8.10383415222168,-4.963556289672852,-3.140277862548828,3.140277862548828,-8.10383415222168,-4.963556289672852,-3.140277862548828,3.140277862548828,-0.0758626833558082,-0.0469179265201091,-0.028944756835699,0.028944756835699,106.82240295410156,105.79232025146484
qwen25_14b,28,valenced_opposite::affective::015,valenced_opposite,affective,valenced,opposite,Moved,Indifferent,preference_control,0.0,0.0,-5.46723747253418,-9.849346160888672,4.382108688354492,4.382108688354492,-5.46723747253418,-9.849346160888672,4.382108688354492,4.382108688354492,-0.0497979968786239,-0.0926924049854278,0.0428944081068038,0.0428944081068038,109.78829956054688,106.25839233398438
qwen25_14b,28,valenced_opposite::affective::016,valenced_opposite,affective,valenced,opposite,Relaxed,Tense,preference_control,0.0,0.0,-9.533539772033691,-10.191253662109377,0.6577138900756836,0.6577138900756836,-9.533539772033691,-10.191253662109377,0.6577138900756836,0.6577138900756836,-0.0901449024677276,-0.0956059992313385,0.0054610967636108,0.0054610967636108,105.75794982910156,106.59638214111328
qwen25_14b,28,valenced_opposite::affective::017,valenced_opposite,affective,valenced,opposite,Expectant,Weary,preference_control,0.0,0.0,-4.351458549499512,-5.764176368713379,1.4127178192138672,1.4127178192138672,-4.351458549499512,-5.764176368713379,1.4127178192138672,1.4127178192138672,-0.0403511561453342,-0.0536042265594005,0.0132530704140663,0.0132530704140663,107.8397445678711,107.5321273803711
qwen25_14b,28,valenced_opposite::affective::018,valenced_opposite,affective,valenced,opposite,Joyful,Angry,preference_control,0.0,0.0,-9.736615180969238,-13.157350540161133,3.4207353591918945,3.4207353591918945,-9.736615180969238,-13.157350540161133,3.4207353591918945,3.4207353591918945,-0.0893598198890686,-0.1200864985585212,0.0307266786694526,0.0307266786694526,108.95965576171876,109.56561279296876
qwen25_14b,28,valenced_opposite::affective::019,valenced_opposite,affective,valenced,opposite,Hopeful,Despairing,preference_control,0.0,0.0,-6.871849060058594,-10.43073844909668,3.558889389038086,3.558889389038086,-6.871849060058594,-10.43073844909668,3.558889389038086,3.558889389038086,-0.0645386278629303,-0.0975983962416648,0.0330597683787345,0.0330597683787345,106.47652435302734,106.87407684326172
qwen25_14b,28,valenced_opposite::deontic::000,valenced_opposite,deontic,valenced,opposite,Moral,Immoral,preference_control,0.0,0.0,-10.672228813171388,-13.01393985748291,2.3417110443115234,2.3417110443115234,-10.672228813171388,-13.01393985748291,2.3417110443115234,2.3417110443115234,-0.0986651331186294,-0.1200770512223243,0.0214119181036949,0.0214119181036949,108.1661605834961,108.3799057006836
qwen25_14b,28,valenced_opposite::deontic::001,valenced_opposite,deontic,valenced,opposite,Fair,Unfair,preference_control,0.0,0.0,-11.196677207946776,-7.919955253601074,-3.276721954345703,3.276721954345703,-11.196677207946776,-7.919955253601074,-3.276721954345703,3.276721954345703,-0.1035245731472969,-0.0731792747974395,-0.0303452983498573,0.0303452983498573,108.15477752685548,108.22675323486328
qwen25_14b,28,valenced_opposite::deontic::002,valenced_opposite,deontic,valenced,opposite,Good,Evil,preference_control,0.0,0.0,-10.99711799621582,-12.811586380004885,1.8144683837890625,1.8144683837890625,-10.99711799621582,-12.811586380004885,1.8144683837890625,1.8144683837890625,-0.1006727293133735,-0.1190914884209632,0.0184187591075897,0.0184187591075897,109.23631286621094,107.5776824951172
qwen25_14b,28,valenced_opposite::deontic::003,valenced_opposite,deontic,valenced,opposite,Legal,Illegal,preference_control,0.0,0.0,-12.012189865112305,-11.73765754699707,-0.2745323181152344,0.2745323181152344,-12.012189865112305,-11.73765754699707,-0.2745323181152344,0.2745323181152344,-0.1101129874587059,-0.1085548102855682,-0.0015581771731376,0.0015581771731376,109.08967590332033,108.12655639648438
qwen25_14b,28,valenced_opposite::deontic::004,valenced_opposite,deontic,valenced,opposite,Reasonable,Unreasonable,preference_control,0.0,0.0,-11.77573585510254,-11.658641815185549,-0.1170940399169921,0.1170940399169921,-11.77573585510254,-11.658641815185549,-0.1170940399169921,0.1170940399169921,-0.1094005554914474,-0.1079065725207328,-0.0014939829707145,0.0014939829707145,107.6387176513672,108.04385375976562
qwen25_14b,28,valenced_opposite::deontic::005,valenced_opposite,deontic,valenced,opposite,Honest,Deceptive,preference_control,0.0,0.0,-10.975560188293455,-11.651416778564451,0.6758565902709961,0.6758565902709961,-10.975560188293455,-11.651416778564451,0.6758565902709961,0.6758565902709961,-0.1031764969229698,-0.1089922338724136,0.0058157369494438,0.0058157369494438,106.37655639648438,106.90135192871094
qwen25_14b,28,valenced_opposite::deontic::006,valenced_opposite,deontic,valenced,opposite,Righteous,Wicked,preference_control,0.0,0.0,-10.690020561218262,-10.371809005737305,-0.318211555480957,0.318211555480957,-10.690020561218262,-10.371809005737305,-0.318211555480957,0.318211555480957,-0.0983949452638626,-0.0967764779925346,-0.0016184672713279,0.0016184672713279,108.64400482177734,107.1728286743164
qwen25_14b,28,valenced_opposite::deontic::007,valenced_opposite,deontic,valenced,opposite,Responsible,Irresponsible,preference_control,0.0,0.0,-8.675264358520508,-9.804424285888672,1.129159927368164,1.129159927368164,-8.675264358520508,-9.804424285888672,1.129159927368164,1.129159927368164,-0.0803344845771789,-0.0914669558405876,0.0111324712634086,0.0111324712634086,107.98929595947266,107.19088745117188
qwen25_14b,28,valenced_opposite::deontic::008,valenced_opposite,deontic,valenced,opposite,Loyal,Treacherous,preference_control,0.0,0.0,-11.334868431091309,-11.351802825927734,0.0169343948364257,0.0169343948364257,-11.334868431091309,-11.351802825927734,0.0169343948364257,0.0169343948364257,-0.1043910160660743,-0.1046716049313545,0.0002805888652801,0.0002805888652801,108.58087921142578,108.45159912109376
qwen25_14b,28,valenced_opposite::deontic::009,valenced_opposite,deontic,valenced,opposite,Respectful,Insulting,preference_control,0.0,0.0,-10.33371925354004,-11.424112319946287,1.09039306640625,1.09039306640625,-10.33371925354004,-11.424112319946287,1.09039306640625,1.09039306640625,-0.0999286621809005,-0.1082502529025077,0.0083215907216072,0.0083215907216072,103.41096496582033,105.5342788696289
qwen25_14b,28,valenced_opposite::deontic::010,valenced_opposite,deontic,valenced,opposite,Kind,Cruel,preference_control,0.0,0.0,-7.750240802764893,-13.406688690185549,5.656447887420654,5.656447887420654,-7.750240802764893,-13.406688690185549,5.656447887420654,5.656447887420654,-0.0724335014820098,-0.1241284161806106,0.0516949146986007,0.0516949146986007,106.99801635742188,108.00660705566406
qwen25_14b,28,valenced_opposite::deontic::011,valenced_opposite,deontic,valenced,opposite,Trustworthy,Untrustworthy,preference_control,0.0,0.0,-12.076053619384766,-12.015448570251465,-0.0606050491333007,0.0606050491333007,-12.076053619384766,-12.015448570251465,-0.0606050491333007,0.0606050491333007,-0.1113951653242111,-0.111193299293518,-0.000201866030693,0.000201866030693,108.40734100341795,108.0591049194336
qwen25_14b,28,valenced_opposite::deontic::012,valenced_opposite,deontic,valenced,opposite,Upright,Dishonorable,preference_control,0.0,0.0,-9.336289405822754,-10.59427261352539,1.2579832077026367,1.2579832077026367,-9.336289405822754,-10.59427261352539,1.2579832077026367,1.2579832077026367,-0.0868632569909095,-0.0985613539814949,0.0116980969905853,0.0116980969905853,107.48260498046876,107.4891128540039
qwen25_14b,28,valenced_opposite::deontic::013,valenced_opposite,deontic,valenced,opposite,Honorable,Shameful,preference_control,0.0,0.0,-12.764137268066406,-12.832263946533203,0.0681266784667968,0.0681266784667968,-12.764137268066406,-12.832263946533203,0.0681266784667968,0.0681266784667968,-0.1187775880098342,-0.120658166706562,0.0018805786967277,0.0018805786967277,107.46250915527344,106.35221862792967
qwen25_14b,28,valenced_opposite::deontic::014,valenced_opposite,deontic,valenced,opposite,Disciplined,Indulgent,preference_control,0.0,0.0,-6.298306465148926,-8.116914749145508,1.818608283996582,1.818608283996582,-6.298306465148926,-8.116914749145508,1.818608283996582,1.818608283996582,-0.0580108687281608,-0.0756930336356163,0.0176821649074554,0.0176821649074554,108.5711441040039,107.23463439941406
qwen25_14b,28,valenced_opposite::deontic::015,valenced_opposite,deontic,valenced,opposite,Sincere,Insincere,preference_control,0.0,0.0,-12.867765426635742,-14.284814834594728,1.4170494079589844,1.4170494079589844,-12.867765426635742,-14.284814834594728,1.4170494079589844,1.4170494079589844,-0.1179141700267791,-0.1284999400377273,0.0105857700109481,0.0105857700109481,109.12823486328124,111.16592407226562
qwen25_14b,28,valenced_opposite::deontic::016,valenced_opposite,deontic,valenced,opposite,Well-intentioned,Malicious,preference_control,0.0,0.0,-10.798528671264648,-13.633893966674805,2.835365295410156,2.835365295410156,-10.798528671264648,-13.633893966674805,2.835365295410156,2.835365295410156,-0.1005847379565239,-0.1275672167539596,0.0269824787974357,0.0269824787974357,107.35752868652344,106.87615203857422
qwen25_14b,28,valenced_opposite::deontic::017,valenced_opposite,deontic,valenced,opposite,Tolerant,Harsh,preference_control,0.0,0.0,-8.958370208740234,-13.390756607055664,4.43238639831543,4.43238639831543,-8.958370208740234,-13.390756607055664,4.43238639831543,4.43238639831543,-0.0845699310302734,-0.1269081532955169,0.0423382222652435,0.0423382222652435,105.92855072021484,105.5153350830078
qwen25_14b,28,valenced_opposite::deontic::018,valenced_opposite,deontic,valenced,opposite,Public-minded,Self-serving,preference_control,0.0,0.0,-3.720914602279663,-7.996814727783203,4.27590012550354,4.27590012550354,-3.720914602279663,-7.996814727783203,4.27590012550354,4.27590012550354,-0.0353700518608093,-0.0757147967815399,0.0403447449207305,0.0403447449207305,105.1995849609375,105.61759948730467
qwen25_14b,28,valenced_opposite::deontic::019,valenced_opposite,deontic,valenced,opposite,Impartial,Biased,preference_control,0.0,0.0,-10.228797912597656,-10.678454399108888,0.4496564865112304,0.4496564865112304,-10.228797912597656,-10.678454399108888,0.4496564865112304,0.4496564865112304,-0.094752550125122,-0.0983062461018562,0.0035536959767341,0.0035536959767341,107.95274353027344,108.62437438964844
qwen25_14b,28,valenced_opposite::epistemic::000,valenced_opposite,epistemic,valenced,opposite,Correct,Incorrect,preference_control,0.0,0.0,-15.525436401367188,-12.278221130371094,-3.2472152709960938,3.2472152709960938,-15.525436401367188,-12.278221130371094,-3.2472152709960938,3.2472152709960938,-0.1401129066944122,-0.1125382184982299,-0.0275746881961822,0.0275746881961822,110.80661010742188,109.10267639160156
qwen25_14b,28,valenced_opposite::epistemic::001,valenced_opposite,epistemic,valenced,opposite,True,False,preference_control,0.0,0.0,-14.832634925842283,-15.225051879882812,0.3924169540405273,0.3924169540405273,-14.832634925842283,-15.225051879882812,0.3924169540405273,0.3924169540405273,-0.1352425217628479,-0.1385401636362075,0.0032976418733596,0.0032976418733596,109.67434692382812,109.89630889892578
qwen25_14b,28,valenced_opposite::epistemic::002,valenced_opposite,epistemic,valenced,opposite,Logical,Illogical,preference_control,0.0,0.0,-11.491357803344728,-13.408973693847656,1.9176158905029297,1.9176158905029297,-11.491357803344728,-13.408973693847656,1.9176158905029297,1.9176158905029297,-0.106049008667469,-0.1233439669013023,0.0172949582338333,0.0172949582338333,108.35894012451172,108.7120361328125
qwen25_14b,28,valenced_opposite::epistemic::003,valenced_opposite,epistemic,valenced,opposite,Certain,Uncertain,preference_control,0.0,0.0,-13.122736930847168,-8.914841651916504,-4.207895278930664,4.207895278930664,-13.122736930847168,-8.914841651916504,-4.207895278930664,4.207895278930664,-0.121986873447895,-0.084043487906456,-0.037943385541439,0.037943385541439,107.57498931884766,106.07415008544922
qwen25_14b,28,valenced_opposite::epistemic::004,valenced_opposite,epistemic,valenced,opposite,Valid,Invalid,preference_control,0.0,0.0,-11.957258224487305,-9.64862060546875,-2.3086376190185547,2.3086376190185547,-11.957258224487305,-9.64862060546875,-2.3086376190185547,2.3086376190185547,-0.1091267764568328,-0.088430568575859,-0.0206962078809738,0.0206962078809738,109.57217407226562,109.10955810546876
qwen25_14b,28,valenced_opposite::epistemic::005,valenced_opposite,epistemic,valenced,opposite,Accurate,Inaccurate,preference_control,0.0,0.0,-14.481575012207031,-12.198982238769531,-2.2825927734375,2.2825927734375,-14.481575012207031,-12.198982238769531,-2.2825927734375,2.2825927734375,-0.1337879300117492,-0.1132044121623039,-0.0205835178494453,0.0205835178494453,108.24276733398438,107.76065826416016
qwen25_14b,28,valenced_opposite::epistemic::006,valenced_opposite,epistemic,valenced,opposite,Reliable,Unreliable,preference_control,0.0,0.0,-10.69552516937256,-9.723225593566896,-0.972299575805664,0.972299575805664,-10.69552516937256,-9.723225593566896,-0.972299575805664,0.972299575805664,-0.100365400314331,-0.0911672413349151,-0.0091981589794158,0.0091981589794158,106.56585693359376,106.65262603759766
qwen25_14b,28,valenced_opposite::epistemic::007,valenced_opposite,epistemic,valenced,opposite,Authentic,Counterfeit,preference_control,0.0,0.0,-10.109750747680664,-11.090152740478516,0.9804019927978516,0.9804019927978516,-10.109750747680664,-11.090152740478516,0.9804019927978516,0.9804019927978516,-0.0946765840053558,-0.1022548750042915,0.0075782909989356,0.0075782909989356,106.78195190429688,108.45597839355467
qwen25_14b,28,valenced_opposite::epistemic::008,valenced_opposite,epistemic,valenced,opposite,Sensible,Nonsensical,preference_control,0.0,0.0,-13.122244834899902,-4.952785491943359,-8.169459342956543,8.169459342956543,-13.122244834899902,-4.952785491943359,-8.169459342956543,8.169459342956543,-0.1192099750041961,-0.0446483716368675,-0.0745616033673286,0.0745616033673286,110.07673645019533,110.9286880493164
qwen25_14b,28,valenced_opposite::epistemic::009,valenced_opposite,epistemic,valenced,opposite,Objective,Biased,preference_control,0.0,0.0,-8.338066101074219,-10.514896392822266,2.176830291748047,2.176830291748047,-8.338066101074219,-10.514896392822266,2.176830291748047,2.176830291748047,-0.0757301151752471,-0.0968227609992027,0.0210926458239555,0.0210926458239555,110.10238647460938,108.59942626953124
qwen25_14b,28,valenced_opposite::epistemic::010,valenced_opposite,epistemic,valenced,opposite,Clear,Vague,preference_control,0.0,0.0,-8.652185440063477,-11.243964195251465,2.5917787551879883,2.5917787551879883,-8.652185440063477,-11.243964195251465,2.5917787551879883,2.5917787551879883,-0.0802867636084556,-0.1048516556620597,0.0245648920536041,0.0245648920536041,107.76602172851562,107.23687744140624
qwen25_14b,28,valenced_opposite::epistemic::011,valenced_opposite,epistemic,valenced,opposite,Rigorous,Careless,preference_control,0.0,0.0,-4.832405090332031,-7.575044631958008,2.742639541625977,2.742639541625977,-4.832405090332031,-7.575044631958008,2.742639541625977,2.742639541625977,-0.0450587719678878,-0.0728536695241928,0.0277948975563049,0.0277948975563049,107.24671173095705,103.97615814208984
qwen25_14b,28,valenced_opposite::epistemic::012,valenced_opposite,epistemic,valenced,opposite,Scientific,Unscientific,preference_control,0.0,0.0,-10.221548080444336,-10.696748733520508,0.4752006530761719,0.4752006530761719,-10.221548080444336,-10.696748733520508,0.4752006530761719,0.4752006530761719,-0.0947431474924087,-0.0996478870511055,0.0049047395586967,0.0049047395586967,107.8869400024414,107.34546661376952
qwen25_14b,28,valenced_opposite::epistemic::013,valenced_opposite,epistemic,valenced,opposite,Consistent,Contradictory,preference_control,0.0,0.0,-12.75066375732422,-12.170194625854492,-0.5804691314697266,0.5804691314697266,-12.75066375732422,-12.170194625854492,-0.5804691314697266,0.5804691314697266,-0.1153596490621566,-0.1113983988761901,-0.0039612501859664,0.0039612501859664,110.52967071533205,109.24927520751952
qwen25_14b,28,valenced_opposite::epistemic::014,valenced_opposite,epistemic,valenced,opposite,Verifiable,Unverifiable,preference_control,0.0,0.0,-13.045900344848633,-9.920900344848633,-3.125,3.125,-13.045900344848633,-9.920900344848633,-3.125,3.125,-0.1194853633642196,-0.0902382656931877,-0.0292470976710319,0.0292470976710319,109.18408966064452,109.94116973876952
qwen25_14b,28,valenced_opposite::epistemic::015,valenced_opposite,epistemic,valenced,opposite,Predictable,Unpredictable,preference_control,0.0,0.0,-9.185714721679688,-4.564955711364746,-4.620759010314941,4.620759010314941,-9.185714721679688,-4.564955711364746,-4.620759010314941,4.620759010314941,-0.084910899400711,-0.0425066202878952,-0.0424042791128158,0.0424042791128158,108.18063354492188,107.3939971923828
qwen25_14b,28,valenced_opposite::epistemic::016,valenced_opposite,epistemic,valenced,opposite,Lucid,Ambiguous,preference_control,0.0,0.0,-12.62286376953125,-9.351459503173828,-3.271404266357422,3.271404266357422,-12.62286376953125,-9.351459503173828,-3.271404266357422,3.271404266357422,-0.1143607497215271,-0.0855211988091468,-0.0288395509123802,0.0288395509123802,110.3775863647461,109.3466796875
qwen25_14b,28,valenced_opposite::epistemic::017,valenced_opposite,epistemic,valenced,opposite,Real,Fake,preference_control,0.0,0.0,-14.626033782958984,-13.413177490234377,-1.2128562927246094,1.2128562927246094,-14.626033782958984,-13.413177490234377,-1.2128562927246094,1.2128562927246094,-0.1342338472604751,-0.1238121092319488,-0.0104217380285263,0.0104217380285263,108.95935821533205,108.3349380493164
qwen25_14b,28,valenced_opposite::epistemic::018,valenced_opposite,epistemic,valenced,opposite,Inevitable,Accidental,preference_control,0.0,0.0,-8.394552230834961,-6.478585720062256,-1.915966510772705,1.915966510772705,-8.394552230834961,-6.478585720062256,-1.915966510772705,1.915966510772705,-0.0783035606145858,-0.0606549642980098,-0.017648596316576,0.017648596316576,107.20523834228516,106.81047821044922
qwen25_14b,28,valenced_opposite::epistemic::019,valenced_opposite,epistemic,valenced,opposite,Sound reasoning,Fallacious reasoning,preference_control,0.0,0.0,-9.696922302246094,-11.668815612792969,1.971893310546875,1.971893310546875,-9.696922302246094,-11.668815612792969,1.971893310546875,1.971893310546875,-0.090306706726551,-0.1079906076192855,0.0176839008927345,0.0176839008927345,107.37765502929688,108.05398559570312
qwen25_14b,28,valenced_opposite::utilitarian::000,valenced_opposite,utilitarian,valenced,opposite,Effective,Ineffective,preference_control,0.0,0.0,-10.303953170776367,-8.753149032592773,-1.5508041381835938,1.5508041381835938,-10.303953170776367,-8.753149032592773,-1.5508041381835938,1.5508041381835938,-0.0960477590560913,-0.082760103046894,-0.0132876560091972,0.0132876560091972,107.27947235107422,105.76532745361328
qwen25_14b,28,valenced_opposite::utilitarian::001,valenced_opposite,utilitarian,valenced,opposite,Beneficial,Harmful,preference_control,0.0,0.0,-10.44135284423828,-10.671143531799316,0.2297906875610351,0.2297906875610351,-10.44135284423828,-10.671143531799316,0.2297906875610351,0.2297906875610351,-0.0978703796863555,-0.0997578576207161,0.0018874779343605,0.0018874779343605,106.6855239868164,106.970458984375
qwen25_14b,28,valenced_opposite::utilitarian::002,valenced_opposite,utilitarian,valenced,opposite,Gain,Loss,preference_control,0.0,0.0,-5.483162879943848,-4.799833297729492,-0.6833295822143555,0.6833295822143555,-5.483162879943848,-4.799833297729492,-0.6833295822143555,0.6833295822143555,-0.050441674888134,-0.0442468225955963,-0.0061948522925376,0.0061948522925376,108.7030258178711,108.47859954833984
qwen25_14b,28,valenced_opposite::utilitarian::003,valenced_opposite,utilitarian,valenced,opposite,Advantage,Disadvantage,preference_control,0.0,0.0,-6.499026298522949,-7.777463436126709,1.2784371376037598,1.2784371376037598,-6.499026298522949,-7.777463436126709,1.2784371376037598,1.2784371376037598,-0.0619529113173484,-0.0733002200722694,0.0113473087549209,0.0113473087549209,104.90267944335938,106.10423278808594
qwen25_14b,28,valenced_opposite::utilitarian::004,valenced_opposite,utilitarian,valenced,opposite,Feasible,Infeasible,preference_control,0.0,0.0,-11.757625579833984,-10.772625923156738,-0.984999656677246,0.984999656677246,-11.757625579833984,-10.772625923156738,-0.984999656677246,0.984999656677246,-0.1072824597358703,-0.098061054944992,-0.0092214047908782,0.0092214047908782,109.59503936767578,109.85631561279295
qwen25_14b,28,valenced_opposite::utilitarian::005,valenced_opposite,utilitarian,valenced,opposite,Efficient,Inefficient,preference_control,0.0,0.0,-10.307016372680664,-8.005555152893066,-2.3014612197875977,2.3014612197875977,-10.307016372680664,-8.005555152893066,-2.3014612197875977,2.3014612197875977,-0.0946368351578712,-0.0743598118424415,-0.0202770233154296,0.0202770233154296,108.9112548828125,107.65970611572266
qwen25_14b,28,valenced_opposite::utilitarian::006,valenced_opposite,utilitarian,valenced,opposite,Saving,Wasteful,preference_control,0.0,0.0,-7.41453742980957,-10.07370948791504,2.6591720581054688,2.6591720581054688,-7.41453742980957,-10.07370948791504,2.6591720581054688,2.6591720581054688,-0.0689495131373405,-0.0935972109436988,0.0246476978063583,0.0246476978063583,107.53575134277344,107.62831115722656
qwen25_14b,28,valenced_opposite::utilitarian::007,valenced_opposite,utilitarian,valenced,opposite,Convenient,Inconvenient,preference_control,0.0,0.0,-9.297639846801758,-9.291139602661133,-0.006500244140625,0.006500244140625,-9.297639846801758,-9.291139602661133,-0.006500244140625,0.006500244140625,-0.0866923928260803,-0.0857623666524887,-0.0009300261735916,0.0009300261735916,107.24862670898438,108.33586120605467
qwen25_14b,28,valenced_opposite::utilitarian::008,valenced_opposite,utilitarian,valenced,opposite,Profitable,Unprofitable,preference_control,0.0,0.0,-10.05189037322998,-7.115015029907227,-2.936875343322754,2.936875343322754,-10.05189037322998,-7.115015029907227,-2.936875343322754,2.936875343322754,-0.0910470783710479,-0.0651137754321098,-0.0259333029389381,0.0259333029389381,110.40321350097656,109.27050018310548
qwen25_14b,28,valenced_opposite::utilitarian::009,valenced_opposite,utilitarian,valenced,opposite,Successful,Unsuccessful,preference_control,0.0,0.0,-9.082459449768066,-9.418148040771484,0.3356885910034179,0.3356885910034179,-9.082459449768066,-9.418148040771484,0.3356885910034179,0.3356885910034179,-0.0830549448728561,-0.0860894545912742,0.0030345097184181,0.0030345097184181,109.3548355102539,109.3995590209961
qwen25_14b,28,valenced_opposite::utilitarian::010,valenced_opposite,utilitarian,valenced,opposite,Durable,Short-lived,preference_control,0.0,0.0,-7.1239776611328125,-6.04697322845459,-1.0770044326782229,1.0770044326782229,-7.1239776611328125,-6.04697322845459,-1.0770044326782229,1.0770044326782229,-0.0651879385113716,-0.0568302348256111,-0.0083577036857604,0.0083577036857604,109.28368377685548,106.40415954589844
qwen25_14b,28,valenced_opposite::utilitarian::011,valenced_opposite,utilitarian,valenced,opposite,Safe,Dangerous,preference_control,0.0,0.0,-11.033531188964844,-10.611797332763672,-0.4217338562011719,0.4217338562011719,-11.033531188964844,-10.611797332763672,-0.4217338562011719,0.4217338562011719,-0.1019162759184837,-0.0992303937673568,-0.0026858821511268,0.0026858821511268,108.26073455810548,106.94099426269533
qwen25_14b,28,valenced_opposite::utilitarian::012,valenced_opposite,utilitarian,valenced,opposite,Stable,Unstable,preference_control,0.0,0.0,-10.227728843688965,-8.5283784866333,-1.699350357055664,1.699350357055664,-10.227728843688965,-8.5283784866333,-1.699350357055664,1.699350357055664,-0.0934106782078743,-0.0785372331738472,-0.0148734450340271,0.0148734450340271,109.49207305908205,108.59026336669922
qwen25_14b,28,valenced_opposite::utilitarian::013,valenced_opposite,utilitarian,valenced,opposite,Practical,Impractical,preference_control,0.0,0.0,-9.724912643432615,-8.031461715698242,-1.693450927734375,1.693450927734375,-9.724912643432615,-8.031461715698242,-1.693450927734375,1.693450927734375,-0.091019682586193,-0.0756514221429824,-0.0153682604432106,0.0153682604432106,106.84406280517578,106.16405487060548
qwen25_14b,28,valenced_opposite::utilitarian::014,valenced_opposite,utilitarian,valenced,opposite,Thrifty,Wasteful,preference_control,0.0,0.0,-6.75838565826416,-9.859028816223145,3.1006431579589844,3.1006431579589844,-6.75838565826416,-9.859028816223145,3.1006431579589844,3.1006431579589844,-0.0634953156113624,-0.0914374738931655,0.0279421582818031,0.0279421582818031,106.43911743164062,107.8226318359375
qwen25_14b,28,valenced_opposite::utilitarian::015,valenced_opposite,utilitarian,valenced,opposite,Optimized,Inferior,preference_control,0.0,0.0,-8.765523910522461,-11.809250831604004,3.043726921081543,3.043726921081543,-8.765523910522461,-11.809250831604004,3.043726921081543,3.043726921081543,-0.0810391828417778,-0.1097302585840225,0.0286910757422447,0.0286910757422447,108.1640167236328,107.62073516845705
qwen25_14b,28,valenced_opposite::utilitarian::016,valenced_opposite,utilitarian,valenced,opposite,Growing,Declining,preference_control,0.0,0.0,-5.857287883758545,-7.279013633728027,1.4217257499694824,1.4217257499694824,-5.857287883758545,-7.279013633728027,1.4217257499694824,1.4217257499694824,-0.0541561432182788,-0.0664193928241729,0.012263249605894,0.012263249605894,108.15555572509766,109.5916976928711
qwen25_14b,28,valenced_opposite::utilitarian::017,valenced_opposite,utilitarian,valenced,opposite,Prosperous,Depressed,preference_control,0.0,0.0,-5.074528694152832,-8.043874740600586,2.969346046447754,2.969346046447754,-5.074528694152832,-8.043874740600586,2.969346046447754,2.969346046447754,-0.0472963526844978,-0.0746416375041008,0.0273452848196029,0.0273452848196029,107.29217529296876,107.76658630371094
qwen25_14b,28,valenced_opposite::utilitarian::018,valenced_opposite,utilitarian,valenced,opposite,Healthy,Unhealthy,preference_control,0.0,0.0,-14.509122848510742,-10.732576370239258,-3.776546478271485,3.776546478271485,-14.509122848510742,-10.732576370239258,-3.776546478271485,3.776546478271485,-0.1301955729722976,-0.097820870578289,-0.0323747023940086,0.0323747023940086,111.44097900390624,109.71662902832033
qwen25_14b,28,valenced_opposite::utilitarian::019,valenced_opposite,utilitarian,valenced,opposite,Improving,Deteriorating,preference_control,0.0,0.0,-8.378595352172852,-8.122314453125,-0.2562808990478515,0.2562808990478515,-8.378595352172852,-8.122314453125,-0.2562808990478515,0.2562808990478515,-0.0773765742778778,-0.0749608278274536,-0.0024157464504241,0.0024157464504241,108.28335571289062,108.35411834716795
