model_name,model_label,layer,max_layer,relative_layer,alignment,target_layer,is_target_layer
qwen25_3b,Qwen2.5 3B,0,35,0.0,0.30240119456762554,26,False
qwen25_3b,Qwen2.5 3B,1,35,0.02857142857142857,0.5122744047502283,26,False
qwen25_3b,Qwen2.5 3B,2,35,0.05714285714285714,0.5580382279831577,26,False
qwen25_3b,Qwen2.5 3B,3,35,0.08571428571428572,0.7998125507346103,26,False
qwen25_3b,Qwen2.5 3B,4,35,0.11428571428571428,0.6667420946838445,26,False
qwen25_3b,Qwen2.5 3B,5,35,0.14285714285714285,0.7002254789341271,26,False
qwen25_3b,Qwen2.5 3B,6,35,0.17142857142857143,0.593141246609192,26,False
qwen25_3b,Qwen2.5 3B,7,35,0.2,0.6488288080779041,26,False
qwen25_3b,Qwen2.5 3B,8,35,0.22857142857142856,0.4922890707017314,26,False
qwen25_3b,Qwen2.5 3B,9,35,0.2571428571428571,0.4885923657345185,26,False
qwen25_3b,Qwen2.5 3B,10,35,0.2857142857142857,0.4700931622455359,26,False
qwen25_3b,Qwen2.5 3B,11,35,0.3142857142857143,0.44330320055289335,26,False
qwen25_3b,Qwen2.5 3B,12,35,0.34285714285714286,0.34690671011840385,26,False
qwen25_3b,Qwen2.5 3B,13,35,0.37142857142857144,0.4248103761699966,26,False
qwen25_3b,Qwen2.5 3B,14,35,0.4,0.40626431080253567,26,False
qwen25_3b,Qwen2.5 3B,15,35,0.42857142857142855,0.42146267718122193,26,False
qwen25_3b,Qwen2.5 3B,16,35,0.45714285714285713,0.4111900379193615,26,False
qwen25_3b,Qwen2.5 3B,17,35,0.4857142857142857,0.4029323318274858,26,False
qwen25_3b,Qwen2.5 3B,18,35,0.5142857142857142,0.42444011786469266,26,False
qwen25_3b,Qwen2.5 3B,19,35,0.5428571428571428,0.3994987604261076,26,False
qwen25_3b,Qwen2.5 3B,20,35,0.5714285714285714,0.28036684333161244,26,False
qwen25_3b,Qwen2.5 3B,21,35,0.6,0.23260330690864975,26,False
qwen25_3b,Qwen2.5 3B,22,35,0.6285714285714286,0.17003269144767996,26,False
qwen25_3b,Qwen2.5 3B,23,35,0.6571428571428571,0.6194205274312385,26,False
qwen25_3b,Qwen2.5 3B,24,35,0.6857142857142857,0.8463911352900898,26,False
qwen25_3b,Qwen2.5 3B,25,35,0.7142857142857143,0.8046077453408669,26,False
qwen25_3b,Qwen2.5 3B,26,35,0.7428571428571429,0.7483732503132952,26,True
qwen25_3b,Qwen2.5 3B,27,35,0.7714285714285715,0.36688349332810766,26,False
qwen25_3b,Qwen2.5 3B,28,35,0.8,0.4644486205076286,26,False
qwen25_3b,Qwen2.5 3B,29,35,0.8285714285714286,0.4487186966866602,26,False
qwen25_3b,Qwen2.5 3B,30,35,0.8571428571428571,0.2596106929482335,26,False
qwen25_3b,Qwen2.5 3B,31,35,0.8857142857142857,0.13873701192653976,26,False
qwen25_3b,Qwen2.5 3B,32,35,0.9142857142857143,0.12195002627955781,26,False
qwen25_3b,Qwen2.5 3B,33,35,0.9428571428571428,0.10355688305278543,26,False
qwen25_3b,Qwen2.5 3B,34,35,0.9714285714285714,0.11104968533242258,26,False
qwen25_3b,Qwen2.5 3B,35,35,1.0,0.06202318335217266,26,False
mistral_7b,Mistral-7B v0.3,0,31,0.0,0.40192236883932053,14,False
mistral_7b,Mistral-7B v0.3,1,31,0.03225806451612903,0.508417614072992,14,False
mistral_7b,Mistral-7B v0.3,2,31,0.06451612903225806,0.3656164873915648,14,False
mistral_7b,Mistral-7B v0.3,3,31,0.0967741935483871,0.6058416895250951,14,False
mistral_7b,Mistral-7B v0.3,4,31,0.12903225806451613,0.48475376251416863,14,False
mistral_7b,Mistral-7B v0.3,5,31,0.16129032258064516,0.4136294082807477,14,False
mistral_7b,Mistral-7B v0.3,6,31,0.1935483870967742,0.4853837046941569,14,False
mistral_7b,Mistral-7B v0.3,7,31,0.22580645161290322,0.37476229501891867,14,False
mistral_7b,Mistral-7B v0.3,8,31,0.25806451612903225,0.04753758875613108,14,False
mistral_7b,Mistral-7B v0.3,9,31,0.2903225806451613,0.31233904190310346,14,False
mistral_7b,Mistral-7B v0.3,10,31,0.3225806451612903,0.28672578737442345,14,False
mistral_7b,Mistral-7B v0.3,11,31,0.3548387096774194,0.14993843520475864,14,False
mistral_7b,Mistral-7B v0.3,12,31,0.3870967741935484,0.4817274744447435,14,False
mistral_7b,Mistral-7B v0.3,13,31,0.41935483870967744,0.7021744399131291,14,False
mistral_7b,Mistral-7B v0.3,14,31,0.45161290322580644,0.743323118196634,14,True
mistral_7b,Mistral-7B v0.3,15,31,0.4838709677419355,0.6919737424300186,14,False
mistral_7b,Mistral-7B v0.3,16,31,0.5161290322580645,0.6766710224679904,14,False
mistral_7b,Mistral-7B v0.3,17,31,0.5483870967741935,0.612875306345583,14,False
mistral_7b,Mistral-7B v0.3,18,31,0.5806451612903226,0.5124079089791139,14,False
mistral_7b,Mistral-7B v0.3,19,31,0.6129032258064516,0.35708782501422925,14,False
mistral_7b,Mistral-7B v0.3,20,31,0.6451612903225806,0.3776143660180533,14,False
mistral_7b,Mistral-7B v0.3,21,31,0.6774193548387096,0.3431364902802506,14,False
mistral_7b,Mistral-7B v0.3,22,31,0.7096774193548387,0.3155764331220521,14,False
mistral_7b,Mistral-7B v0.3,23,31,0.7419354838709677,0.29725541199380223,14,False
mistral_7b,Mistral-7B v0.3,24,31,0.7741935483870968,0.2688614691978945,14,False
mistral_7b,Mistral-7B v0.3,25,31,0.8064516129032258,0.24629218915716883,14,False
mistral_7b,Mistral-7B v0.3,26,31,0.8387096774193549,0.2228494457466232,14,False
mistral_7b,Mistral-7B v0.3,27,31,0.8709677419354839,0.2051920927110926,14,False
mistral_7b,Mistral-7B v0.3,28,31,0.9032258064516129,0.16899269477817674,14,False
mistral_7b,Mistral-7B v0.3,29,31,0.9354838709677419,0.16523743795856485,14,False
mistral_7b,Mistral-7B v0.3,30,31,0.967741935483871,0.12059103233251528,14,False
mistral_7b,Mistral-7B v0.3,31,31,1.0,0.107491123591439,14,False
qwen25_7b,Qwen2.5 7B,0,27,0.0,0.08145396231101493,18,False
qwen25_7b,Qwen2.5 7B,1,27,0.037037037037037035,0.44114768177813657,18,False
qwen25_7b,Qwen2.5 7B,2,27,0.07407407407407407,0.43595560643816,18,False
qwen25_7b,Qwen2.5 7B,3,27,0.1111111111111111,0.625689699355493,18,False
qwen25_7b,Qwen2.5 7B,4,27,0.14814814814814814,0.5138596978846204,18,False
qwen25_7b,Qwen2.5 7B,5,27,0.18518518518518517,0.029376914484562637,18,False
qwen25_7b,Qwen2.5 7B,6,27,0.2222222222222222,0.6251382298568252,18,False
qwen25_7b,Qwen2.5 7B,7,27,0.25925925925925924,0.6496419234006658,18,False
qwen25_7b,Qwen2.5 7B,8,27,0.2962962962962963,0.5765254132358661,18,False
qwen25_7b,Qwen2.5 7B,9,27,0.3333333333333333,0.3371701705110872,18,False
qwen25_7b,Qwen2.5 7B,10,27,0.37037037037037035,0.29050108970513866,18,False
qwen25_7b,Qwen2.5 7B,11,27,0.4074074074074074,0.22448741791781962,18,False
qwen25_7b,Qwen2.5 7B,12,27,0.4444444444444444,0.25246121365322227,18,False
qwen25_7b,Qwen2.5 7B,13,27,0.48148148148148145,0.36412815386467584,18,False
qwen25_7b,Qwen2.5 7B,14,27,0.5185185185185185,0.4767902658344846,18,False
qwen25_7b,Qwen2.5 7B,15,27,0.5555555555555556,0.4593792473992947,18,False
qwen25_7b,Qwen2.5 7B,16,27,0.5925925925925926,0.46533376692174666,18,False
qwen25_7b,Qwen2.5 7B,17,27,0.6296296296296297,0.6544252097700543,18,False
qwen25_7b,Qwen2.5 7B,18,27,0.6666666666666666,0.8522162599291383,18,True
qwen25_7b,Qwen2.5 7B,19,27,0.7037037037037037,0.7501373210243889,18,False
qwen25_7b,Qwen2.5 7B,20,27,0.7407407407407407,0.5684599937811163,18,False
qwen25_7b,Qwen2.5 7B,21,27,0.7777777777777778,0.4920219359068302,18,False
qwen25_7b,Qwen2.5 7B,22,27,0.8148148148148148,0.27727658538422806,18,False
qwen25_7b,Qwen2.5 7B,23,27,0.8518518518518519,0.28267110454296934,18,False
qwen25_7b,Qwen2.5 7B,24,27,0.8888888888888888,0.20425532111367614,18,False
qwen25_7b,Qwen2.5 7B,25,27,0.9259259259259259,0.154057994390214,18,False
qwen25_7b,Qwen2.5 7B,26,27,0.9629629629629629,0.1273997390882695,18,False
qwen25_7b,Qwen2.5 7B,27,27,1.0,0.00986453472144064,18,False
llama3_8b,Llama-3.1 8B,0,31,0.0,0.593331257859988,13,False
llama3_8b,Llama-3.1 8B,1,31,0.03225806451612903,0.7369233585356711,13,False
llama3_8b,Llama-3.1 8B,2,31,0.06451612903225806,0.6430885777705058,13,False
llama3_8b,Llama-3.1 8B,3,31,0.0967741935483871,0.621421140482999,13,False
llama3_8b,Llama-3.1 8B,4,31,0.12903225806451613,0.6241071629492214,13,False
llama3_8b,Llama-3.1 8B,5,31,0.16129032258064516,0.5376177519087177,13,False
llama3_8b,Llama-3.1 8B,6,31,0.1935483870967742,0.454083967954526,13,False
llama3_8b,Llama-3.1 8B,7,31,0.22580645161290322,0.23695280830773147,13,False
llama3_8b,Llama-3.1 8B,8,31,0.25806451612903225,0.2655467943575296,13,False
llama3_8b,Llama-3.1 8B,9,31,0.2903225806451613,0.16600653470530186,13,False
llama3_8b,Llama-3.1 8B,10,31,0.3225806451612903,0.1485334734925285,13,False
llama3_8b,Llama-3.1 8B,11,31,0.3548387096774194,0.13012850800559855,13,False
llama3_8b,Llama-3.1 8B,12,31,0.3870967741935484,0.5313896298514813,13,False
llama3_8b,Llama-3.1 8B,13,31,0.41935483870967744,0.7551184919569796,13,True
llama3_8b,Llama-3.1 8B,14,31,0.45161290322580644,0.6698157223750519,13,False
llama3_8b,Llama-3.1 8B,15,31,0.4838709677419355,0.6420690500405004,13,False
llama3_8b,Llama-3.1 8B,16,31,0.5161290322580645,0.5956229814036101,13,False
llama3_8b,Llama-3.1 8B,17,31,0.5483870967741935,0.4927494820731089,13,False
llama3_8b,Llama-3.1 8B,18,31,0.5806451612903226,0.37810106898712453,13,False
llama3_8b,Llama-3.1 8B,19,31,0.6129032258064516,0.33846768171163205,13,False
llama3_8b,Llama-3.1 8B,20,31,0.6451612903225806,0.3093176248833318,13,False
llama3_8b,Llama-3.1 8B,21,31,0.6774193548387096,0.3126876082211532,13,False
llama3_8b,Llama-3.1 8B,22,31,0.7096774193548387,0.273110782435662,13,False
llama3_8b,Llama-3.1 8B,23,31,0.7419354838709677,0.24531944919223464,13,False
llama3_8b,Llama-3.1 8B,24,31,0.7741935483870968,0.22070707936682915,13,False
llama3_8b,Llama-3.1 8B,25,31,0.8064516129032258,0.2310914333659136,13,False
llama3_8b,Llama-3.1 8B,26,31,0.8387096774193549,0.2187708833448806,13,False
llama3_8b,Llama-3.1 8B,27,31,0.8709677419354839,0.20265365041001815,13,False
llama3_8b,Llama-3.1 8B,28,31,0.9032258064516129,0.19393425156996036,13,False
llama3_8b,Llama-3.1 8B,29,31,0.9354838709677419,0.1612284686570789,13,False
llama3_8b,Llama-3.1 8B,30,31,0.967741935483871,0.14686960792875062,13,False
llama3_8b,Llama-3.1 8B,31,31,1.0,0.18129455136673772,13,False
gemma2_9b,Gemma-2 9B,0,41,0.0,0.5604623317289062,22,False
gemma2_9b,Gemma-2 9B,1,41,0.024390243902439025,0.17516630315053128,22,False
gemma2_9b,Gemma-2 9B,2,41,0.04878048780487805,0.14185104732991494,22,False
gemma2_9b,Gemma-2 9B,3,41,0.07317073170731707,0.15097330367787246,22,False
gemma2_9b,Gemma-2 9B,4,41,0.0975609756097561,0.11469021079121455,22,False
gemma2_9b,Gemma-2 9B,5,41,0.12195121951219512,0.01881463781058249,22,False
gemma2_9b,Gemma-2 9B,6,41,0.14634146341463414,0.3947944578840893,22,False
gemma2_9b,Gemma-2 9B,7,41,0.17073170731707318,0.3688555064403161,22,False
gemma2_9b,Gemma-2 9B,8,41,0.1951219512195122,0.011984866182280215,22,False
gemma2_9b,Gemma-2 9B,9,41,0.21951219512195122,0.15952359431470836,22,False
gemma2_9b,Gemma-2 9B,10,41,0.24390243902439024,0.5253602823640721,22,False
gemma2_9b,Gemma-2 9B,11,41,0.2682926829268293,0.519681233202785,22,False
gemma2_9b,Gemma-2 9B,12,41,0.2926829268292683,0.5315513000439173,22,False
gemma2_9b,Gemma-2 9B,13,41,0.3170731707317073,0.5379239443297761,22,False
gemma2_9b,Gemma-2 9B,14,41,0.34146341463414637,0.5101835480298478,22,False
gemma2_9b,Gemma-2 9B,15,41,0.36585365853658536,0.4354500743868178,22,False
gemma2_9b,Gemma-2 9B,16,41,0.3902439024390244,0.7063047414124816,22,False
gemma2_9b,Gemma-2 9B,17,41,0.4146341463414634,0.607577265749972,22,False
gemma2_9b,Gemma-2 9B,18,41,0.43902439024390244,0.3668718050355504,22,False
gemma2_9b,Gemma-2 9B,19,41,0.4634146341463415,0.43538122188709794,22,False
gemma2_9b,Gemma-2 9B,20,41,0.4878048780487805,0.5319427084403178,22,False
gemma2_9b,Gemma-2 9B,21,41,0.5121951219512195,0.6179968951290661,22,False
gemma2_9b,Gemma-2 9B,22,41,0.5365853658536586,0.7032162903722852,22,True
gemma2_9b,Gemma-2 9B,23,41,0.5609756097560976,0.5668213713719878,22,False
gemma2_9b,Gemma-2 9B,24,41,0.5853658536585366,0.5361361406360267,22,False
gemma2_9b,Gemma-2 9B,25,41,0.6097560975609756,0.5988134507077045,22,False
gemma2_9b,Gemma-2 9B,26,41,0.6341463414634146,0.49116467143713277,22,False
gemma2_9b,Gemma-2 9B,27,41,0.6585365853658537,0.46902703195709783,22,False
gemma2_9b,Gemma-2 9B,28,41,0.6829268292682927,0.38640211106483047,22,False
gemma2_9b,Gemma-2 9B,29,41,0.7073170731707317,0.310915491249607,22,False
gemma2_9b,Gemma-2 9B,30,41,0.7317073170731707,0.2773976009058856,22,False
gemma2_9b,Gemma-2 9B,31,41,0.7560975609756098,0.27104598079777764,22,False
gemma2_9b,Gemma-2 9B,32,41,0.7804878048780488,0.2316349580097385,22,False
gemma2_9b,Gemma-2 9B,33,41,0.8048780487804879,0.2114466514925536,22,False
gemma2_9b,Gemma-2 9B,34,41,0.8292682926829268,0.21204282004176525,22,False
gemma2_9b,Gemma-2 9B,35,41,0.8536585365853658,0.2073846077795195,22,False
gemma2_9b,Gemma-2 9B,36,41,0.8780487804878049,0.16674908628302826,22,False
gemma2_9b,Gemma-2 9B,37,41,0.9024390243902439,0.14807119456879497,22,False
gemma2_9b,Gemma-2 9B,38,41,0.926829268292683,0.12085757263667882,22,False
gemma2_9b,Gemma-2 9B,39,41,0.9512195121951219,0.09954469743221236,22,False
gemma2_9b,Gemma-2 9B,40,41,0.975609756097561,0.0881148025040844,22,False
gemma2_9b,Gemma-2 9B,41,41,1.0,0.09186186889516589,22,False
qwen25_14b,Qwen2.5 14B,0,47,0.0,0.5690699357780429,28,False
qwen25_14b,Qwen2.5 14B,1,47,0.02127659574468085,0.5356316376314345,28,False
qwen25_14b,Qwen2.5 14B,2,47,0.0425531914893617,0.49883633250140047,28,False
qwen25_14b,Qwen2.5 14B,3,47,0.06382978723404255,0.4680541418972462,28,False
qwen25_14b,Qwen2.5 14B,4,47,0.0851063829787234,0.44837168745000355,28,False
qwen25_14b,Qwen2.5 14B,5,47,0.10638297872340426,0.29271703579917924,28,False
qwen25_14b,Qwen2.5 14B,6,47,0.1276595744680851,0.19387117852548363,28,False
qwen25_14b,Qwen2.5 14B,7,47,0.14893617021276595,0.16677379682564436,28,False
qwen25_14b,Qwen2.5 14B,8,47,0.1702127659574468,0.37477212153115524,28,False
qwen25_14b,Qwen2.5 14B,9,47,0.19148936170212766,0.22545560744031654,28,False
qwen25_14b,Qwen2.5 14B,10,47,0.2127659574468085,0.5163155814987261,28,False
qwen25_14b,Qwen2.5 14B,11,47,0.23404255319148937,0.5143882053014622,28,False
qwen25_14b,Qwen2.5 14B,12,47,0.2553191489361702,0.496095185779044,28,False
qwen25_14b,Qwen2.5 14B,13,47,0.2765957446808511,0.48025189735827223,28,False
qwen25_14b,Qwen2.5 14B,14,47,0.2978723404255319,0.46066785101793645,28,False
qwen25_14b,Qwen2.5 14B,15,47,0.3191489361702128,0.48918464863798816,28,False
qwen25_14b,Qwen2.5 14B,16,47,0.3404255319148936,0.44688441575262394,28,False
qwen25_14b,Qwen2.5 14B,17,47,0.3617021276595745,0.42798072541315946,28,False
qwen25_14b,Qwen2.5 14B,18,47,0.3829787234042553,0.3334387958502642,28,False
qwen25_14b,Qwen2.5 14B,19,47,0.40425531914893614,0.3043170048989113,28,False
qwen25_14b,Qwen2.5 14B,20,47,0.425531914893617,0.31214780657400354,28,False
qwen25_14b,Qwen2.5 14B,21,47,0.44680851063829785,0.36247058858680015,28,False
qwen25_14b,Qwen2.5 14B,22,47,0.46808510638297873,0.2783301658741383,28,False
qwen25_14b,Qwen2.5 14B,23,47,0.48936170212765956,0.2440215814399646,28,False
qwen25_14b,Qwen2.5 14B,24,47,0.5106382978723404,0.14483696784204947,28,False
qwen25_14b,Qwen2.5 14B,25,47,0.5319148936170213,0.1079543487739164,28,False
qwen25_14b,Qwen2.5 14B,26,47,0.5531914893617021,0.1401108596647626,28,False
qwen25_14b,Qwen2.5 14B,27,47,0.574468085106383,0.6380742684904486,28,False
qwen25_14b,Qwen2.5 14B,28,47,0.5957446808510638,0.7608969974900802,28,True
qwen25_14b,Qwen2.5 14B,29,47,0.6170212765957447,0.7161403008138367,28,False
qwen25_14b,Qwen2.5 14B,30,47,0.6382978723404256,0.7098364616825132,28,False
qwen25_14b,Qwen2.5 14B,31,47,0.6595744680851063,0.6303058911460031,28,False
qwen25_14b,Qwen2.5 14B,32,47,0.6808510638297872,0.5329196777694255,28,False
qwen25_14b,Qwen2.5 14B,33,47,0.7021276595744681,0.5331441686292921,28,False
qwen25_14b,Qwen2.5 14B,34,47,0.723404255319149,0.38892029786811255,28,False
qwen25_14b,Qwen2.5 14B,35,47,0.7446808510638298,0.3371737183834637,28,False
qwen25_14b,Qwen2.5 14B,36,47,0.7659574468085106,0.26211726820128456,28,False
qwen25_14b,Qwen2.5 14B,37,47,0.7872340425531915,0.27792357438260173,28,False
qwen25_14b,Qwen2.5 14B,38,47,0.8085106382978723,0.2886200751837619,28,False
qwen25_14b,Qwen2.5 14B,39,47,0.8297872340425532,0.2438173804527455,28,False
qwen25_14b,Qwen2.5 14B,40,47,0.851063829787234,0.24325013859618855,28,False
qwen25_14b,Qwen2.5 14B,41,47,0.8723404255319149,0.22320930464743668,28,False
qwen25_14b,Qwen2.5 14B,42,47,0.8936170212765957,0.22017313227706084,28,False
qwen25_14b,Qwen2.5 14B,43,47,0.9148936170212766,0.20654839593438604,28,False
qwen25_14b,Qwen2.5 14B,44,47,0.9361702127659575,0.1773612484277332,28,False
qwen25_14b,Qwen2.5 14B,45,47,0.9574468085106383,0.14104922743484177,28,False
qwen25_14b,Qwen2.5 14B,46,47,0.9787234042553191,0.13519836876656274,28,False
qwen25_14b,Qwen2.5 14B,47,47,1.0,0.1065622893549888,28,False
qwen25_32b,Qwen2.5 32B,0,63,0.0,0.5690816943941834,43,False
qwen25_32b,Qwen2.5 32B,1,63,0.015873015873015872,0.49777018710549453,43,False
qwen25_32b,Qwen2.5 32B,2,63,0.031746031746031744,0.46594273096709843,43,False
qwen25_32b,Qwen2.5 32B,3,63,0.047619047619047616,0.4873484229138946,43,False
qwen25_32b,Qwen2.5 32B,4,63,0.06349206349206349,0.06493529278392438,43,False
qwen25_32b,Qwen2.5 32B,5,63,0.07936507936507936,0.6887482191300137,43,False
qwen25_32b,Qwen2.5 32B,6,63,0.09523809523809523,0.6463326924092898,43,False
qwen25_32b,Qwen2.5 32B,7,63,0.1111111111111111,0.5540858799309654,43,False
qwen25_32b,Qwen2.5 32B,8,63,0.12698412698412698,0.0632175278487926,43,False
qwen25_32b,Qwen2.5 32B,9,63,0.14285714285714285,0.006811733628246466,43,False
qwen25_32b,Qwen2.5 32B,10,63,0.15873015873015872,0.11540758984018513,43,False
qwen25_32b,Qwen2.5 32B,11,63,0.1746031746031746,0.14360085622227708,43,False
qwen25_32b,Qwen2.5 32B,12,63,0.19047619047619047,0.16489502831742975,43,False
qwen25_32b,Qwen2.5 32B,13,63,0.20634920634920634,0.28675185625022614,43,False
qwen25_32b,Qwen2.5 32B,14,63,0.2222222222222222,0.3079932142497977,43,False
qwen25_32b,Qwen2.5 32B,15,63,0.23809523809523808,0.3534603798233802,43,False
qwen25_32b,Qwen2.5 32B,16,63,0.25396825396825395,0.35793858212704766,43,False
qwen25_32b,Qwen2.5 32B,17,63,0.2698412698412698,0.3216196700872518,43,False
qwen25_32b,Qwen2.5 32B,18,63,0.2857142857142857,0.3263703734264008,43,False
qwen25_32b,Qwen2.5 32B,19,63,0.30158730158730157,0.2531392606358759,43,False
qwen25_32b,Qwen2.5 32B,20,63,0.31746031746031744,0.24935748022106435,43,False
qwen25_32b,Qwen2.5 32B,21,63,0.3333333333333333,0.23324063590051333,43,False
qwen25_32b,Qwen2.5 32B,22,63,0.3492063492063492,0.28994792694847715,43,False
qwen25_32b,Qwen2.5 32B,23,63,0.36507936507936506,0.34781771473518797,43,False
qwen25_32b,Qwen2.5 32B,24,63,0.38095238095238093,0.3858601755275468,43,False
qwen25_32b,Qwen2.5 32B,25,63,0.3968253968253968,0.39289772645415444,43,False
qwen25_32b,Qwen2.5 32B,26,63,0.4126984126984127,0.3822586075938437,43,False
qwen25_32b,Qwen2.5 32B,27,63,0.42857142857142855,0.3746130929323096,43,False
qwen25_32b,Qwen2.5 32B,28,63,0.4444444444444444,0.2684262829763585,43,False
qwen25_32b,Qwen2.5 32B,29,63,0.4603174603174603,0.2929239255753087,43,False
qwen25_32b,Qwen2.5 32B,30,63,0.47619047619047616,0.17373808340421207,43,False
qwen25_32b,Qwen2.5 32B,31,63,0.49206349206349204,0.029695550729271696,43,False
qwen25_32b,Qwen2.5 32B,32,63,0.5079365079365079,0.3811309958510912,43,False
qwen25_32b,Qwen2.5 32B,33,63,0.5238095238095238,0.340448411827759,43,False
qwen25_32b,Qwen2.5 32B,34,63,0.5396825396825397,0.21908785883391346,43,False
qwen25_32b,Qwen2.5 32B,35,63,0.5555555555555556,0.077776912040961,43,False
qwen25_32b,Qwen2.5 32B,36,63,0.5714285714285714,0.09589682469964525,43,False
qwen25_32b,Qwen2.5 32B,37,63,0.5873015873015873,0.21550805867375408,43,False
qwen25_32b,Qwen2.5 32B,38,63,0.6031746031746031,0.30526556696202234,43,False
qwen25_32b,Qwen2.5 32B,39,63,0.6190476190476191,0.3480346248972945,43,False
qwen25_32b,Qwen2.5 32B,40,63,0.6349206349206349,0.5130863260096337,43,False
qwen25_32b,Qwen2.5 32B,41,63,0.6507936507936508,0.6560965262193471,43,False
qwen25_32b,Qwen2.5 32B,42,63,0.6666666666666666,0.7256773888398869,43,False
qwen25_32b,Qwen2.5 32B,43,63,0.6825396825396826,0.7313447450839207,43,True
qwen25_32b,Qwen2.5 32B,44,63,0.6984126984126984,0.7395710894638241,43,False
qwen25_32b,Qwen2.5 32B,45,63,0.7142857142857143,0.7200756437233369,43,False
qwen25_32b,Qwen2.5 32B,46,63,0.7301587301587301,0.6919433741855838,43,False
qwen25_32b,Qwen2.5 32B,47,63,0.746031746031746,0.683856587341481,43,False
qwen25_32b,Qwen2.5 32B,48,63,0.7619047619047619,0.42639190462562604,43,False
qwen25_32b,Qwen2.5 32B,49,63,0.7777777777777778,0.4282832616303427,43,False
qwen25_32b,Qwen2.5 32B,50,63,0.7936507936507936,0.3638362863220467,43,False
qwen25_32b,Qwen2.5 32B,51,63,0.8095238095238095,0.33228060831039624,43,False
qwen25_32b,Qwen2.5 32B,52,63,0.8253968253968254,0.23361015176546984,43,False
qwen25_32b,Qwen2.5 32B,53,63,0.8412698412698413,0.23662222061623883,43,False
qwen25_32b,Qwen2.5 32B,54,63,0.8571428571428571,0.21280284313457815,43,False
qwen25_32b,Qwen2.5 32B,55,63,0.873015873015873,0.1662936020720533,43,False
qwen25_32b,Qwen2.5 32B,56,63,0.8888888888888888,0.16708633986298926,43,False
qwen25_32b,Qwen2.5 32B,57,63,0.9047619047619048,0.15371720512796744,43,False
qwen25_32b,Qwen2.5 32B,58,63,0.9206349206349206,0.1438052893055531,43,False
qwen25_32b,Qwen2.5 32B,59,63,0.9365079365079365,0.13290545183177505,43,False
qwen25_32b,Qwen2.5 32B,60,63,0.9523809523809523,0.11259378295252133,43,False
qwen25_32b,Qwen2.5 32B,61,63,0.9682539682539683,0.11537632676330066,43,False
qwen25_32b,Qwen2.5 32B,62,63,0.9841269841269841,0.09593543431799054,43,False
qwen25_32b,Qwen2.5 32B,63,63,1.0,0.09576546245900565,43,False
qwen25_72b,Qwen2.5 72B,0,79,0.0,0.20069259631141523,52,False
qwen25_72b,Qwen2.5 72B,1,79,0.012658227848101266,0.21459287104029198,52,False
qwen25_72b,Qwen2.5 72B,2,79,0.02531645569620253,0.248134384059444,52,False
qwen25_72b,Qwen2.5 72B,3,79,0.0379746835443038,0.04422075841020315,52,False
qwen25_72b,Qwen2.5 72B,4,79,0.05063291139240506,0.052953127593813265,52,False
qwen25_72b,Qwen2.5 72B,5,79,0.06329113924050633,0.26759469713969497,52,False
qwen25_72b,Qwen2.5 72B,6,79,0.0759493670886076,0.26539986132971005,52,False
qwen25_72b,Qwen2.5 72B,7,79,0.08860759493670886,0.25457876812320746,52,False
qwen25_72b,Qwen2.5 72B,8,79,0.10126582278481013,0.24016267014578985,52,False
qwen25_72b,Qwen2.5 72B,9,79,0.11392405063291139,0.24097449879824115,52,False
qwen25_72b,Qwen2.5 72B,10,79,0.12658227848101267,0.16779402402322896,52,False
qwen25_72b,Qwen2.5 72B,11,79,0.13924050632911392,0.15726632155794024,52,False
qwen25_72b,Qwen2.5 72B,12,79,0.1518987341772152,0.1064690439309916,52,False
qwen25_72b,Qwen2.5 72B,13,79,0.16455696202531644,0.002268166501102311,52,False
qwen25_72b,Qwen2.5 72B,14,79,0.17721518987341772,0.05778958938549074,52,False
qwen25_72b,Qwen2.5 72B,15,79,0.189873417721519,0.1645459821024698,52,False
qwen25_72b,Qwen2.5 72B,16,79,0.20253164556962025,0.25771469673985603,52,False
qwen25_72b,Qwen2.5 72B,17,79,0.21518987341772153,0.14701739494095578,52,False
qwen25_72b,Qwen2.5 72B,18,79,0.22784810126582278,0.16277347892316574,52,False
qwen25_72b,Qwen2.5 72B,19,79,0.24050632911392406,0.1585854640319923,52,False
qwen25_72b,Qwen2.5 72B,20,79,0.25316455696202533,0.14605091776596948,52,False
qwen25_72b,Qwen2.5 72B,21,79,0.26582278481012656,0.13313394746446988,52,False
qwen25_72b,Qwen2.5 72B,22,79,0.27848101265822783,0.158385104732673,52,False
qwen25_72b,Qwen2.5 72B,23,79,0.2911392405063291,0.05141541882430354,52,False
qwen25_72b,Qwen2.5 72B,24,79,0.3037974683544304,0.11909682333310825,52,False
qwen25_72b,Qwen2.5 72B,25,79,0.31645569620253167,0.195430615004985,52,False
qwen25_72b,Qwen2.5 72B,26,79,0.3291139240506329,0.22863520991686764,52,False
qwen25_72b,Qwen2.5 72B,27,79,0.34177215189873417,0.10046679710504844,52,False
qwen25_72b,Qwen2.5 72B,28,79,0.35443037974683544,0.15689174816994406,52,False
qwen25_72b,Qwen2.5 72B,29,79,0.3670886075949367,0.057837789073722425,52,False
qwen25_72b,Qwen2.5 72B,30,79,0.379746835443038,0.17642289534635508,52,False
qwen25_72b,Qwen2.5 72B,31,79,0.3924050632911392,0.27685317403445475,52,False
qwen25_72b,Qwen2.5 72B,32,79,0.4050632911392405,0.3021974923746112,52,False
qwen25_72b,Qwen2.5 72B,33,79,0.4177215189873418,0.3238372957917942,52,False
qwen25_72b,Qwen2.5 72B,34,79,0.43037974683544306,0.3598751858807908,52,False
qwen25_72b,Qwen2.5 72B,35,79,0.4430379746835443,0.42202568999612655,52,False
qwen25_72b,Qwen2.5 72B,36,79,0.45569620253164556,0.40683907778804346,52,False
qwen25_72b,Qwen2.5 72B,37,79,0.46835443037974683,0.5048129194615547,52,False
qwen25_72b,Qwen2.5 72B,38,79,0.4810126582278481,0.5070291587221665,52,False
qwen25_72b,Qwen2.5 72B,39,79,0.4936708860759494,0.5127636820153638,52,False
qwen25_72b,Qwen2.5 72B,40,79,0.5063291139240507,0.5139884041075287,52,False
qwen25_72b,Qwen2.5 72B,41,79,0.5189873417721519,0.4991134982796429,52,False
qwen25_72b,Qwen2.5 72B,42,79,0.5316455696202531,0.4782431507465005,52,False
qwen25_72b,Qwen2.5 72B,43,79,0.5443037974683544,0.46767768664676923,52,False
qwen25_72b,Qwen2.5 72B,44,79,0.5569620253164557,0.4596159575792157,52,False
qwen25_72b,Qwen2.5 72B,45,79,0.569620253164557,0.4529757344076505,52,False
qwen25_72b,Qwen2.5 72B,46,79,0.5822784810126582,0.4742742883260933,52,False
qwen25_72b,Qwen2.5 72B,47,79,0.5949367088607594,0.36959345129253673,52,False
qwen25_72b,Qwen2.5 72B,48,79,0.6075949367088608,0.3261801628745853,52,False
qwen25_72b,Qwen2.5 72B,49,79,0.620253164556962,0.12421054040885886,52,False
qwen25_72b,Qwen2.5 72B,50,79,0.6329113924050633,0.6064317362165439,52,False
qwen25_72b,Qwen2.5 72B,51,79,0.6455696202531646,0.6669463931343111,52,False
qwen25_72b,Qwen2.5 72B,52,79,0.6582278481012658,0.7788865927454098,52,True
qwen25_72b,Qwen2.5 72B,53,79,0.6708860759493671,0.7471645852770685,52,False
qwen25_72b,Qwen2.5 72B,54,79,0.6835443037974683,0.741591960394245,52,False
qwen25_72b,Qwen2.5 72B,55,79,0.6962025316455697,0.7350270386892126,52,False
qwen25_72b,Qwen2.5 72B,56,79,0.7088607594936709,0.6958605062981833,52,False
qwen25_72b,Qwen2.5 72B,57,79,0.7215189873417721,0.657978094932946,52,False
qwen25_72b,Qwen2.5 72B,58,79,0.7341772151898734,0.6543098369897766,52,False
qwen25_72b,Qwen2.5 72B,59,79,0.7468354430379747,0.6501437457992499,52,False
qwen25_72b,Qwen2.5 72B,60,79,0.759493670886076,0.4618390816990222,52,False
qwen25_72b,Qwen2.5 72B,61,79,0.7721518987341772,0.4101607869338675,52,False
qwen25_72b,Qwen2.5 72B,62,79,0.7848101265822784,0.3968902541947267,52,False
qwen25_72b,Qwen2.5 72B,63,79,0.7974683544303798,0.3959722904401245,52,False
qwen25_72b,Qwen2.5 72B,64,79,0.810126582278481,0.3568487740624564,52,False
qwen25_72b,Qwen2.5 72B,65,79,0.8227848101265823,0.2758391051422786,52,False
qwen25_72b,Qwen2.5 72B,66,79,0.8354430379746836,0.31396103365494354,52,False
qwen25_72b,Qwen2.5 72B,67,79,0.8481012658227848,0.28877310744597334,52,False
qwen25_72b,Qwen2.5 72B,68,79,0.8607594936708861,0.2662202670845926,52,False
qwen25_72b,Qwen2.5 72B,69,79,0.8734177215189873,0.2549617676069745,52,False
qwen25_72b,Qwen2.5 72B,70,79,0.8860759493670886,0.2649181911270815,52,False
qwen25_72b,Qwen2.5 72B,71,79,0.8987341772151899,0.25166121870811753,52,False
qwen25_72b,Qwen2.5 72B,72,79,0.9113924050632911,0.24252794196927405,52,False
qwen25_72b,Qwen2.5 72B,73,79,0.9240506329113924,0.22257523765368314,52,False
qwen25_72b,Qwen2.5 72B,74,79,0.9367088607594937,0.2055790640536243,52,False
qwen25_72b,Qwen2.5 72B,75,79,0.9493670886075949,0.1878037193189816,52,False
qwen25_72b,Qwen2.5 72B,76,79,0.9620253164556962,0.15673353920682603,52,False
qwen25_72b,Qwen2.5 72B,77,79,0.9746835443037974,0.1363546007485682,52,False
qwen25_72b,Qwen2.5 72B,78,79,0.9873417721518988,0.1451977322435781,52,False
qwen25_72b,Qwen2.5 72B,79,79,1.0,0.02299912068796335,52,False
